ID,Accession,UUID,Aliases,Subpool,Experiment,Main_tissue,Multiplexed_tissue,Samples,Donors,Lab,Award,Assay Term,Preferred Assay Title,Protocols,Sequencing Library Types,Summary,Taxa,Notes
/measurement-sets/IGVFDS4965OCLD/,IGVFDS4965OCLD,2cfd65d9-efdc-42b3-9b7a-484716209520,ali-mortazavi:003_67A_illumina,2,003,Cortex/Hippocampus,Heart,/multiplexed-samples/IGVFSM1298ZQQJ/,"/rodent-donors/IGVFDO2831PZHE/,/rodent-donors/IGVFDO5258MBVH/,/rodent-donors/IGVFDO9340WGNV/,/rodent-donors/IGVFDO6141KSSQ/,/rodent-donors/IGVFDO3640WUBU/,/rodent-donors/IGVFDO5085MJSP/,/rodent-donors/IGVFDO9202WGJZ/,/rodent-donors/IGVFDO9890MXGN/,/rodent-donors/IGVFDO5872DFML/,/rodent-donors/IGVFDO4469VYEZ/,/rodent-donors/IGVFDO7957DMLJ/,/rodent-donors/IGVFDO0624KKTV/,/rodent-donors/IGVFDO1452VDIT/,/rodent-donors/IGVFDO0813DZTW/,/rodent-donors/IGVFDO0751WQHI/,/rodent-donors/IGVFDO5183UZGS/,/rodent-donors/IGVFDO0696DMIA/,/rodent-donors/IGVFDO6112GRYR/,/rodent-donors/IGVFDO9510ILZG/,/rodent-donors/IGVFDO9142EUBJ/,/rodent-donors/IGVFDO3603MEIO/,/rodent-donors/IGVFDO7062NBTQ/,/rodent-donors/IGVFDO7255VZBN/,/rodent-donors/IGVFDO5737FRWD/,/rodent-donors/IGVFDO1477BPVO/,/rodent-donors/IGVFDO0681EHNP/,/rodent-donors/IGVFDO3436ZMLY/,/rodent-donors/IGVFDO3534MDFF/,/rodent-donors/IGVFDO4725SNCJ/,/rodent-donors/IGVFDO6607QZPA/,/rodent-donors/IGVFDO0853BCOL/,/rodent-donors/IGVFDO8958JQIY/,/rodent-donors/IGVFDO8904OIIT/,/rodent-donors/IGVFDO2645GUSC/,/rodent-donors/IGVFDO2319OUEC/,/rodent-donors/IGVFDO0026YRCR/,/rodent-donors/IGVFDO5523UFUN/,/rodent-donors/IGVFDO6219LVKW/,/rodent-donors/IGVFDO1643VEDI/,/rodent-donors/IGVFDO4707SGWM/,/rodent-donors/IGVFDO6066JIEJ/,/rodent-donors/IGVFDO0430HQIU/,/rodent-donors/IGVFDO2517TXOT/,/rodent-donors/IGVFDO5177QEWF/,/rodent-donors/IGVFDO7951JDSP/,/rodent-donors/IGVFDO2292YGGE/,/rodent-donors/IGVFDO2106EEWB/,/rodent-donors/IGVFDO7007WBAX/,/rodent-donors/IGVFDO8322VYDU/,/rodent-donors/IGVFDO6614NNPY/,/rodent-donors/IGVFDO9199TPBC/,/rodent-donors/IGVFDO9560CEGZ/,/rodent-donors/IGVFDO5539RLXJ/,/rodent-donors/IGVFDO7254QNQZ/,/rodent-donors/IGVFDO1744FDIX/,/rodent-donors/IGVFDO4788BIQB/,/rodent-donors/IGVFDO8152XDDC/,/rodent-donors/IGVFDO7610XXRR/,/rodent-donors/IGVFDO9374WXKK/,/rodent-donors/IGVFDO3655FKMR/,/rodent-donors/IGVFDO3662UKFW/,/rodent-donors/IGVFDO3207TERA/,/rodent-donors/IGVFDO2301HIUQ/,/rodent-donors/IGVFDO5502NJPS/,/rodent-donors/IGVFDO3762EAWT/",/labs/ali-mortazavi/,/awards/HG012077/,/assay-terms/OBI_0003109/,Parse SPLiT-seq,"https://www.protocols.io/view/evercode-single-index-pcr-5jyl82k9rl2w/v1, https://www.protocols.io/view/evercode-wt-mega-v2-2-1-8epv5xxrng1b/v1, https://www.protocols.io/view/protocol-to-isolate-and-fix-nuclei-from-flash-froz-dm6gp3zedvzp/v2, https://www.protocols.io/view/protocol-to-isolate-and-fix-nuclei-from-flash-froz-eq2lyj17rlx9/v1",mRNA enriched,single-nucleus RNA sequencing assay (Parse SPLiT-seq),Mus musculus,
/measurement-sets/IGVFDS9706CAUA/,IGVFDS9706CAUA,ae4851d4-be12-42aa-ba0f-6868d90d5bda,ali-mortazavi:003_67B_illumina,3,003,Cortex/Hippocampus,Heart,/multiplexed-samples/IGVFSM3444OJWO/,"/rodent-donors/IGVFDO2831PZHE/,/rodent-donors/IGVFDO5258MBVH/,/rodent-donors/IGVFDO9340WGNV/,/rodent-donors/IGVFDO6141KSSQ/,/rodent-donors/IGVFDO3640WUBU/,/rodent-donors/IGVFDO5085MJSP/,/rodent-donors/IGVFDO9202WGJZ/,/rodent-donors/IGVFDO9890MXGN/,/rodent-donors/IGVFDO5872DFML/,/rodent-donors/IGVFDO4469VYEZ/,/rodent-donors/IGVFDO7957DMLJ/,/rodent-donors/IGVFDO0624KKTV/,/rodent-donors/IGVFDO1452VDIT/,/rodent-donors/IGVFDO0813DZTW/,/rodent-donors/IGVFDO0751WQHI/,/rodent-donors/IGVFDO5183UZGS/,/rodent-donors/IGVFDO0696DMIA/,/rodent-donors/IGVFDO6112GRYR/,/rodent-donors/IGVFDO9510ILZG/,/rodent-donors/IGVFDO9142EUBJ/,/rodent-donors/IGVFDO3603MEIO/,/rodent-donors/IGVFDO7062NBTQ/,/rodent-donors/IGVFDO7255VZBN/,/rodent-donors/IGVFDO5737FRWD/,/rodent-donors/IGVFDO1477BPVO/,/rodent-donors/IGVFDO0681EHNP/,/rodent-donors/IGVFDO3436ZMLY/,/rodent-donors/IGVFDO3534MDFF/,/rodent-donors/IGVFDO4725SNCJ/,/rodent-donors/IGVFDO6607QZPA/,/rodent-donors/IGVFDO0853BCOL/,/rodent-donors/IGVFDO8958JQIY/,/rodent-donors/IGVFDO8904OIIT/,/rodent-donors/IGVFDO2645GUSC/,/rodent-donors/IGVFDO2319OUEC/,/rodent-donors/IGVFDO0026YRCR/,/rodent-donors/IGVFDO5523UFUN/,/rodent-donors/IGVFDO6219LVKW/,/rodent-donors/IGVFDO1643VEDI/,/rodent-donors/IGVFDO4707SGWM/,/rodent-donors/IGVFDO6066JIEJ/,/rodent-donors/IGVFDO0430HQIU/,/rodent-donors/IGVFDO2517TXOT/,/rodent-donors/IGVFDO5177QEWF/,/rodent-donors/IGVFDO7951JDSP/,/rodent-donors/IGVFDO2292YGGE/,/rodent-donors/IGVFDO2106EEWB/,/rodent-donors/IGVFDO7007WBAX/,/rodent-donors/IGVFDO8322VYDU/,/rodent-donors/IGVFDO6614NNPY/,/rodent-donors/IGVFDO9199TPBC/,/rodent-donors/IGVFDO9560CEGZ/,/rodent-donors/IGVFDO5539RLXJ/,/rodent-donors/IGVFDO7254QNQZ/,/rodent-donors/IGVFDO1744FDIX/,/rodent-donors/IGVFDO4788BIQB/,/rodent-donors/IGVFDO8152XDDC/,/rodent-donors/IGVFDO7610XXRR/,/rodent-donors/IGVFDO9374WXKK/,/rodent-donors/IGVFDO3655FKMR/,/rodent-donors/IGVFDO3662UKFW/,/rodent-donors/IGVFDO3207TERA/,/rodent-donors/IGVFDO2301HIUQ/,/rodent-donors/IGVFDO5502NJPS/,/rodent-donors/IGVFDO3762EAWT/",/labs/ali-mortazavi/,/awards/HG012077/,/assay-terms/OBI_0003109/,Parse SPLiT-seq,"https://www.protocols.io/view/evercode-single-index-pcr-5jyl82k9rl2w/v1, https://www.protocols.io/view/evercode-wt-mega-v2-2-1-8epv5xxrng1b/v1, https://www.protocols.io/view/protocol-to-isolate-and-fix-nuclei-from-flash-froz-dm6gp3zedvzp/v2, https://www.protocols.io/view/protocol-to-isolate-and-fix-nuclei-from-flash-froz-eq2lyj17rlx9/v1",mRNA enriched,single-nucleus RNA sequencing assay (Parse SPLiT-seq),Mus musculus,
/measurement-sets/IGVFDS8787HYOO/,IGVFDS8787HYOO,1cbcd7cc-d014-400f-8ec3-be7de0f9ec71,ali-mortazavi:003_67C_illumina,4,003,Cortex/Hippocampus,Heart,/multiplexed-samples/IGVFSM3993FZVR/,"/rodent-donors/IGVFDO2831PZHE/,/rodent-donors/IGVFDO5258MBVH/,/rodent-donors/IGVFDO9340WGNV/,/rodent-donors/IGVFDO6141KSSQ/,/rodent-donors/IGVFDO3640WUBU/,/rodent-donors/IGVFDO5085MJSP/,/rodent-donors/IGVFDO9202WGJZ/,/rodent-donors/IGVFDO9890MXGN/,/rodent-donors/IGVFDO5872DFML/,/rodent-donors/IGVFDO4469VYEZ/,/rodent-donors/IGVFDO7957DMLJ/,/rodent-donors/IGVFDO0624KKTV/,/rodent-donors/IGVFDO1452VDIT/,/rodent-donors/IGVFDO0813DZTW/,/rodent-donors/IGVFDO0751WQHI/,/rodent-donors/IGVFDO5183UZGS/,/rodent-donors/IGVFDO0696DMIA/,/rodent-donors/IGVFDO6112GRYR/,/rodent-donors/IGVFDO9510ILZG/,/rodent-donors/IGVFDO9142EUBJ/,/rodent-donors/IGVFDO3603MEIO/,/rodent-donors/IGVFDO7062NBTQ/,/rodent-donors/IGVFDO7255VZBN/,/rodent-donors/IGVFDO5737FRWD/,/rodent-donors/IGVFDO1477BPVO/,/rodent-donors/IGVFDO0681EHNP/,/rodent-donors/IGVFDO3436ZMLY/,/rodent-donors/IGVFDO3534MDFF/,/rodent-donors/IGVFDO4725SNCJ/,/rodent-donors/IGVFDO6607QZPA/,/rodent-donors/IGVFDO0853BCOL/,/rodent-donors/IGVFDO8958JQIY/,/rodent-donors/IGVFDO8904OIIT/,/rodent-donors/IGVFDO2645GUSC/,/rodent-donors/IGVFDO2319OUEC/,/rodent-donors/IGVFDO0026YRCR/,/rodent-donors/IGVFDO5523UFUN/,/rodent-donors/IGVFDO6219LVKW/,/rodent-donors/IGVFDO1643VEDI/,/rodent-donors/IGVFDO4707SGWM/,/rodent-donors/IGVFDO6066JIEJ/,/rodent-donors/IGVFDO0430HQIU/,/rodent-donors/IGVFDO2517TXOT/,/rodent-donors/IGVFDO5177QEWF/,/rodent-donors/IGVFDO7951JDSP/,/rodent-donors/IGVFDO2292YGGE/,/rodent-donors/IGVFDO2106EEWB/,/rodent-donors/IGVFDO7007WBAX/,/rodent-donors/IGVFDO8322VYDU/,/rodent-donors/IGVFDO6614NNPY/,/rodent-donors/IGVFDO9199TPBC/,/rodent-donors/IGVFDO9560CEGZ/,/rodent-donors/IGVFDO5539RLXJ/,/rodent-donors/IGVFDO7254QNQZ/,/rodent-donors/IGVFDO1744FDIX/,/rodent-donors/IGVFDO4788BIQB/,/rodent-donors/IGVFDO8152XDDC/,/rodent-donors/IGVFDO7610XXRR/,/rodent-donors/IGVFDO9374WXKK/,/rodent-donors/IGVFDO3655FKMR/,/rodent-donors/IGVFDO3662UKFW/,/rodent-donors/IGVFDO3207TERA/,/rodent-donors/IGVFDO2301HIUQ/,/rodent-donors/IGVFDO5502NJPS/,/rodent-donors/IGVFDO3762EAWT/",/labs/ali-mortazavi/,/awards/HG012077/,/assay-terms/OBI_0003109/,Parse SPLiT-seq,"https://www.protocols.io/view/evercode-single-index-pcr-5jyl82k9rl2w/v1, https://www.protocols.io/view/evercode-wt-mega-v2-2-1-8epv5xxrng1b/v1, https://www.protocols.io/view/protocol-to-isolate-and-fix-nuclei-from-flash-froz-dm6gp3zedvzp/v2, https://www.protocols.io/view/protocol-to-isolate-and-fix-nuclei-from-flash-froz-eq2lyj17rlx9/v1",mRNA enriched,single-nucleus RNA sequencing assay (Parse SPLiT-seq),Mus musculus,
/measurement-sets/IGVFDS6024VDGR/,IGVFDS6024VDGR,db34a9bb-2f5d-493d-a839-1a8a0bb02fa9,ali-mortazavi:003_67D_illumina,5,003,Cortex/Hippocampus,Heart,/multiplexed-samples/IGVFSM7196RKKS/,"/rodent-donors/IGVFDO2831PZHE/,/rodent-donors/IGVFDO5258MBVH/,/rodent-donors/IGVFDO9340WGNV/,/rodent-donors/IGVFDO6141KSSQ/,/rodent-donors/IGVFDO3640WUBU/,/rodent-donors/IGVFDO5085MJSP/,/rodent-donors/IGVFDO9202WGJZ/,/rodent-donors/IGVFDO9890MXGN/,/rodent-donors/IGVFDO5872DFML/,/rodent-donors/IGVFDO4469VYEZ/,/rodent-donors/IGVFDO7957DMLJ/,/rodent-donors/IGVFDO0624KKTV/,/rodent-donors/IGVFDO1452VDIT/,/rodent-donors/IGVFDO0813DZTW/,/rodent-donors/IGVFDO0751WQHI/,/rodent-donors/IGVFDO5183UZGS/,/rodent-donors/IGVFDO0696DMIA/,/rodent-donors/IGVFDO6112GRYR/,/rodent-donors/IGVFDO9510ILZG/,/rodent-donors/IGVFDO9142EUBJ/,/rodent-donors/IGVFDO3603MEIO/,/rodent-donors/IGVFDO7062NBTQ/,/rodent-donors/IGVFDO7255VZBN/,/rodent-donors/IGVFDO5737FRWD/,/rodent-donors/IGVFDO1477BPVO/,/rodent-donors/IGVFDO0681EHNP/,/rodent-donors/IGVFDO3436ZMLY/,/rodent-donors/IGVFDO3534MDFF/,/rodent-donors/IGVFDO4725SNCJ/,/rodent-donors/IGVFDO6607QZPA/,/rodent-donors/IGVFDO0853BCOL/,/rodent-donors/IGVFDO8958JQIY/,/rodent-donors/IGVFDO8904OIIT/,/rodent-donors/IGVFDO2645GUSC/,/rodent-donors/IGVFDO2319OUEC/,/rodent-donors/IGVFDO0026YRCR/,/rodent-donors/IGVFDO5523UFUN/,/rodent-donors/IGVFDO6219LVKW/,/rodent-donors/IGVFDO1643VEDI/,/rodent-donors/IGVFDO4707SGWM/,/rodent-donors/IGVFDO6066JIEJ/,/rodent-donors/IGVFDO0430HQIU/,/rodent-donors/IGVFDO2517TXOT/,/rodent-donors/IGVFDO5177QEWF/,/rodent-donors/IGVFDO7951JDSP/,/rodent-donors/IGVFDO2292YGGE/,/rodent-donors/IGVFDO2106EEWB/,/rodent-donors/IGVFDO7007WBAX/,/rodent-donors/IGVFDO8322VYDU/,/rodent-donors/IGVFDO6614NNPY/,/rodent-donors/IGVFDO9199TPBC/,/rodent-donors/IGVFDO9560CEGZ/,/rodent-donors/IGVFDO5539RLXJ/,/rodent-donors/IGVFDO7254QNQZ/,/rodent-donors/IGVFDO1744FDIX/,/rodent-donors/IGVFDO4788BIQB/,/rodent-donors/IGVFDO8152XDDC/,/rodent-donors/IGVFDO7610XXRR/,/rodent-donors/IGVFDO9374WXKK/,/rodent-donors/IGVFDO3655FKMR/,/rodent-donors/IGVFDO3662UKFW/,/rodent-donors/IGVFDO3207TERA/,/rodent-donors/IGVFDO2301HIUQ/,/rodent-donors/IGVFDO5502NJPS/,/rodent-donors/IGVFDO3762EAWT/",/labs/ali-mortazavi/,/awards/HG012077/,/assay-terms/OBI_0003109/,Parse SPLiT-seq,"https://www.protocols.io/view/evercode-single-index-pcr-5jyl82k9rl2w/v1, https://www.protocols.io/view/evercode-wt-mega-v2-2-1-8epv5xxrng1b/v1, https://www.protocols.io/view/protocol-to-isolate-and-fix-nuclei-from-flash-froz-dm6gp3zedvzp/v2, https://www.protocols.io/view/protocol-to-isolate-and-fix-nuclei-from-flash-froz-eq2lyj17rlx9/v1",mRNA enriched,single-nucleus RNA sequencing assay (Parse SPLiT-seq),Mus musculus,
/measurement-sets/IGVFDS7547GPOE/,IGVFDS7547GPOE,81904b2d-5f19-472b-ae4d-cbd952944480,ali-mortazavi:003_67E_illumina,6,003,Cortex/Hippocampus,Heart,/multiplexed-samples/IGVFSM7188KCJN/,"/rodent-donors/IGVFDO4469VYEZ/,/rodent-donors/IGVFDO6066JIEJ/,/rodent-donors/IGVFDO1477BPVO/,/rodent-donors/IGVFDO2106EEWB/,/rodent-donors/IGVFDO0813DZTW/,/rodent-donors/IGVFDO5183UZGS/,/rodent-donors/IGVFDO2301HIUQ/,/rodent-donors/IGVFDO4707SGWM/,/rodent-donors/IGVFDO2319OUEC/,/rodent-donors/IGVFDO2645GUSC/,/rodent-donors/IGVFDO3534MDFF/,/rodent-donors/IGVFDO2831PZHE/,/rodent-donors/IGVFDO5177QEWF/,/rodent-donors/IGVFDO7957DMLJ/,/rodent-donors/IGVFDO4725SNCJ/,/rodent-donors/IGVFDO7254QNQZ/,/rodent-donors/IGVFDO9142EUBJ/,/rodent-donors/IGVFDO1643VEDI/,/rodent-donors/IGVFDO9340WGNV/,/rodent-donors/IGVFDO9560CEGZ/,/rodent-donors/IGVFDO0681EHNP/,/rodent-donors/IGVFDO7007WBAX/,/rodent-donors/IGVFDO7255VZBN/,/rodent-donors/IGVFDO9374WXKK/,/rodent-donors/IGVFDO8322VYDU/,/rodent-donors/IGVFDO5502NJPS/,/rodent-donors/IGVFDO5085MJSP/,/rodent-donors/IGVFDO4788BIQB/,/rodent-donors/IGVFDO5523UFUN/,/rodent-donors/IGVFDO6607QZPA/,/rodent-donors/IGVFDO7610XXRR/,/rodent-donors/IGVFDO8904OIIT/,/rodent-donors/IGVFDO1744FDIX/,/rodent-donors/IGVFDO3436ZMLY/,/rodent-donors/IGVFDO3655FKMR/,/rodent-donors/IGVFDO9202WGJZ/,/rodent-donors/IGVFDO2292YGGE/,/rodent-donors/IGVFDO9510ILZG/,/rodent-donors/IGVFDO7062NBTQ/,/rodent-donors/IGVFDO3603MEIO/,/rodent-donors/IGVFDO9199TPBC/,/rodent-donors/IGVFDO0751WQHI/,/rodent-donors/IGVFDO6112GRYR/,/rodent-donors/IGVFDO1452VDIT/,/rodent-donors/IGVFDO6141KSSQ/,/rodent-donors/IGVFDO2517TXOT/,/rodent-donors/IGVFDO7951JDSP/,/rodent-donors/IGVFDO8152XDDC/,/rodent-donors/IGVFDO5539RLXJ/,/rodent-donors/IGVFDO0853BCOL/,/rodent-donors/IGVFDO0696DMIA/,/rodent-donors/IGVFDO8958JQIY/,/rodent-donors/IGVFDO0624KKTV/,/rodent-donors/IGVFDO3762EAWT/,/rodent-donors/IGVFDO6219LVKW/,/rodent-donors/IGVFDO0026YRCR/,/rodent-donors/IGVFDO3207TERA/,/rodent-donors/IGVFDO5872DFML/,/rodent-donors/IGVFDO5737FRWD/,/rodent-donors/IGVFDO6614NNPY/,/rodent-donors/IGVFDO9890MXGN/,/rodent-donors/IGVFDO0430HQIU/,/rodent-donors/IGVFDO5258MBVH/,/rodent-donors/IGVFDO3662UKFW/,/rodent-donors/IGVFDO3640WUBU/",/labs/ali-mortazavi/,/awards/HG012077/,/assay-terms/OBI_0003109/,Parse SPLiT-seq,"https://www.protocols.io/view/evercode-single-index-pcr-5jyl82k9rl2w/v1, https://www.protocols.io/view/evercode-wt-mega-v2-2-1-8epv5xxrng1b/v1, https://www.protocols.io/view/protocol-to-isolate-and-fix-nuclei-from-flash-froz-dm6gp3zedvzp/v2, https://www.protocols.io/view/protocol-to-isolate-and-fix-nuclei-from-flash-froz-eq2lyj17rlx9/v1",mRNA enriched,single-nucleus RNA sequencing assay (Parse SPLiT-seq),Mus musculus,
/measurement-sets/IGVFDS2690TFKE/,IGVFDS2690TFKE,4faef53d-50b4-4fc1-bfc4-dd34e8e2bce6,ali-mortazavi:003_67F_illumina,7,003,Cortex/Hippocampus,Heart,/multiplexed-samples/IGVFSM4738CNKS/,"/rodent-donors/IGVFDO2831PZHE/,/rodent-donors/IGVFDO5258MBVH/,/rodent-donors/IGVFDO9340WGNV/,/rodent-donors/IGVFDO6141KSSQ/,/rodent-donors/IGVFDO3640WUBU/,/rodent-donors/IGVFDO5085MJSP/,/rodent-donors/IGVFDO9202WGJZ/,/rodent-donors/IGVFDO9890MXGN/,/rodent-donors/IGVFDO5872DFML/,/rodent-donors/IGVFDO4469VYEZ/,/rodent-donors/IGVFDO7957DMLJ/,/rodent-donors/IGVFDO0624KKTV/,/rodent-donors/IGVFDO1452VDIT/,/rodent-donors/IGVFDO0813DZTW/,/rodent-donors/IGVFDO0751WQHI/,/rodent-donors/IGVFDO5183UZGS/,/rodent-donors/IGVFDO0696DMIA/,/rodent-donors/IGVFDO6112GRYR/,/rodent-donors/IGVFDO9510ILZG/,/rodent-donors/IGVFDO9142EUBJ/,/rodent-donors/IGVFDO3603MEIO/,/rodent-donors/IGVFDO7062NBTQ/,/rodent-donors/IGVFDO7255VZBN/,/rodent-donors/IGVFDO5737FRWD/,/rodent-donors/IGVFDO1477BPVO/,/rodent-donors/IGVFDO0681EHNP/,/rodent-donors/IGVFDO3436ZMLY/,/rodent-donors/IGVFDO3534MDFF/,/rodent-donors/IGVFDO4725SNCJ/,/rodent-donors/IGVFDO6607QZPA/,/rodent-donors/IGVFDO0853BCOL/,/rodent-donors/IGVFDO8958JQIY/,/rodent-donors/IGVFDO8904OIIT/,/rodent-donors/IGVFDO2645GUSC/,/rodent-donors/IGVFDO2319OUEC/,/rodent-donors/IGVFDO0026YRCR/,/rodent-donors/IGVFDO5523UFUN/,/rodent-donors/IGVFDO6219LVKW/,/rodent-donors/IGVFDO1643VEDI/,/rodent-donors/IGVFDO4707SGWM/,/rodent-donors/IGVFDO6066JIEJ/,/rodent-donors/IGVFDO0430HQIU/,/rodent-donors/IGVFDO2517TXOT/,/rodent-donors/IGVFDO5177QEWF/,/rodent-donors/IGVFDO7951JDSP/,/rodent-donors/IGVFDO2292YGGE/,/rodent-donors/IGVFDO2106EEWB/,/rodent-donors/IGVFDO7007WBAX/,/rodent-donors/IGVFDO8322VYDU/,/rodent-donors/IGVFDO6614NNPY/,/rodent-donors/IGVFDO9199TPBC/,/rodent-donors/IGVFDO9560CEGZ/,/rodent-donors/IGVFDO5539RLXJ/,/rodent-donors/IGVFDO7254QNQZ/,/rodent-donors/IGVFDO1744FDIX/,/rodent-donors/IGVFDO4788BIQB/,/rodent-donors/IGVFDO8152XDDC/,/rodent-donors/IGVFDO7610XXRR/,/rodent-donors/IGVFDO9374WXKK/,/rodent-donors/IGVFDO3655FKMR/,/rodent-donors/IGVFDO3662UKFW/,/rodent-donors/IGVFDO3207TERA/,/rodent-donors/IGVFDO2301HIUQ/,/rodent-donors/IGVFDO5502NJPS/,/rodent-donors/IGVFDO3762EAWT/",/labs/ali-mortazavi/,/awards/HG012077/,/assay-terms/OBI_0003109/,Parse SPLiT-seq,"https://www.protocols.io/view/evercode-single-index-pcr-5jyl82k9rl2w/v1, https://www.protocols.io/view/evercode-wt-mega-v2-2-1-8epv5xxrng1b/v1, https://www.protocols.io/view/protocol-to-isolate-and-fix-nuclei-from-flash-froz-dm6gp3zedvzp/v2, https://www.protocols.io/view/protocol-to-isolate-and-fix-nuclei-from-flash-froz-eq2lyj17rlx9/v1",mRNA enriched,single-nucleus RNA sequencing assay (Parse SPLiT-seq),Mus musculus,
/measurement-sets/IGVFDS9312DVIC/,IGVFDS9312DVIC,f17980f0-7afe-4090-a8c4-93a5726b12fb,ali-mortazavi:003_67G_illumina,8,003,Cortex/Hippocampus,Heart,/multiplexed-samples/IGVFSM4898FQBP/,"/rodent-donors/IGVFDO2831PZHE/,/rodent-donors/IGVFDO5258MBVH/,/rodent-donors/IGVFDO9340WGNV/,/rodent-donors/IGVFDO6141KSSQ/,/rodent-donors/IGVFDO3640WUBU/,/rodent-donors/IGVFDO5085MJSP/,/rodent-donors/IGVFDO9202WGJZ/,/rodent-donors/IGVFDO9890MXGN/,/rodent-donors/IGVFDO5872DFML/,/rodent-donors/IGVFDO4469VYEZ/,/rodent-donors/IGVFDO7957DMLJ/,/rodent-donors/IGVFDO0624KKTV/,/rodent-donors/IGVFDO1452VDIT/,/rodent-donors/IGVFDO0813DZTW/,/rodent-donors/IGVFDO0751WQHI/,/rodent-donors/IGVFDO5183UZGS/,/rodent-donors/IGVFDO0696DMIA/,/rodent-donors/IGVFDO6112GRYR/,/rodent-donors/IGVFDO9510ILZG/,/rodent-donors/IGVFDO9142EUBJ/,/rodent-donors/IGVFDO3603MEIO/,/rodent-donors/IGVFDO7062NBTQ/,/rodent-donors/IGVFDO7255VZBN/,/rodent-donors/IGVFDO5737FRWD/,/rodent-donors/IGVFDO1477BPVO/,/rodent-donors/IGVFDO0681EHNP/,/rodent-donors/IGVFDO3436ZMLY/,/rodent-donors/IGVFDO3534MDFF/,/rodent-donors/IGVFDO4725SNCJ/,/rodent-donors/IGVFDO6607QZPA/,/rodent-donors/IGVFDO0853BCOL/,/rodent-donors/IGVFDO8958JQIY/,/rodent-donors/IGVFDO8904OIIT/,/rodent-donors/IGVFDO2645GUSC/,/rodent-donors/IGVFDO2319OUEC/,/rodent-donors/IGVFDO0026YRCR/,/rodent-donors/IGVFDO5523UFUN/,/rodent-donors/IGVFDO6219LVKW/,/rodent-donors/IGVFDO1643VEDI/,/rodent-donors/IGVFDO4707SGWM/,/rodent-donors/IGVFDO6066JIEJ/,/rodent-donors/IGVFDO0430HQIU/,/rodent-donors/IGVFDO2517TXOT/,/rodent-donors/IGVFDO5177QEWF/,/rodent-donors/IGVFDO7951JDSP/,/rodent-donors/IGVFDO2292YGGE/,/rodent-donors/IGVFDO2106EEWB/,/rodent-donors/IGVFDO7007WBAX/,/rodent-donors/IGVFDO8322VYDU/,/rodent-donors/IGVFDO6614NNPY/,/rodent-donors/IGVFDO9199TPBC/,/rodent-donors/IGVFDO9560CEGZ/,/rodent-donors/IGVFDO5539RLXJ/,/rodent-donors/IGVFDO7254QNQZ/,/rodent-donors/IGVFDO1744FDIX/,/rodent-donors/IGVFDO4788BIQB/,/rodent-donors/IGVFDO8152XDDC/,/rodent-donors/IGVFDO7610XXRR/,/rodent-donors/IGVFDO9374WXKK/,/rodent-donors/IGVFDO3655FKMR/,/rodent-donors/IGVFDO3662UKFW/,/rodent-donors/IGVFDO3207TERA/,/rodent-donors/IGVFDO2301HIUQ/,/rodent-donors/IGVFDO5502NJPS/,/rodent-donors/IGVFDO3762EAWT/",/labs/ali-mortazavi/,/awards/HG012077/,/assay-terms/OBI_0003109/,Parse SPLiT-seq,"https://www.protocols.io/view/evercode-single-index-pcr-5jyl82k9rl2w/v1, https://www.protocols.io/view/evercode-wt-mega-v2-2-1-8epv5xxrng1b/v1, https://www.protocols.io/view/protocol-to-isolate-and-fix-nuclei-from-flash-froz-dm6gp3zedvzp/v2, https://www.protocols.io/view/protocol-to-isolate-and-fix-nuclei-from-flash-froz-eq2lyj17rlx9/v1",mRNA enriched,single-nucleus RNA sequencing assay (Parse SPLiT-seq),Mus musculus,
/measurement-sets/IGVFDS1440FXHP/,IGVFDS1440FXHP,583312f7-2ca7-4304-bc63-513d8b862e45,ali-mortazavi:003_67H_illumina,9,003,Cortex/Hippocampus,Heart,/multiplexed-samples/IGVFSM9608FEZN/,"/rodent-donors/IGVFDO4469VYEZ/,/rodent-donors/IGVFDO6066JIEJ/,/rodent-donors/IGVFDO1477BPVO/,/rodent-donors/IGVFDO2106EEWB/,/rodent-donors/IGVFDO0813DZTW/,/rodent-donors/IGVFDO5183UZGS/,/rodent-donors/IGVFDO2301HIUQ/,/rodent-donors/IGVFDO4707SGWM/,/rodent-donors/IGVFDO2319OUEC/,/rodent-donors/IGVFDO2645GUSC/,/rodent-donors/IGVFDO3534MDFF/,/rodent-donors/IGVFDO2831PZHE/,/rodent-donors/IGVFDO5177QEWF/,/rodent-donors/IGVFDO7957DMLJ/,/rodent-donors/IGVFDO4725SNCJ/,/rodent-donors/IGVFDO7254QNQZ/,/rodent-donors/IGVFDO9142EUBJ/,/rodent-donors/IGVFDO1643VEDI/,/rodent-donors/IGVFDO9340WGNV/,/rodent-donors/IGVFDO9560CEGZ/,/rodent-donors/IGVFDO0681EHNP/,/rodent-donors/IGVFDO7007WBAX/,/rodent-donors/IGVFDO7255VZBN/,/rodent-donors/IGVFDO9374WXKK/,/rodent-donors/IGVFDO8322VYDU/,/rodent-donors/IGVFDO5502NJPS/,/rodent-donors/IGVFDO5085MJSP/,/rodent-donors/IGVFDO4788BIQB/,/rodent-donors/IGVFDO5523UFUN/,/rodent-donors/IGVFDO6607QZPA/,/rodent-donors/IGVFDO7610XXRR/,/rodent-donors/IGVFDO8904OIIT/,/rodent-donors/IGVFDO1744FDIX/,/rodent-donors/IGVFDO3436ZMLY/,/rodent-donors/IGVFDO3655FKMR/,/rodent-donors/IGVFDO9202WGJZ/,/rodent-donors/IGVFDO2292YGGE/,/rodent-donors/IGVFDO9510ILZG/,/rodent-donors/IGVFDO7062NBTQ/,/rodent-donors/IGVFDO3603MEIO/,/rodent-donors/IGVFDO9199TPBC/,/rodent-donors/IGVFDO0751WQHI/,/rodent-donors/IGVFDO6112GRYR/,/rodent-donors/IGVFDO1452VDIT/,/rodent-donors/IGVFDO6141KSSQ/,/rodent-donors/IGVFDO2517TXOT/,/rodent-donors/IGVFDO7951JDSP/,/rodent-donors/IGVFDO8152XDDC/,/rodent-donors/IGVFDO5539RLXJ/,/rodent-donors/IGVFDO0853BCOL/,/rodent-donors/IGVFDO0696DMIA/,/rodent-donors/IGVFDO8958JQIY/,/rodent-donors/IGVFDO0624KKTV/,/rodent-donors/IGVFDO3762EAWT/,/rodent-donors/IGVFDO6219LVKW/,/rodent-donors/IGVFDO0026YRCR/,/rodent-donors/IGVFDO3207TERA/,/rodent-donors/IGVFDO5872DFML/,/rodent-donors/IGVFDO5737FRWD/,/rodent-donors/IGVFDO6614NNPY/,/rodent-donors/IGVFDO9890MXGN/,/rodent-donors/IGVFDO0430HQIU/,/rodent-donors/IGVFDO5258MBVH/,/rodent-donors/IGVFDO3662UKFW/,/rodent-donors/IGVFDO3640WUBU/",/labs/ali-mortazavi/,/awards/HG012077/,/assay-terms/OBI_0003109/,Parse SPLiT-seq,"https://www.protocols.io/view/evercode-single-index-pcr-5jyl82k9rl2w/v1, https://www.protocols.io/view/evercode-wt-mega-v2-2-1-8epv5xxrng1b/v1, https://www.protocols.io/view/protocol-to-isolate-and-fix-nuclei-from-flash-froz-dm6gp3zedvzp/v2, https://www.protocols.io/view/protocol-to-isolate-and-fix-nuclei-from-flash-froz-eq2lyj17rlx9/v1",mRNA enriched,single-nucleus RNA sequencing assay (Parse SPLiT-seq),Mus musculus,
/measurement-sets/IGVFDS7956QADX/,IGVFDS7956QADX,427abfcf-8339-4fb1-b8ca-f15a94ea0aed,ali-mortazavi:003_67I_illumina,10,003,Cortex/Hippocampus,Heart,/multiplexed-samples/IGVFSM6442ZRET/,"/rodent-donors/IGVFDO2831PZHE/,/rodent-donors/IGVFDO5258MBVH/,/rodent-donors/IGVFDO9340WGNV/,/rodent-donors/IGVFDO6141KSSQ/,/rodent-donors/IGVFDO3640WUBU/,/rodent-donors/IGVFDO5085MJSP/,/rodent-donors/IGVFDO9202WGJZ/,/rodent-donors/IGVFDO9890MXGN/,/rodent-donors/IGVFDO5872DFML/,/rodent-donors/IGVFDO4469VYEZ/,/rodent-donors/IGVFDO7957DMLJ/,/rodent-donors/IGVFDO0624KKTV/,/rodent-donors/IGVFDO1452VDIT/,/rodent-donors/IGVFDO0813DZTW/,/rodent-donors/IGVFDO0751WQHI/,/rodent-donors/IGVFDO5183UZGS/,/rodent-donors/IGVFDO0696DMIA/,/rodent-donors/IGVFDO6112GRYR/,/rodent-donors/IGVFDO9510ILZG/,/rodent-donors/IGVFDO9142EUBJ/,/rodent-donors/IGVFDO3603MEIO/,/rodent-donors/IGVFDO7062NBTQ/,/rodent-donors/IGVFDO7255VZBN/,/rodent-donors/IGVFDO5737FRWD/,/rodent-donors/IGVFDO1477BPVO/,/rodent-donors/IGVFDO0681EHNP/,/rodent-donors/IGVFDO3436ZMLY/,/rodent-donors/IGVFDO3534MDFF/,/rodent-donors/IGVFDO4725SNCJ/,/rodent-donors/IGVFDO6607QZPA/,/rodent-donors/IGVFDO0853BCOL/,/rodent-donors/IGVFDO8958JQIY/,/rodent-donors/IGVFDO8904OIIT/,/rodent-donors/IGVFDO2645GUSC/,/rodent-donors/IGVFDO2319OUEC/,/rodent-donors/IGVFDO0026YRCR/,/rodent-donors/IGVFDO5523UFUN/,/rodent-donors/IGVFDO6219LVKW/,/rodent-donors/IGVFDO1643VEDI/,/rodent-donors/IGVFDO4707SGWM/,/rodent-donors/IGVFDO6066JIEJ/,/rodent-donors/IGVFDO0430HQIU/,/rodent-donors/IGVFDO2517TXOT/,/rodent-donors/IGVFDO5177QEWF/,/rodent-donors/IGVFDO7951JDSP/,/rodent-donors/IGVFDO2292YGGE/,/rodent-donors/IGVFDO2106EEWB/,/rodent-donors/IGVFDO7007WBAX/,/rodent-donors/IGVFDO8322VYDU/,/rodent-donors/IGVFDO6614NNPY/,/rodent-donors/IGVFDO9199TPBC/,/rodent-donors/IGVFDO9560CEGZ/,/rodent-donors/IGVFDO5539RLXJ/,/rodent-donors/IGVFDO7254QNQZ/,/rodent-donors/IGVFDO1744FDIX/,/rodent-donors/IGVFDO4788BIQB/,/rodent-donors/IGVFDO8152XDDC/,/rodent-donors/IGVFDO7610XXRR/,/rodent-donors/IGVFDO9374WXKK/,/rodent-donors/IGVFDO3655FKMR/,/rodent-donors/IGVFDO3662UKFW/,/rodent-donors/IGVFDO3207TERA/,/rodent-donors/IGVFDO2301HIUQ/,/rodent-donors/IGVFDO5502NJPS/,/rodent-donors/IGVFDO3762EAWT/",/labs/ali-mortazavi/,/awards/HG012077/,/assay-terms/OBI_0003109/,Parse SPLiT-seq,"https://www.protocols.io/view/evercode-single-index-pcr-5jyl82k9rl2w/v1, https://www.protocols.io/view/evercode-wt-mega-v2-2-1-8epv5xxrng1b/v1, https://www.protocols.io/view/protocol-to-isolate-and-fix-nuclei-from-flash-froz-dm6gp3zedvzp/v2, https://www.protocols.io/view/protocol-to-isolate-and-fix-nuclei-from-flash-froz-eq2lyj17rlx9/v1",mRNA enriched,single-nucleus RNA sequencing assay (Parse SPLiT-seq),Mus musculus,
/measurement-sets/IGVFDS6875UROA/,IGVFDS6875UROA,0fa70646-a1c1-44b8-bd76-d07809864cae,ali-mortazavi:003_67J_illumina,11,003,Cortex/Hippocampus,Heart,/multiplexed-samples/IGVFSM1417ZHSW/,"/rodent-donors/IGVFDO2831PZHE/,/rodent-donors/IGVFDO5258MBVH/,/rodent-donors/IGVFDO9340WGNV/,/rodent-donors/IGVFDO6141KSSQ/,/rodent-donors/IGVFDO3640WUBU/,/rodent-donors/IGVFDO5085MJSP/,/rodent-donors/IGVFDO9202WGJZ/,/rodent-donors/IGVFDO9890MXGN/,/rodent-donors/IGVFDO5872DFML/,/rodent-donors/IGVFDO4469VYEZ/,/rodent-donors/IGVFDO7957DMLJ/,/rodent-donors/IGVFDO0624KKTV/,/rodent-donors/IGVFDO1452VDIT/,/rodent-donors/IGVFDO0813DZTW/,/rodent-donors/IGVFDO0751WQHI/,/rodent-donors/IGVFDO5183UZGS/,/rodent-donors/IGVFDO0696DMIA/,/rodent-donors/IGVFDO6112GRYR/,/rodent-donors/IGVFDO9510ILZG/,/rodent-donors/IGVFDO9142EUBJ/,/rodent-donors/IGVFDO3603MEIO/,/rodent-donors/IGVFDO7062NBTQ/,/rodent-donors/IGVFDO7255VZBN/,/rodent-donors/IGVFDO5737FRWD/,/rodent-donors/IGVFDO1477BPVO/,/rodent-donors/IGVFDO0681EHNP/,/rodent-donors/IGVFDO3436ZMLY/,/rodent-donors/IGVFDO3534MDFF/,/rodent-donors/IGVFDO4725SNCJ/,/rodent-donors/IGVFDO6607QZPA/,/rodent-donors/IGVFDO0853BCOL/,/rodent-donors/IGVFDO8958JQIY/,/rodent-donors/IGVFDO8904OIIT/,/rodent-donors/IGVFDO2645GUSC/,/rodent-donors/IGVFDO2319OUEC/,/rodent-donors/IGVFDO0026YRCR/,/rodent-donors/IGVFDO5523UFUN/,/rodent-donors/IGVFDO6219LVKW/,/rodent-donors/IGVFDO1643VEDI/,/rodent-donors/IGVFDO4707SGWM/,/rodent-donors/IGVFDO6066JIEJ/,/rodent-donors/IGVFDO0430HQIU/,/rodent-donors/IGVFDO2517TXOT/,/rodent-donors/IGVFDO5177QEWF/,/rodent-donors/IGVFDO7951JDSP/,/rodent-donors/IGVFDO2292YGGE/,/rodent-donors/IGVFDO2106EEWB/,/rodent-donors/IGVFDO7007WBAX/,/rodent-donors/IGVFDO8322VYDU/,/rodent-donors/IGVFDO6614NNPY/,/rodent-donors/IGVFDO9199TPBC/,/rodent-donors/IGVFDO9560CEGZ/,/rodent-donors/IGVFDO5539RLXJ/,/rodent-donors/IGVFDO7254QNQZ/,/rodent-donors/IGVFDO1744FDIX/,/rodent-donors/IGVFDO4788BIQB/,/rodent-donors/IGVFDO8152XDDC/,/rodent-donors/IGVFDO7610XXRR/,/rodent-donors/IGVFDO9374WXKK/,/rodent-donors/IGVFDO3655FKMR/,/rodent-donors/IGVFDO3662UKFW/,/rodent-donors/IGVFDO3207TERA/,/rodent-donors/IGVFDO2301HIUQ/,/rodent-donors/IGVFDO5502NJPS/,/rodent-donors/IGVFDO3762EAWT/",/labs/ali-mortazavi/,/awards/HG012077/,/assay-terms/OBI_0003109/,Parse SPLiT-seq,"https://www.protocols.io/view/evercode-single-index-pcr-5jyl82k9rl2w/v1, https://www.protocols.io/view/evercode-wt-mega-v2-2-1-8epv5xxrng1b/v1, https://www.protocols.io/view/protocol-to-isolate-and-fix-nuclei-from-flash-froz-dm6gp3zedvzp/v2, https://www.protocols.io/view/protocol-to-isolate-and-fix-nuclei-from-flash-froz-eq2lyj17rlx9/v1",mRNA enriched,single-nucleus RNA sequencing assay (Parse SPLiT-seq),Mus musculus,
/measurement-sets/IGVFDS9566NPOH/,IGVFDS9566NPOH,72f3a519-b34f-4eed-9e40-1aacded12509,ali-mortazavi:003_67K_illumina,12,003,Cortex/Hippocampus,Heart,/multiplexed-samples/IGVFSM9129KRNY/,"/rodent-donors/IGVFDO2831PZHE/,/rodent-donors/IGVFDO5258MBVH/,/rodent-donors/IGVFDO9340WGNV/,/rodent-donors/IGVFDO6141KSSQ/,/rodent-donors/IGVFDO3640WUBU/,/rodent-donors/IGVFDO5085MJSP/,/rodent-donors/IGVFDO9202WGJZ/,/rodent-donors/IGVFDO9890MXGN/,/rodent-donors/IGVFDO5872DFML/,/rodent-donors/IGVFDO4469VYEZ/,/rodent-donors/IGVFDO7957DMLJ/,/rodent-donors/IGVFDO0624KKTV/,/rodent-donors/IGVFDO1452VDIT/,/rodent-donors/IGVFDO0813DZTW/,/rodent-donors/IGVFDO0751WQHI/,/rodent-donors/IGVFDO5183UZGS/,/rodent-donors/IGVFDO0696DMIA/,/rodent-donors/IGVFDO6112GRYR/,/rodent-donors/IGVFDO9510ILZG/,/rodent-donors/IGVFDO9142EUBJ/,/rodent-donors/IGVFDO3603MEIO/,/rodent-donors/IGVFDO7062NBTQ/,/rodent-donors/IGVFDO7255VZBN/,/rodent-donors/IGVFDO5737FRWD/,/rodent-donors/IGVFDO1477BPVO/,/rodent-donors/IGVFDO0681EHNP/,/rodent-donors/IGVFDO3436ZMLY/,/rodent-donors/IGVFDO3534MDFF/,/rodent-donors/IGVFDO4725SNCJ/,/rodent-donors/IGVFDO6607QZPA/,/rodent-donors/IGVFDO0853BCOL/,/rodent-donors/IGVFDO8958JQIY/,/rodent-donors/IGVFDO8904OIIT/,/rodent-donors/IGVFDO2645GUSC/,/rodent-donors/IGVFDO2319OUEC/,/rodent-donors/IGVFDO0026YRCR/,/rodent-donors/IGVFDO5523UFUN/,/rodent-donors/IGVFDO6219LVKW/,/rodent-donors/IGVFDO1643VEDI/,/rodent-donors/IGVFDO4707SGWM/,/rodent-donors/IGVFDO6066JIEJ/,/rodent-donors/IGVFDO0430HQIU/,/rodent-donors/IGVFDO2517TXOT/,/rodent-donors/IGVFDO5177QEWF/,/rodent-donors/IGVFDO7951JDSP/,/rodent-donors/IGVFDO2292YGGE/,/rodent-donors/IGVFDO2106EEWB/,/rodent-donors/IGVFDO7007WBAX/,/rodent-donors/IGVFDO8322VYDU/,/rodent-donors/IGVFDO6614NNPY/,/rodent-donors/IGVFDO9199TPBC/,/rodent-donors/IGVFDO9560CEGZ/,/rodent-donors/IGVFDO5539RLXJ/,/rodent-donors/IGVFDO7254QNQZ/,/rodent-donors/IGVFDO1744FDIX/,/rodent-donors/IGVFDO4788BIQB/,/rodent-donors/IGVFDO8152XDDC/,/rodent-donors/IGVFDO7610XXRR/,/rodent-donors/IGVFDO9374WXKK/,/rodent-donors/IGVFDO3655FKMR/,/rodent-donors/IGVFDO3662UKFW/,/rodent-donors/IGVFDO3207TERA/,/rodent-donors/IGVFDO2301HIUQ/,/rodent-donors/IGVFDO5502NJPS/,/rodent-donors/IGVFDO3762EAWT/",/labs/ali-mortazavi/,/awards/HG012077/,/assay-terms/OBI_0003109/,Parse SPLiT-seq,"https://www.protocols.io/view/evercode-single-index-pcr-5jyl82k9rl2w/v1, https://www.protocols.io/view/evercode-wt-mega-v2-2-1-8epv5xxrng1b/v1, https://www.protocols.io/view/protocol-to-isolate-and-fix-nuclei-from-flash-froz-dm6gp3zedvzp/v2, https://www.protocols.io/view/protocol-to-isolate-and-fix-nuclei-from-flash-froz-eq2lyj17rlx9/v1",mRNA enriched,single-nucleus RNA sequencing assay (Parse SPLiT-seq),Mus musculus,
/measurement-sets/IGVFDS0005ORLJ/,IGVFDS0005ORLJ,a3a19c76-d9c3-48f4-8310-8913ef1e83d1,ali-mortazavi:003_67L_illumina,13,003,Cortex/Hippocampus,Heart,/multiplexed-samples/IGVFSM6797MDET/,"/rodent-donors/IGVFDO2831PZHE/,/rodent-donors/IGVFDO5258MBVH/,/rodent-donors/IGVFDO9340WGNV/,/rodent-donors/IGVFDO6141KSSQ/,/rodent-donors/IGVFDO3640WUBU/,/rodent-donors/IGVFDO5085MJSP/,/rodent-donors/IGVFDO9202WGJZ/,/rodent-donors/IGVFDO9890MXGN/,/rodent-donors/IGVFDO5872DFML/,/rodent-donors/IGVFDO4469VYEZ/,/rodent-donors/IGVFDO7957DMLJ/,/rodent-donors/IGVFDO0624KKTV/,/rodent-donors/IGVFDO1452VDIT/,/rodent-donors/IGVFDO0813DZTW/,/rodent-donors/IGVFDO0751WQHI/,/rodent-donors/IGVFDO5183UZGS/,/rodent-donors/IGVFDO0696DMIA/,/rodent-donors/IGVFDO6112GRYR/,/rodent-donors/IGVFDO9510ILZG/,/rodent-donors/IGVFDO9142EUBJ/,/rodent-donors/IGVFDO3603MEIO/,/rodent-donors/IGVFDO7062NBTQ/,/rodent-donors/IGVFDO7255VZBN/,/rodent-donors/IGVFDO5737FRWD/,/rodent-donors/IGVFDO1477BPVO/,/rodent-donors/IGVFDO0681EHNP/,/rodent-donors/IGVFDO3436ZMLY/,/rodent-donors/IGVFDO3534MDFF/,/rodent-donors/IGVFDO4725SNCJ/,/rodent-donors/IGVFDO6607QZPA/,/rodent-donors/IGVFDO0853BCOL/,/rodent-donors/IGVFDO8958JQIY/,/rodent-donors/IGVFDO8904OIIT/,/rodent-donors/IGVFDO2645GUSC/,/rodent-donors/IGVFDO2319OUEC/,/rodent-donors/IGVFDO0026YRCR/,/rodent-donors/IGVFDO5523UFUN/,/rodent-donors/IGVFDO6219LVKW/,/rodent-donors/IGVFDO1643VEDI/,/rodent-donors/IGVFDO4707SGWM/,/rodent-donors/IGVFDO6066JIEJ/,/rodent-donors/IGVFDO0430HQIU/,/rodent-donors/IGVFDO2517TXOT/,/rodent-donors/IGVFDO5177QEWF/,/rodent-donors/IGVFDO7951JDSP/,/rodent-donors/IGVFDO2292YGGE/,/rodent-donors/IGVFDO2106EEWB/,/rodent-donors/IGVFDO7007WBAX/,/rodent-donors/IGVFDO8322VYDU/,/rodent-donors/IGVFDO6614NNPY/,/rodent-donors/IGVFDO9199TPBC/,/rodent-donors/IGVFDO9560CEGZ/,/rodent-donors/IGVFDO5539RLXJ/,/rodent-donors/IGVFDO7254QNQZ/,/rodent-donors/IGVFDO1744FDIX/,/rodent-donors/IGVFDO4788BIQB/,/rodent-donors/IGVFDO8152XDDC/,/rodent-donors/IGVFDO7610XXRR/,/rodent-donors/IGVFDO9374WXKK/,/rodent-donors/IGVFDO3655FKMR/,/rodent-donors/IGVFDO3662UKFW/,/rodent-donors/IGVFDO3207TERA/,/rodent-donors/IGVFDO2301HIUQ/,/rodent-donors/IGVFDO5502NJPS/,/rodent-donors/IGVFDO3762EAWT/",/labs/ali-mortazavi/,/awards/HG012077/,/assay-terms/OBI_0003109/,Parse SPLiT-seq,"https://www.protocols.io/view/evercode-single-index-pcr-5jyl82k9rl2w/v1, https://www.protocols.io/view/evercode-wt-mega-v2-2-1-8epv5xxrng1b/v1, https://www.protocols.io/view/protocol-to-isolate-and-fix-nuclei-from-flash-froz-dm6gp3zedvzp/v2, https://www.protocols.io/view/protocol-to-isolate-and-fix-nuclei-from-flash-froz-eq2lyj17rlx9/v1",mRNA enriched,single-nucleus RNA sequencing assay (Parse SPLiT-seq),Mus musculus,
/measurement-sets/IGVFDS6964GFPC/,IGVFDS6964GFPC,b3718980-cc6d-4213-afa0-4d723ab3ad67,ali-mortazavi:003_67M_illumina,14,003,Cortex/Hippocampus,Heart,/multiplexed-samples/IGVFSM9366TSMN/,"/rodent-donors/IGVFDO2831PZHE/,/rodent-donors/IGVFDO5258MBVH/,/rodent-donors/IGVFDO9340WGNV/,/rodent-donors/IGVFDO6141KSSQ/,/rodent-donors/IGVFDO3640WUBU/,/rodent-donors/IGVFDO5085MJSP/,/rodent-donors/IGVFDO9202WGJZ/,/rodent-donors/IGVFDO9890MXGN/,/rodent-donors/IGVFDO5872DFML/,/rodent-donors/IGVFDO4469VYEZ/,/rodent-donors/IGVFDO7957DMLJ/,/rodent-donors/IGVFDO0624KKTV/,/rodent-donors/IGVFDO1452VDIT/,/rodent-donors/IGVFDO0813DZTW/,/rodent-donors/IGVFDO0751WQHI/,/rodent-donors/IGVFDO5183UZGS/,/rodent-donors/IGVFDO0696DMIA/,/rodent-donors/IGVFDO6112GRYR/,/rodent-donors/IGVFDO9510ILZG/,/rodent-donors/IGVFDO9142EUBJ/,/rodent-donors/IGVFDO3603MEIO/,/rodent-donors/IGVFDO7062NBTQ/,/rodent-donors/IGVFDO7255VZBN/,/rodent-donors/IGVFDO5737FRWD/,/rodent-donors/IGVFDO1477BPVO/,/rodent-donors/IGVFDO0681EHNP/,/rodent-donors/IGVFDO3436ZMLY/,/rodent-donors/IGVFDO3534MDFF/,/rodent-donors/IGVFDO4725SNCJ/,/rodent-donors/IGVFDO6607QZPA/,/rodent-donors/IGVFDO0853BCOL/,/rodent-donors/IGVFDO8958JQIY/,/rodent-donors/IGVFDO8904OIIT/,/rodent-donors/IGVFDO2645GUSC/,/rodent-donors/IGVFDO2319OUEC/,/rodent-donors/IGVFDO0026YRCR/,/rodent-donors/IGVFDO5523UFUN/,/rodent-donors/IGVFDO6219LVKW/,/rodent-donors/IGVFDO1643VEDI/,/rodent-donors/IGVFDO4707SGWM/,/rodent-donors/IGVFDO6066JIEJ/,/rodent-donors/IGVFDO0430HQIU/,/rodent-donors/IGVFDO2517TXOT/,/rodent-donors/IGVFDO5177QEWF/,/rodent-donors/IGVFDO7951JDSP/,/rodent-donors/IGVFDO2292YGGE/,/rodent-donors/IGVFDO2106EEWB/,/rodent-donors/IGVFDO7007WBAX/,/rodent-donors/IGVFDO8322VYDU/,/rodent-donors/IGVFDO6614NNPY/,/rodent-donors/IGVFDO9199TPBC/,/rodent-donors/IGVFDO9560CEGZ/,/rodent-donors/IGVFDO5539RLXJ/,/rodent-donors/IGVFDO7254QNQZ/,/rodent-donors/IGVFDO1744FDIX/,/rodent-donors/IGVFDO4788BIQB/,/rodent-donors/IGVFDO8152XDDC/,/rodent-donors/IGVFDO7610XXRR/,/rodent-donors/IGVFDO9374WXKK/,/rodent-donors/IGVFDO3655FKMR/,/rodent-donors/IGVFDO3662UKFW/,/rodent-donors/IGVFDO3207TERA/,/rodent-donors/IGVFDO2301HIUQ/,/rodent-donors/IGVFDO5502NJPS/,/rodent-donors/IGVFDO3762EAWT/",/labs/ali-mortazavi/,/awards/HG012077/,/assay-terms/OBI_0003109/,Parse SPLiT-seq,"https://www.protocols.io/view/evercode-single-index-pcr-5jyl82k9rl2w/v1, https://www.protocols.io/view/evercode-wt-mega-v2-2-1-8epv5xxrng1b/v1, https://www.protocols.io/view/protocol-to-isolate-and-fix-nuclei-from-flash-froz-dm6gp3zedvzp/v2, https://www.protocols.io/view/protocol-to-isolate-and-fix-nuclei-from-flash-froz-eq2lyj17rlx9/v1",mRNA enriched,single-nucleus RNA sequencing assay (Parse SPLiT-seq),Mus musculus,
/measurement-sets/IGVFDS5906VZBV/,IGVFDS5906VZBV,db44fbaa-03af-4fa7-88d6-9dd9f6f5d14a,ali-mortazavi:003_67N_illumina,15,003,Cortex/Hippocampus,Heart,/multiplexed-samples/IGVFSM3189UZWY/,"/rodent-donors/IGVFDO2831PZHE/,/rodent-donors/IGVFDO5258MBVH/,/rodent-donors/IGVFDO9340WGNV/,/rodent-donors/IGVFDO6141KSSQ/,/rodent-donors/IGVFDO3640WUBU/,/rodent-donors/IGVFDO5085MJSP/,/rodent-donors/IGVFDO9202WGJZ/,/rodent-donors/IGVFDO9890MXGN/,/rodent-donors/IGVFDO5872DFML/,/rodent-donors/IGVFDO4469VYEZ/,/rodent-donors/IGVFDO7957DMLJ/,/rodent-donors/IGVFDO0624KKTV/,/rodent-donors/IGVFDO1452VDIT/,/rodent-donors/IGVFDO0813DZTW/,/rodent-donors/IGVFDO0751WQHI/,/rodent-donors/IGVFDO5183UZGS/,/rodent-donors/IGVFDO0696DMIA/,/rodent-donors/IGVFDO6112GRYR/,/rodent-donors/IGVFDO9510ILZG/,/rodent-donors/IGVFDO9142EUBJ/,/rodent-donors/IGVFDO3603MEIO/,/rodent-donors/IGVFDO7062NBTQ/,/rodent-donors/IGVFDO7255VZBN/,/rodent-donors/IGVFDO5737FRWD/,/rodent-donors/IGVFDO1477BPVO/,/rodent-donors/IGVFDO0681EHNP/,/rodent-donors/IGVFDO3436ZMLY/,/rodent-donors/IGVFDO3534MDFF/,/rodent-donors/IGVFDO4725SNCJ/,/rodent-donors/IGVFDO6607QZPA/,/rodent-donors/IGVFDO0853BCOL/,/rodent-donors/IGVFDO8958JQIY/,/rodent-donors/IGVFDO8904OIIT/,/rodent-donors/IGVFDO2645GUSC/,/rodent-donors/IGVFDO2319OUEC/,/rodent-donors/IGVFDO0026YRCR/,/rodent-donors/IGVFDO5523UFUN/,/rodent-donors/IGVFDO6219LVKW/,/rodent-donors/IGVFDO1643VEDI/,/rodent-donors/IGVFDO4707SGWM/,/rodent-donors/IGVFDO6066JIEJ/,/rodent-donors/IGVFDO0430HQIU/,/rodent-donors/IGVFDO2517TXOT/,/rodent-donors/IGVFDO5177QEWF/,/rodent-donors/IGVFDO7951JDSP/,/rodent-donors/IGVFDO2292YGGE/,/rodent-donors/IGVFDO2106EEWB/,/rodent-donors/IGVFDO7007WBAX/,/rodent-donors/IGVFDO8322VYDU/,/rodent-donors/IGVFDO6614NNPY/,/rodent-donors/IGVFDO9199TPBC/,/rodent-donors/IGVFDO9560CEGZ/,/rodent-donors/IGVFDO5539RLXJ/,/rodent-donors/IGVFDO7254QNQZ/,/rodent-donors/IGVFDO1744FDIX/,/rodent-donors/IGVFDO4788BIQB/,/rodent-donors/IGVFDO8152XDDC/,/rodent-donors/IGVFDO7610XXRR/,/rodent-donors/IGVFDO9374WXKK/,/rodent-donors/IGVFDO3655FKMR/,/rodent-donors/IGVFDO3662UKFW/,/rodent-donors/IGVFDO3207TERA/,/rodent-donors/IGVFDO2301HIUQ/,/rodent-donors/IGVFDO5502NJPS/,/rodent-donors/IGVFDO3762EAWT/",/labs/ali-mortazavi/,/awards/HG012077/,/assay-terms/OBI_0003109/,Parse SPLiT-seq,"https://www.protocols.io/view/evercode-single-index-pcr-5jyl82k9rl2w/v1, https://www.protocols.io/view/evercode-wt-mega-v2-2-1-8epv5xxrng1b/v1, https://www.protocols.io/view/protocol-to-isolate-and-fix-nuclei-from-flash-froz-dm6gp3zedvzp/v2, https://www.protocols.io/view/protocol-to-isolate-and-fix-nuclei-from-flash-froz-eq2lyj17rlx9/v1",mRNA enriched,single-nucleus RNA sequencing assay (Parse SPLiT-seq),Mus musculus,
/measurement-sets/IGVFDS2058QARC/,IGVFDS2058QARC,21496e61-465b-4089-90a5-02d29a86cc91,ali-mortazavi:003_67O_illumina,16,003,Cortex/Hippocampus,Heart,/multiplexed-samples/IGVFSM2173WYLE/,"/rodent-donors/IGVFDO4469VYEZ/,/rodent-donors/IGVFDO6066JIEJ/,/rodent-donors/IGVFDO1477BPVO/,/rodent-donors/IGVFDO2106EEWB/,/rodent-donors/IGVFDO0813DZTW/,/rodent-donors/IGVFDO5183UZGS/,/rodent-donors/IGVFDO2301HIUQ/,/rodent-donors/IGVFDO4707SGWM/,/rodent-donors/IGVFDO2319OUEC/,/rodent-donors/IGVFDO2645GUSC/,/rodent-donors/IGVFDO3534MDFF/,/rodent-donors/IGVFDO2831PZHE/,/rodent-donors/IGVFDO5177QEWF/,/rodent-donors/IGVFDO7957DMLJ/,/rodent-donors/IGVFDO4725SNCJ/,/rodent-donors/IGVFDO7254QNQZ/,/rodent-donors/IGVFDO9142EUBJ/,/rodent-donors/IGVFDO1643VEDI/,/rodent-donors/IGVFDO9340WGNV/,/rodent-donors/IGVFDO9560CEGZ/,/rodent-donors/IGVFDO0681EHNP/,/rodent-donors/IGVFDO7007WBAX/,/rodent-donors/IGVFDO7255VZBN/,/rodent-donors/IGVFDO9374WXKK/,/rodent-donors/IGVFDO8322VYDU/,/rodent-donors/IGVFDO5502NJPS/,/rodent-donors/IGVFDO5085MJSP/,/rodent-donors/IGVFDO4788BIQB/,/rodent-donors/IGVFDO5523UFUN/,/rodent-donors/IGVFDO6607QZPA/,/rodent-donors/IGVFDO7610XXRR/,/rodent-donors/IGVFDO8904OIIT/,/rodent-donors/IGVFDO1744FDIX/,/rodent-donors/IGVFDO3436ZMLY/,/rodent-donors/IGVFDO3655FKMR/,/rodent-donors/IGVFDO9202WGJZ/,/rodent-donors/IGVFDO2292YGGE/,/rodent-donors/IGVFDO9510ILZG/,/rodent-donors/IGVFDO7062NBTQ/,/rodent-donors/IGVFDO3603MEIO/,/rodent-donors/IGVFDO9199TPBC/,/rodent-donors/IGVFDO0751WQHI/,/rodent-donors/IGVFDO6112GRYR/,/rodent-donors/IGVFDO1452VDIT/,/rodent-donors/IGVFDO6141KSSQ/,/rodent-donors/IGVFDO2517TXOT/,/rodent-donors/IGVFDO7951JDSP/,/rodent-donors/IGVFDO8152XDDC/,/rodent-donors/IGVFDO5539RLXJ/,/rodent-donors/IGVFDO0853BCOL/,/rodent-donors/IGVFDO0696DMIA/,/rodent-donors/IGVFDO8958JQIY/,/rodent-donors/IGVFDO0624KKTV/,/rodent-donors/IGVFDO3762EAWT/,/rodent-donors/IGVFDO6219LVKW/,/rodent-donors/IGVFDO0026YRCR/,/rodent-donors/IGVFDO3207TERA/,/rodent-donors/IGVFDO5872DFML/,/rodent-donors/IGVFDO5737FRWD/,/rodent-donors/IGVFDO6614NNPY/,/rodent-donors/IGVFDO9890MXGN/,/rodent-donors/IGVFDO0430HQIU/,/rodent-donors/IGVFDO5258MBVH/,/rodent-donors/IGVFDO3662UKFW/,/rodent-donors/IGVFDO3640WUBU/",/labs/ali-mortazavi/,/awards/HG012077/,/assay-terms/OBI_0003109/,Parse SPLiT-seq,"https://www.protocols.io/view/evercode-single-index-pcr-5jyl82k9rl2w/v1, https://www.protocols.io/view/evercode-wt-mega-v2-2-1-8epv5xxrng1b/v1, https://www.protocols.io/view/protocol-to-isolate-and-fix-nuclei-from-flash-froz-dm6gp3zedvzp/v2, https://www.protocols.io/view/protocol-to-isolate-and-fix-nuclei-from-flash-froz-eq2lyj17rlx9/v1",mRNA enriched,single-nucleus RNA sequencing assay (Parse SPLiT-seq),Mus musculus,
/measurement-sets/IGVFDS0128SBCV/,IGVFDS0128SBCV,21aeaee1-beba-4133-ba82-02e7d6d49eaa,ali-mortazavi:003_13A_illumina,EX,003,Cortex/Hippocampus,Heart,/multiplexed-samples/IGVFSM0593DUKL/,"/rodent-donors/IGVFDO6607QZPA/,/rodent-donors/IGVFDO9890MXGN/,/rodent-donors/IGVFDO5539RLXJ/,/rodent-donors/IGVFDO9202WGJZ/,/rodent-donors/IGVFDO7610XXRR/,/rodent-donors/IGVFDO8904OIIT/,/rodent-donors/IGVFDO3762EAWT/,/rodent-donors/IGVFDO7951JDSP/,/rodent-donors/IGVFDO4469VYEZ/,/rodent-donors/IGVFDO4725SNCJ/,/rodent-donors/IGVFDO2319OUEC/,/rodent-donors/IGVFDO6066JIEJ/,/rodent-donors/IGVFDO9340WGNV/,/rodent-donors/IGVFDO5502NJPS/,/rodent-donors/IGVFDO3662UKFW/,/rodent-donors/IGVFDO9560CEGZ/,/rodent-donors/IGVFDO2292YGGE/,/rodent-donors/IGVFDO2301HIUQ/,/rodent-donors/IGVFDO0853BCOL/,/rodent-donors/IGVFDO5737FRWD/,/rodent-donors/IGVFDO5258MBVH/,/rodent-donors/IGVFDO8152XDDC/,/rodent-donors/IGVFDO9510ILZG/,/rodent-donors/IGVFDO7062NBTQ/,/rodent-donors/IGVFDO1744FDIX/,/rodent-donors/IGVFDO3640WUBU/,/rodent-donors/IGVFDO3207TERA/,/rodent-donors/IGVFDO5523UFUN/,/rodent-donors/IGVFDO6219LVKW/,/rodent-donors/IGVFDO8958JQIY/,/rodent-donors/IGVFDO9199TPBC/,/rodent-donors/IGVFDO9142EUBJ/,/rodent-donors/IGVFDO7254QNQZ/,/rodent-donors/IGVFDO1452VDIT/,/rodent-donors/IGVFDO5085MJSP/,/rodent-donors/IGVFDO5183UZGS/,/rodent-donors/IGVFDO1643VEDI/,/rodent-donors/IGVFDO7255VZBN/,/rodent-donors/IGVFDO7007WBAX/,/rodent-donors/IGVFDO2106EEWB/,/rodent-donors/IGVFDO0813DZTW/,/rodent-donors/IGVFDO2645GUSC/,/rodent-donors/IGVFDO5872DFML/,/rodent-donors/IGVFDO8322VYDU/,/rodent-donors/IGVFDO3655FKMR/,/rodent-donors/IGVFDO0624KKTV/,/rodent-donors/IGVFDO1477BPVO/,/rodent-donors/IGVFDO4707SGWM/,/rodent-donors/IGVFDO4788BIQB/,/rodent-donors/IGVFDO0751WQHI/,/rodent-donors/IGVFDO3436ZMLY/,/rodent-donors/IGVFDO6614NNPY/,/rodent-donors/IGVFDO7957DMLJ/,/rodent-donors/IGVFDO9374WXKK/,/rodent-donors/IGVFDO0026YRCR/,/rodent-donors/IGVFDO2831PZHE/,/rodent-donors/IGVFDO6141KSSQ/,/rodent-donors/IGVFDO0696DMIA/,/rodent-donors/IGVFDO0430HQIU/,/rodent-donors/IGVFDO6112GRYR/,/rodent-donors/IGVFDO3534MDFF/,/rodent-donors/IGVFDO2517TXOT/,/rodent-donors/IGVFDO0681EHNP/,/rodent-donors/IGVFDO5177QEWF/,/rodent-donors/IGVFDO3603MEIO/",/labs/ali-mortazavi/,/awards/HG012077/,/assay-terms/OBI_0003109/,Parse SPLiT-seq,"https://www.protocols.io/view/cdna-exome-capture-v1-0-1-36wgq3b83lk5/v1, https://www.protocols.io/view/evercode-single-index-pcr-5jyl82k9rl2w/v1, https://www.protocols.io/view/evercode-wt-mega-v2-2-1-8epv5xxrng1b/v1, https://www.protocols.io/view/ont-library-prep-for-split-seq-cdna-eq2lyj1xmlx9/v1, https://www.protocols.io/view/protocol-to-isolate-and-fix-nuclei-from-flash-froz-dm6gp3zedvzp/v2, https://www.protocols.io/view/protocol-to-isolate-and-fix-nuclei-from-flash-froz-eq2lyj17rlx9/v1",exome capture,single-nucleus RNA sequencing assay (Parse SPLiT-seq),Mus musculus,Exome capture subpool
/measurement-sets/IGVFDS9888LNVB/,IGVFDS9888LNVB,09bbb376-50fc-4a04-96c1-cc1dbd687c00,ali-mortazavi:004_67A_illumina,2,004,Heart,Liver,/multiplexed-samples/IGVFSM5599MYMJ/,"/rodent-donors/IGVFDO2831PZHE/,/rodent-donors/IGVFDO5258MBVH/,/rodent-donors/IGVFDO9340WGNV/,/rodent-donors/IGVFDO6141KSSQ/,/rodent-donors/IGVFDO3640WUBU/,/rodent-donors/IGVFDO5085MJSP/,/rodent-donors/IGVFDO9202WGJZ/,/rodent-donors/IGVFDO9890MXGN/,/rodent-donors/IGVFDO5872DFML/,/rodent-donors/IGVFDO4469VYEZ/,/rodent-donors/IGVFDO7957DMLJ/,/rodent-donors/IGVFDO0624KKTV/,/rodent-donors/IGVFDO1452VDIT/,/rodent-donors/IGVFDO0813DZTW/,/rodent-donors/IGVFDO0751WQHI/,/rodent-donors/IGVFDO5183UZGS/,/rodent-donors/IGVFDO0696DMIA/,/rodent-donors/IGVFDO6112GRYR/,/rodent-donors/IGVFDO9510ILZG/,/rodent-donors/IGVFDO9142EUBJ/,/rodent-donors/IGVFDO3603MEIO/,/rodent-donors/IGVFDO7062NBTQ/,/rodent-donors/IGVFDO7255VZBN/,/rodent-donors/IGVFDO5737FRWD/,/rodent-donors/IGVFDO1477BPVO/,/rodent-donors/IGVFDO0681EHNP/,/rodent-donors/IGVFDO3436ZMLY/,/rodent-donors/IGVFDO3534MDFF/,/rodent-donors/IGVFDO4725SNCJ/,/rodent-donors/IGVFDO6607QZPA/,/rodent-donors/IGVFDO0853BCOL/,/rodent-donors/IGVFDO8958JQIY/,/rodent-donors/IGVFDO8904OIIT/,/rodent-donors/IGVFDO2645GUSC/,/rodent-donors/IGVFDO2319OUEC/,/rodent-donors/IGVFDO0026YRCR/,/rodent-donors/IGVFDO5523UFUN/,/rodent-donors/IGVFDO6219LVKW/,/rodent-donors/IGVFDO1643VEDI/,/rodent-donors/IGVFDO4707SGWM/,/rodent-donors/IGVFDO6066JIEJ/,/rodent-donors/IGVFDO0430HQIU/,/rodent-donors/IGVFDO5177QEWF/,/rodent-donors/IGVFDO7951JDSP/,/rodent-donors/IGVFDO2292YGGE/,/rodent-donors/IGVFDO2106EEWB/,/rodent-donors/IGVFDO7007WBAX/,/rodent-donors/IGVFDO8322VYDU/,/rodent-donors/IGVFDO6614NNPY/,/rodent-donors/IGVFDO9199TPBC/,/rodent-donors/IGVFDO9560CEGZ/,/rodent-donors/IGVFDO5539RLXJ/,/rodent-donors/IGVFDO7254QNQZ/,/rodent-donors/IGVFDO1744FDIX/,/rodent-donors/IGVFDO4788BIQB/,/rodent-donors/IGVFDO8152XDDC/,/rodent-donors/IGVFDO7610XXRR/,/rodent-donors/IGVFDO9374WXKK/,/rodent-donors/IGVFDO3655FKMR/,/rodent-donors/IGVFDO3662UKFW/,/rodent-donors/IGVFDO3207TERA/,/rodent-donors/IGVFDO2301HIUQ/,/rodent-donors/IGVFDO5502NJPS/,/rodent-donors/IGVFDO3762EAWT/",/labs/ali-mortazavi/,/awards/HG012077/,/assay-terms/OBI_0003109/,Parse SPLiT-seq,"https://www.protocols.io/view/evercode-single-index-pcr-5jyl82k9rl2w/v1, https://www.protocols.io/view/evercode-wt-mega-v2-2-1-8epv5xxrng1b/v1, https://www.protocols.io/view/protocol-to-isolate-and-fix-nuclei-from-flash-froz-dm6gp3zedvzp/v2, https://www.protocols.io/view/protocol-to-isolate-and-fix-nuclei-from-flash-froz-kxygx396zg8j/v2",mRNA enriched,single-nucleus RNA sequencing assay (Parse SPLiT-seq),Mus musculus,
/measurement-sets/IGVFDS2440HTGY/,IGVFDS2440HTGY,42962967-9a52-477d-9f35-81d9df1571eb,ali-mortazavi:004_67B_illumina,3,004,Heart,Liver,/multiplexed-samples/IGVFSM4070VDNO/,"/rodent-donors/IGVFDO2831PZHE/,/rodent-donors/IGVFDO5258MBVH/,/rodent-donors/IGVFDO9340WGNV/,/rodent-donors/IGVFDO6141KSSQ/,/rodent-donors/IGVFDO3640WUBU/,/rodent-donors/IGVFDO5085MJSP/,/rodent-donors/IGVFDO9202WGJZ/,/rodent-donors/IGVFDO9890MXGN/,/rodent-donors/IGVFDO5872DFML/,/rodent-donors/IGVFDO4469VYEZ/,/rodent-donors/IGVFDO7957DMLJ/,/rodent-donors/IGVFDO0624KKTV/,/rodent-donors/IGVFDO1452VDIT/,/rodent-donors/IGVFDO0813DZTW/,/rodent-donors/IGVFDO0751WQHI/,/rodent-donors/IGVFDO5183UZGS/,/rodent-donors/IGVFDO0696DMIA/,/rodent-donors/IGVFDO6112GRYR/,/rodent-donors/IGVFDO9510ILZG/,/rodent-donors/IGVFDO9142EUBJ/,/rodent-donors/IGVFDO3603MEIO/,/rodent-donors/IGVFDO7062NBTQ/,/rodent-donors/IGVFDO7255VZBN/,/rodent-donors/IGVFDO5737FRWD/,/rodent-donors/IGVFDO1477BPVO/,/rodent-donors/IGVFDO0681EHNP/,/rodent-donors/IGVFDO3436ZMLY/,/rodent-donors/IGVFDO3534MDFF/,/rodent-donors/IGVFDO4725SNCJ/,/rodent-donors/IGVFDO6607QZPA/,/rodent-donors/IGVFDO0853BCOL/,/rodent-donors/IGVFDO8958JQIY/,/rodent-donors/IGVFDO8904OIIT/,/rodent-donors/IGVFDO2645GUSC/,/rodent-donors/IGVFDO2319OUEC/,/rodent-donors/IGVFDO0026YRCR/,/rodent-donors/IGVFDO5523UFUN/,/rodent-donors/IGVFDO6219LVKW/,/rodent-donors/IGVFDO1643VEDI/,/rodent-donors/IGVFDO4707SGWM/,/rodent-donors/IGVFDO6066JIEJ/,/rodent-donors/IGVFDO0430HQIU/,/rodent-donors/IGVFDO5177QEWF/,/rodent-donors/IGVFDO7951JDSP/,/rodent-donors/IGVFDO2292YGGE/,/rodent-donors/IGVFDO2106EEWB/,/rodent-donors/IGVFDO7007WBAX/,/rodent-donors/IGVFDO8322VYDU/,/rodent-donors/IGVFDO6614NNPY/,/rodent-donors/IGVFDO9199TPBC/,/rodent-donors/IGVFDO9560CEGZ/,/rodent-donors/IGVFDO5539RLXJ/,/rodent-donors/IGVFDO7254QNQZ/,/rodent-donors/IGVFDO1744FDIX/,/rodent-donors/IGVFDO4788BIQB/,/rodent-donors/IGVFDO8152XDDC/,/rodent-donors/IGVFDO7610XXRR/,/rodent-donors/IGVFDO9374WXKK/,/rodent-donors/IGVFDO3655FKMR/,/rodent-donors/IGVFDO3662UKFW/,/rodent-donors/IGVFDO3207TERA/,/rodent-donors/IGVFDO2301HIUQ/,/rodent-donors/IGVFDO5502NJPS/,/rodent-donors/IGVFDO3762EAWT/",/labs/ali-mortazavi/,/awards/HG012077/,/assay-terms/OBI_0003109/,Parse SPLiT-seq,"https://www.protocols.io/view/evercode-single-index-pcr-5jyl82k9rl2w/v1, https://www.protocols.io/view/evercode-wt-mega-v2-2-1-8epv5xxrng1b/v1, https://www.protocols.io/view/protocol-to-isolate-and-fix-nuclei-from-flash-froz-dm6gp3zedvzp/v2, https://www.protocols.io/view/protocol-to-isolate-and-fix-nuclei-from-flash-froz-kxygx396zg8j/v2",mRNA enriched,single-nucleus RNA sequencing assay (Parse SPLiT-seq),Mus musculus,
/measurement-sets/IGVFDS2225MFRS/,IGVFDS2225MFRS,0b317064-1305-4a09-a536-aa8d6959ffc6,ali-mortazavi:004_67C_illumina,4,004,Heart,Liver,/multiplexed-samples/IGVFSM2909LQXK/,"/rodent-donors/IGVFDO4469VYEZ/,/rodent-donors/IGVFDO6066JIEJ/,/rodent-donors/IGVFDO1477BPVO/,/rodent-donors/IGVFDO2106EEWB/,/rodent-donors/IGVFDO0813DZTW/,/rodent-donors/IGVFDO5183UZGS/,/rodent-donors/IGVFDO2301HIUQ/,/rodent-donors/IGVFDO4707SGWM/,/rodent-donors/IGVFDO2319OUEC/,/rodent-donors/IGVFDO2645GUSC/,/rodent-donors/IGVFDO3534MDFF/,/rodent-donors/IGVFDO2831PZHE/,/rodent-donors/IGVFDO5177QEWF/,/rodent-donors/IGVFDO7957DMLJ/,/rodent-donors/IGVFDO4725SNCJ/,/rodent-donors/IGVFDO7254QNQZ/,/rodent-donors/IGVFDO9142EUBJ/,/rodent-donors/IGVFDO1643VEDI/,/rodent-donors/IGVFDO9340WGNV/,/rodent-donors/IGVFDO9560CEGZ/,/rodent-donors/IGVFDO0681EHNP/,/rodent-donors/IGVFDO7007WBAX/,/rodent-donors/IGVFDO7255VZBN/,/rodent-donors/IGVFDO9374WXKK/,/rodent-donors/IGVFDO8322VYDU/,/rodent-donors/IGVFDO5502NJPS/,/rodent-donors/IGVFDO5085MJSP/,/rodent-donors/IGVFDO4788BIQB/,/rodent-donors/IGVFDO5523UFUN/,/rodent-donors/IGVFDO6607QZPA/,/rodent-donors/IGVFDO7610XXRR/,/rodent-donors/IGVFDO8904OIIT/,/rodent-donors/IGVFDO1744FDIX/,/rodent-donors/IGVFDO3436ZMLY/,/rodent-donors/IGVFDO3655FKMR/,/rodent-donors/IGVFDO9202WGJZ/,/rodent-donors/IGVFDO2292YGGE/,/rodent-donors/IGVFDO9510ILZG/,/rodent-donors/IGVFDO7062NBTQ/,/rodent-donors/IGVFDO3603MEIO/,/rodent-donors/IGVFDO9199TPBC/,/rodent-donors/IGVFDO0751WQHI/,/rodent-donors/IGVFDO6112GRYR/,/rodent-donors/IGVFDO1452VDIT/,/rodent-donors/IGVFDO6141KSSQ/,/rodent-donors/IGVFDO8152XDDC/,/rodent-donors/IGVFDO7951JDSP/,/rodent-donors/IGVFDO5539RLXJ/,/rodent-donors/IGVFDO0853BCOL/,/rodent-donors/IGVFDO0696DMIA/,/rodent-donors/IGVFDO8958JQIY/,/rodent-donors/IGVFDO0624KKTV/,/rodent-donors/IGVFDO3762EAWT/,/rodent-donors/IGVFDO6219LVKW/,/rodent-donors/IGVFDO0026YRCR/,/rodent-donors/IGVFDO3207TERA/,/rodent-donors/IGVFDO5872DFML/,/rodent-donors/IGVFDO5737FRWD/,/rodent-donors/IGVFDO6614NNPY/,/rodent-donors/IGVFDO9890MXGN/,/rodent-donors/IGVFDO0430HQIU/,/rodent-donors/IGVFDO5258MBVH/,/rodent-donors/IGVFDO3662UKFW/,/rodent-donors/IGVFDO3640WUBU/",/labs/ali-mortazavi/,/awards/HG012077/,/assay-terms/OBI_0003109/,Parse SPLiT-seq,"https://www.protocols.io/view/evercode-single-index-pcr-5jyl82k9rl2w/v1, https://www.protocols.io/view/evercode-wt-mega-v2-2-1-8epv5xxrng1b/v1, https://www.protocols.io/view/protocol-to-isolate-and-fix-nuclei-from-flash-froz-dm6gp3zedvzp/v2, https://www.protocols.io/view/protocol-to-isolate-and-fix-nuclei-from-flash-froz-kxygx396zg8j/v2",mRNA enriched,single-nucleus RNA sequencing assay (Parse SPLiT-seq),Mus musculus,
/measurement-sets/IGVFDS6578AQFG/,IGVFDS6578AQFG,e98808fc-7f7c-4f65-a0ba-6d007bce1dcc,ali-mortazavi:004_67D_illumina,5,004,Heart,Liver,/multiplexed-samples/IGVFSM7436OHKI/,"/rodent-donors/IGVFDO2831PZHE/,/rodent-donors/IGVFDO5258MBVH/,/rodent-donors/IGVFDO9340WGNV/,/rodent-donors/IGVFDO6141KSSQ/,/rodent-donors/IGVFDO3640WUBU/,/rodent-donors/IGVFDO5085MJSP/,/rodent-donors/IGVFDO9202WGJZ/,/rodent-donors/IGVFDO9890MXGN/,/rodent-donors/IGVFDO5872DFML/,/rodent-donors/IGVFDO4469VYEZ/,/rodent-donors/IGVFDO7957DMLJ/,/rodent-donors/IGVFDO0624KKTV/,/rodent-donors/IGVFDO1452VDIT/,/rodent-donors/IGVFDO0813DZTW/,/rodent-donors/IGVFDO0751WQHI/,/rodent-donors/IGVFDO5183UZGS/,/rodent-donors/IGVFDO0696DMIA/,/rodent-donors/IGVFDO6112GRYR/,/rodent-donors/IGVFDO9510ILZG/,/rodent-donors/IGVFDO9142EUBJ/,/rodent-donors/IGVFDO3603MEIO/,/rodent-donors/IGVFDO7062NBTQ/,/rodent-donors/IGVFDO7255VZBN/,/rodent-donors/IGVFDO5737FRWD/,/rodent-donors/IGVFDO1477BPVO/,/rodent-donors/IGVFDO0681EHNP/,/rodent-donors/IGVFDO3436ZMLY/,/rodent-donors/IGVFDO3534MDFF/,/rodent-donors/IGVFDO4725SNCJ/,/rodent-donors/IGVFDO6607QZPA/,/rodent-donors/IGVFDO0853BCOL/,/rodent-donors/IGVFDO8958JQIY/,/rodent-donors/IGVFDO8904OIIT/,/rodent-donors/IGVFDO2645GUSC/,/rodent-donors/IGVFDO2319OUEC/,/rodent-donors/IGVFDO0026YRCR/,/rodent-donors/IGVFDO5523UFUN/,/rodent-donors/IGVFDO6219LVKW/,/rodent-donors/IGVFDO1643VEDI/,/rodent-donors/IGVFDO4707SGWM/,/rodent-donors/IGVFDO6066JIEJ/,/rodent-donors/IGVFDO0430HQIU/,/rodent-donors/IGVFDO5177QEWF/,/rodent-donors/IGVFDO7951JDSP/,/rodent-donors/IGVFDO2292YGGE/,/rodent-donors/IGVFDO2106EEWB/,/rodent-donors/IGVFDO7007WBAX/,/rodent-donors/IGVFDO8322VYDU/,/rodent-donors/IGVFDO6614NNPY/,/rodent-donors/IGVFDO9199TPBC/,/rodent-donors/IGVFDO9560CEGZ/,/rodent-donors/IGVFDO5539RLXJ/,/rodent-donors/IGVFDO7254QNQZ/,/rodent-donors/IGVFDO1744FDIX/,/rodent-donors/IGVFDO4788BIQB/,/rodent-donors/IGVFDO8152XDDC/,/rodent-donors/IGVFDO7610XXRR/,/rodent-donors/IGVFDO9374WXKK/,/rodent-donors/IGVFDO3655FKMR/,/rodent-donors/IGVFDO3662UKFW/,/rodent-donors/IGVFDO3207TERA/,/rodent-donors/IGVFDO2301HIUQ/,/rodent-donors/IGVFDO5502NJPS/,/rodent-donors/IGVFDO3762EAWT/",/labs/ali-mortazavi/,/awards/HG012077/,/assay-terms/OBI_0003109/,Parse SPLiT-seq,"https://www.protocols.io/view/evercode-single-index-pcr-5jyl82k9rl2w/v1, https://www.protocols.io/view/evercode-wt-mega-v2-2-1-8epv5xxrng1b/v1, https://www.protocols.io/view/protocol-to-isolate-and-fix-nuclei-from-flash-froz-dm6gp3zedvzp/v2, https://www.protocols.io/view/protocol-to-isolate-and-fix-nuclei-from-flash-froz-kxygx396zg8j/v2",mRNA enriched,single-nucleus RNA sequencing assay (Parse SPLiT-seq),Mus musculus,
/measurement-sets/IGVFDS5447HBUF/,IGVFDS5447HBUF,05fd095e-1924-407f-9856-418eb2bc3f94,ali-mortazavi:004_67E_illumina,6,004,Heart,Liver,/multiplexed-samples/IGVFSM4572JWFI/,"/rodent-donors/IGVFDO2831PZHE/,/rodent-donors/IGVFDO5258MBVH/,/rodent-donors/IGVFDO9340WGNV/,/rodent-donors/IGVFDO6141KSSQ/,/rodent-donors/IGVFDO3640WUBU/,/rodent-donors/IGVFDO5085MJSP/,/rodent-donors/IGVFDO9202WGJZ/,/rodent-donors/IGVFDO9890MXGN/,/rodent-donors/IGVFDO5872DFML/,/rodent-donors/IGVFDO4469VYEZ/,/rodent-donors/IGVFDO7957DMLJ/,/rodent-donors/IGVFDO0624KKTV/,/rodent-donors/IGVFDO1452VDIT/,/rodent-donors/IGVFDO0813DZTW/,/rodent-donors/IGVFDO0751WQHI/,/rodent-donors/IGVFDO5183UZGS/,/rodent-donors/IGVFDO0696DMIA/,/rodent-donors/IGVFDO6112GRYR/,/rodent-donors/IGVFDO9510ILZG/,/rodent-donors/IGVFDO9142EUBJ/,/rodent-donors/IGVFDO3603MEIO/,/rodent-donors/IGVFDO7062NBTQ/,/rodent-donors/IGVFDO7255VZBN/,/rodent-donors/IGVFDO5737FRWD/,/rodent-donors/IGVFDO1477BPVO/,/rodent-donors/IGVFDO0681EHNP/,/rodent-donors/IGVFDO3436ZMLY/,/rodent-donors/IGVFDO3534MDFF/,/rodent-donors/IGVFDO4725SNCJ/,/rodent-donors/IGVFDO6607QZPA/,/rodent-donors/IGVFDO0853BCOL/,/rodent-donors/IGVFDO8958JQIY/,/rodent-donors/IGVFDO8904OIIT/,/rodent-donors/IGVFDO2645GUSC/,/rodent-donors/IGVFDO2319OUEC/,/rodent-donors/IGVFDO0026YRCR/,/rodent-donors/IGVFDO5523UFUN/,/rodent-donors/IGVFDO6219LVKW/,/rodent-donors/IGVFDO1643VEDI/,/rodent-donors/IGVFDO4707SGWM/,/rodent-donors/IGVFDO6066JIEJ/,/rodent-donors/IGVFDO0430HQIU/,/rodent-donors/IGVFDO5177QEWF/,/rodent-donors/IGVFDO7951JDSP/,/rodent-donors/IGVFDO2292YGGE/,/rodent-donors/IGVFDO2106EEWB/,/rodent-donors/IGVFDO7007WBAX/,/rodent-donors/IGVFDO8322VYDU/,/rodent-donors/IGVFDO6614NNPY/,/rodent-donors/IGVFDO9199TPBC/,/rodent-donors/IGVFDO9560CEGZ/,/rodent-donors/IGVFDO5539RLXJ/,/rodent-donors/IGVFDO7254QNQZ/,/rodent-donors/IGVFDO1744FDIX/,/rodent-donors/IGVFDO4788BIQB/,/rodent-donors/IGVFDO8152XDDC/,/rodent-donors/IGVFDO7610XXRR/,/rodent-donors/IGVFDO9374WXKK/,/rodent-donors/IGVFDO3655FKMR/,/rodent-donors/IGVFDO3662UKFW/,/rodent-donors/IGVFDO3207TERA/,/rodent-donors/IGVFDO2301HIUQ/,/rodent-donors/IGVFDO5502NJPS/,/rodent-donors/IGVFDO3762EAWT/",/labs/ali-mortazavi/,/awards/HG012077/,/assay-terms/OBI_0003109/,Parse SPLiT-seq,"https://www.protocols.io/view/evercode-single-index-pcr-5jyl82k9rl2w/v1, https://www.protocols.io/view/evercode-wt-mega-v2-2-1-8epv5xxrng1b/v1, https://www.protocols.io/view/protocol-to-isolate-and-fix-nuclei-from-flash-froz-dm6gp3zedvzp/v2, https://www.protocols.io/view/protocol-to-isolate-and-fix-nuclei-from-flash-froz-kxygx396zg8j/v2",mRNA enriched,single-nucleus RNA sequencing assay (Parse SPLiT-seq),Mus musculus,
/measurement-sets/IGVFDS2344ZIPD/,IGVFDS2344ZIPD,c2313467-f053-446d-8e5a-c8dec6fda100,ali-mortazavi:004_67F_illumina,7,004,Heart,Liver,/multiplexed-samples/IGVFSM2847YWUY/,"/rodent-donors/IGVFDO4469VYEZ/,/rodent-donors/IGVFDO6066JIEJ/,/rodent-donors/IGVFDO1477BPVO/,/rodent-donors/IGVFDO2106EEWB/,/rodent-donors/IGVFDO0813DZTW/,/rodent-donors/IGVFDO5183UZGS/,/rodent-donors/IGVFDO2301HIUQ/,/rodent-donors/IGVFDO4707SGWM/,/rodent-donors/IGVFDO2319OUEC/,/rodent-donors/IGVFDO2645GUSC/,/rodent-donors/IGVFDO3534MDFF/,/rodent-donors/IGVFDO2831PZHE/,/rodent-donors/IGVFDO5177QEWF/,/rodent-donors/IGVFDO7957DMLJ/,/rodent-donors/IGVFDO4725SNCJ/,/rodent-donors/IGVFDO7254QNQZ/,/rodent-donors/IGVFDO9142EUBJ/,/rodent-donors/IGVFDO1643VEDI/,/rodent-donors/IGVFDO9340WGNV/,/rodent-donors/IGVFDO9560CEGZ/,/rodent-donors/IGVFDO0681EHNP/,/rodent-donors/IGVFDO7007WBAX/,/rodent-donors/IGVFDO7255VZBN/,/rodent-donors/IGVFDO9374WXKK/,/rodent-donors/IGVFDO8322VYDU/,/rodent-donors/IGVFDO5502NJPS/,/rodent-donors/IGVFDO5085MJSP/,/rodent-donors/IGVFDO4788BIQB/,/rodent-donors/IGVFDO5523UFUN/,/rodent-donors/IGVFDO6607QZPA/,/rodent-donors/IGVFDO7610XXRR/,/rodent-donors/IGVFDO8904OIIT/,/rodent-donors/IGVFDO1744FDIX/,/rodent-donors/IGVFDO3436ZMLY/,/rodent-donors/IGVFDO3655FKMR/,/rodent-donors/IGVFDO9202WGJZ/,/rodent-donors/IGVFDO2292YGGE/,/rodent-donors/IGVFDO9510ILZG/,/rodent-donors/IGVFDO7062NBTQ/,/rodent-donors/IGVFDO3603MEIO/,/rodent-donors/IGVFDO9199TPBC/,/rodent-donors/IGVFDO0751WQHI/,/rodent-donors/IGVFDO6112GRYR/,/rodent-donors/IGVFDO1452VDIT/,/rodent-donors/IGVFDO6141KSSQ/,/rodent-donors/IGVFDO8152XDDC/,/rodent-donors/IGVFDO7951JDSP/,/rodent-donors/IGVFDO5539RLXJ/,/rodent-donors/IGVFDO0853BCOL/,/rodent-donors/IGVFDO0696DMIA/,/rodent-donors/IGVFDO8958JQIY/,/rodent-donors/IGVFDO0624KKTV/,/rodent-donors/IGVFDO3762EAWT/,/rodent-donors/IGVFDO6219LVKW/,/rodent-donors/IGVFDO0026YRCR/,/rodent-donors/IGVFDO3207TERA/,/rodent-donors/IGVFDO5872DFML/,/rodent-donors/IGVFDO5737FRWD/,/rodent-donors/IGVFDO6614NNPY/,/rodent-donors/IGVFDO9890MXGN/,/rodent-donors/IGVFDO0430HQIU/,/rodent-donors/IGVFDO5258MBVH/,/rodent-donors/IGVFDO3662UKFW/,/rodent-donors/IGVFDO3640WUBU/",/labs/ali-mortazavi/,/awards/HG012077/,/assay-terms/OBI_0003109/,Parse SPLiT-seq,"https://www.protocols.io/view/evercode-single-index-pcr-5jyl82k9rl2w/v1, https://www.protocols.io/view/evercode-wt-mega-v2-2-1-8epv5xxrng1b/v1, https://www.protocols.io/view/protocol-to-isolate-and-fix-nuclei-from-flash-froz-dm6gp3zedvzp/v2, https://www.protocols.io/view/protocol-to-isolate-and-fix-nuclei-from-flash-froz-kxygx396zg8j/v2",mRNA enriched,single-nucleus RNA sequencing assay (Parse SPLiT-seq),Mus musculus,
/measurement-sets/IGVFDS6418RIAE/,IGVFDS6418RIAE,894ee9ab-268b-4ea8-a764-41aaa816a73f,ali-mortazavi:004_67G_illumina,8,004,Heart,Liver,/multiplexed-samples/IGVFSM2405DHLE/,"/rodent-donors/IGVFDO4469VYEZ/,/rodent-donors/IGVFDO6066JIEJ/,/rodent-donors/IGVFDO1477BPVO/,/rodent-donors/IGVFDO2106EEWB/,/rodent-donors/IGVFDO0813DZTW/,/rodent-donors/IGVFDO5183UZGS/,/rodent-donors/IGVFDO2301HIUQ/,/rodent-donors/IGVFDO4707SGWM/,/rodent-donors/IGVFDO2319OUEC/,/rodent-donors/IGVFDO2645GUSC/,/rodent-donors/IGVFDO3534MDFF/,/rodent-donors/IGVFDO2831PZHE/,/rodent-donors/IGVFDO5177QEWF/,/rodent-donors/IGVFDO7957DMLJ/,/rodent-donors/IGVFDO4725SNCJ/,/rodent-donors/IGVFDO7254QNQZ/,/rodent-donors/IGVFDO9142EUBJ/,/rodent-donors/IGVFDO1643VEDI/,/rodent-donors/IGVFDO9340WGNV/,/rodent-donors/IGVFDO9560CEGZ/,/rodent-donors/IGVFDO0681EHNP/,/rodent-donors/IGVFDO7007WBAX/,/rodent-donors/IGVFDO7255VZBN/,/rodent-donors/IGVFDO9374WXKK/,/rodent-donors/IGVFDO8322VYDU/,/rodent-donors/IGVFDO5502NJPS/,/rodent-donors/IGVFDO5085MJSP/,/rodent-donors/IGVFDO4788BIQB/,/rodent-donors/IGVFDO5523UFUN/,/rodent-donors/IGVFDO6607QZPA/,/rodent-donors/IGVFDO7610XXRR/,/rodent-donors/IGVFDO8904OIIT/,/rodent-donors/IGVFDO1744FDIX/,/rodent-donors/IGVFDO3436ZMLY/,/rodent-donors/IGVFDO3655FKMR/,/rodent-donors/IGVFDO9202WGJZ/,/rodent-donors/IGVFDO2292YGGE/,/rodent-donors/IGVFDO9510ILZG/,/rodent-donors/IGVFDO7062NBTQ/,/rodent-donors/IGVFDO3603MEIO/,/rodent-donors/IGVFDO9199TPBC/,/rodent-donors/IGVFDO0751WQHI/,/rodent-donors/IGVFDO6112GRYR/,/rodent-donors/IGVFDO1452VDIT/,/rodent-donors/IGVFDO6141KSSQ/,/rodent-donors/IGVFDO8152XDDC/,/rodent-donors/IGVFDO7951JDSP/,/rodent-donors/IGVFDO5539RLXJ/,/rodent-donors/IGVFDO0853BCOL/,/rodent-donors/IGVFDO0696DMIA/,/rodent-donors/IGVFDO8958JQIY/,/rodent-donors/IGVFDO0624KKTV/,/rodent-donors/IGVFDO3762EAWT/,/rodent-donors/IGVFDO6219LVKW/,/rodent-donors/IGVFDO0026YRCR/,/rodent-donors/IGVFDO3207TERA/,/rodent-donors/IGVFDO5872DFML/,/rodent-donors/IGVFDO5737FRWD/,/rodent-donors/IGVFDO6614NNPY/,/rodent-donors/IGVFDO9890MXGN/,/rodent-donors/IGVFDO0430HQIU/,/rodent-donors/IGVFDO5258MBVH/,/rodent-donors/IGVFDO3662UKFW/,/rodent-donors/IGVFDO3640WUBU/",/labs/ali-mortazavi/,/awards/HG012077/,/assay-terms/OBI_0003109/,Parse SPLiT-seq,"https://www.protocols.io/view/evercode-single-index-pcr-5jyl82k9rl2w/v1, https://www.protocols.io/view/evercode-wt-mega-v2-2-1-8epv5xxrng1b/v1, https://www.protocols.io/view/protocol-to-isolate-and-fix-nuclei-from-flash-froz-dm6gp3zedvzp/v2, https://www.protocols.io/view/protocol-to-isolate-and-fix-nuclei-from-flash-froz-kxygx396zg8j/v2",mRNA enriched,single-nucleus RNA sequencing assay (Parse SPLiT-seq),Mus musculus,
/measurement-sets/IGVFDS7361KZSL/,IGVFDS7361KZSL,b90a1709-514c-4c3c-bce5-69e37ccbdd9c,ali-mortazavi:004_67H_illumina,9,004,Heart,Liver,/multiplexed-samples/IGVFSM1327NHSH/,"/rodent-donors/IGVFDO4469VYEZ/,/rodent-donors/IGVFDO6066JIEJ/,/rodent-donors/IGVFDO1477BPVO/,/rodent-donors/IGVFDO2106EEWB/,/rodent-donors/IGVFDO0813DZTW/,/rodent-donors/IGVFDO5183UZGS/,/rodent-donors/IGVFDO2301HIUQ/,/rodent-donors/IGVFDO4707SGWM/,/rodent-donors/IGVFDO2319OUEC/,/rodent-donors/IGVFDO2645GUSC/,/rodent-donors/IGVFDO3534MDFF/,/rodent-donors/IGVFDO2831PZHE/,/rodent-donors/IGVFDO5177QEWF/,/rodent-donors/IGVFDO7957DMLJ/,/rodent-donors/IGVFDO4725SNCJ/,/rodent-donors/IGVFDO7254QNQZ/,/rodent-donors/IGVFDO9142EUBJ/,/rodent-donors/IGVFDO1643VEDI/,/rodent-donors/IGVFDO9340WGNV/,/rodent-donors/IGVFDO9560CEGZ/,/rodent-donors/IGVFDO0681EHNP/,/rodent-donors/IGVFDO7007WBAX/,/rodent-donors/IGVFDO7255VZBN/,/rodent-donors/IGVFDO9374WXKK/,/rodent-donors/IGVFDO8322VYDU/,/rodent-donors/IGVFDO5502NJPS/,/rodent-donors/IGVFDO5085MJSP/,/rodent-donors/IGVFDO4788BIQB/,/rodent-donors/IGVFDO5523UFUN/,/rodent-donors/IGVFDO6607QZPA/,/rodent-donors/IGVFDO7610XXRR/,/rodent-donors/IGVFDO8904OIIT/,/rodent-donors/IGVFDO1744FDIX/,/rodent-donors/IGVFDO3436ZMLY/,/rodent-donors/IGVFDO3655FKMR/,/rodent-donors/IGVFDO9202WGJZ/,/rodent-donors/IGVFDO2292YGGE/,/rodent-donors/IGVFDO9510ILZG/,/rodent-donors/IGVFDO7062NBTQ/,/rodent-donors/IGVFDO3603MEIO/,/rodent-donors/IGVFDO9199TPBC/,/rodent-donors/IGVFDO0751WQHI/,/rodent-donors/IGVFDO6112GRYR/,/rodent-donors/IGVFDO1452VDIT/,/rodent-donors/IGVFDO6141KSSQ/,/rodent-donors/IGVFDO8152XDDC/,/rodent-donors/IGVFDO7951JDSP/,/rodent-donors/IGVFDO5539RLXJ/,/rodent-donors/IGVFDO0853BCOL/,/rodent-donors/IGVFDO0696DMIA/,/rodent-donors/IGVFDO8958JQIY/,/rodent-donors/IGVFDO0624KKTV/,/rodent-donors/IGVFDO3762EAWT/,/rodent-donors/IGVFDO6219LVKW/,/rodent-donors/IGVFDO0026YRCR/,/rodent-donors/IGVFDO3207TERA/,/rodent-donors/IGVFDO5872DFML/,/rodent-donors/IGVFDO5737FRWD/,/rodent-donors/IGVFDO6614NNPY/,/rodent-donors/IGVFDO9890MXGN/,/rodent-donors/IGVFDO0430HQIU/,/rodent-donors/IGVFDO5258MBVH/,/rodent-donors/IGVFDO3662UKFW/,/rodent-donors/IGVFDO3640WUBU/",/labs/ali-mortazavi/,/awards/HG012077/,/assay-terms/OBI_0003109/,Parse SPLiT-seq,"https://www.protocols.io/view/evercode-single-index-pcr-5jyl82k9rl2w/v1, https://www.protocols.io/view/evercode-wt-mega-v2-2-1-8epv5xxrng1b/v1, https://www.protocols.io/view/protocol-to-isolate-and-fix-nuclei-from-flash-froz-dm6gp3zedvzp/v2, https://www.protocols.io/view/protocol-to-isolate-and-fix-nuclei-from-flash-froz-kxygx396zg8j/v2",mRNA enriched,single-nucleus RNA sequencing assay (Parse SPLiT-seq),Mus musculus,
/measurement-sets/IGVFDS7702GNGM/,IGVFDS7702GNGM,13b4dda0-1eef-4dd7-a4e7-bee6bb97bcd1,ali-mortazavi:004_67I_illumina,10,004,Heart,Liver,/multiplexed-samples/IGVFSM4628ZCZK/,"/rodent-donors/IGVFDO2831PZHE/,/rodent-donors/IGVFDO5258MBVH/,/rodent-donors/IGVFDO9340WGNV/,/rodent-donors/IGVFDO6141KSSQ/,/rodent-donors/IGVFDO3640WUBU/,/rodent-donors/IGVFDO5085MJSP/,/rodent-donors/IGVFDO9202WGJZ/,/rodent-donors/IGVFDO9890MXGN/,/rodent-donors/IGVFDO5872DFML/,/rodent-donors/IGVFDO4469VYEZ/,/rodent-donors/IGVFDO7957DMLJ/,/rodent-donors/IGVFDO0624KKTV/,/rodent-donors/IGVFDO1452VDIT/,/rodent-donors/IGVFDO0813DZTW/,/rodent-donors/IGVFDO0751WQHI/,/rodent-donors/IGVFDO5183UZGS/,/rodent-donors/IGVFDO0696DMIA/,/rodent-donors/IGVFDO6112GRYR/,/rodent-donors/IGVFDO9510ILZG/,/rodent-donors/IGVFDO9142EUBJ/,/rodent-donors/IGVFDO3603MEIO/,/rodent-donors/IGVFDO7062NBTQ/,/rodent-donors/IGVFDO7255VZBN/,/rodent-donors/IGVFDO5737FRWD/,/rodent-donors/IGVFDO1477BPVO/,/rodent-donors/IGVFDO0681EHNP/,/rodent-donors/IGVFDO3436ZMLY/,/rodent-donors/IGVFDO3534MDFF/,/rodent-donors/IGVFDO4725SNCJ/,/rodent-donors/IGVFDO6607QZPA/,/rodent-donors/IGVFDO0853BCOL/,/rodent-donors/IGVFDO8958JQIY/,/rodent-donors/IGVFDO8904OIIT/,/rodent-donors/IGVFDO2645GUSC/,/rodent-donors/IGVFDO2319OUEC/,/rodent-donors/IGVFDO0026YRCR/,/rodent-donors/IGVFDO5523UFUN/,/rodent-donors/IGVFDO6219LVKW/,/rodent-donors/IGVFDO1643VEDI/,/rodent-donors/IGVFDO4707SGWM/,/rodent-donors/IGVFDO6066JIEJ/,/rodent-donors/IGVFDO0430HQIU/,/rodent-donors/IGVFDO5177QEWF/,/rodent-donors/IGVFDO7951JDSP/,/rodent-donors/IGVFDO2292YGGE/,/rodent-donors/IGVFDO2106EEWB/,/rodent-donors/IGVFDO7007WBAX/,/rodent-donors/IGVFDO8322VYDU/,/rodent-donors/IGVFDO6614NNPY/,/rodent-donors/IGVFDO9199TPBC/,/rodent-donors/IGVFDO9560CEGZ/,/rodent-donors/IGVFDO5539RLXJ/,/rodent-donors/IGVFDO7254QNQZ/,/rodent-donors/IGVFDO1744FDIX/,/rodent-donors/IGVFDO4788BIQB/,/rodent-donors/IGVFDO8152XDDC/,/rodent-donors/IGVFDO7610XXRR/,/rodent-donors/IGVFDO9374WXKK/,/rodent-donors/IGVFDO3655FKMR/,/rodent-donors/IGVFDO3662UKFW/,/rodent-donors/IGVFDO3207TERA/,/rodent-donors/IGVFDO2301HIUQ/,/rodent-donors/IGVFDO5502NJPS/,/rodent-donors/IGVFDO3762EAWT/",/labs/ali-mortazavi/,/awards/HG012077/,/assay-terms/OBI_0003109/,Parse SPLiT-seq,"https://www.protocols.io/view/evercode-single-index-pcr-5jyl82k9rl2w/v1, https://www.protocols.io/view/evercode-wt-mega-v2-2-1-8epv5xxrng1b/v1, https://www.protocols.io/view/protocol-to-isolate-and-fix-nuclei-from-flash-froz-dm6gp3zedvzp/v2, https://www.protocols.io/view/protocol-to-isolate-and-fix-nuclei-from-flash-froz-kxygx396zg8j/v2",mRNA enriched,single-nucleus RNA sequencing assay (Parse SPLiT-seq),Mus musculus,
/measurement-sets/IGVFDS0193IKYP/,IGVFDS0193IKYP,266c671f-096f-46e9-aa5f-dc21c5ecdc96,ali-mortazavi:004_67J_illumina,11,004,Heart,Liver,/multiplexed-samples/IGVFSM6158ZDKG/,"/rodent-donors/IGVFDO4469VYEZ/,/rodent-donors/IGVFDO6066JIEJ/,/rodent-donors/IGVFDO1477BPVO/,/rodent-donors/IGVFDO2106EEWB/,/rodent-donors/IGVFDO0813DZTW/,/rodent-donors/IGVFDO5183UZGS/,/rodent-donors/IGVFDO2301HIUQ/,/rodent-donors/IGVFDO4707SGWM/,/rodent-donors/IGVFDO2319OUEC/,/rodent-donors/IGVFDO2645GUSC/,/rodent-donors/IGVFDO3534MDFF/,/rodent-donors/IGVFDO2831PZHE/,/rodent-donors/IGVFDO5177QEWF/,/rodent-donors/IGVFDO7957DMLJ/,/rodent-donors/IGVFDO4725SNCJ/,/rodent-donors/IGVFDO7254QNQZ/,/rodent-donors/IGVFDO9142EUBJ/,/rodent-donors/IGVFDO1643VEDI/,/rodent-donors/IGVFDO9340WGNV/,/rodent-donors/IGVFDO9560CEGZ/,/rodent-donors/IGVFDO0681EHNP/,/rodent-donors/IGVFDO7007WBAX/,/rodent-donors/IGVFDO7255VZBN/,/rodent-donors/IGVFDO9374WXKK/,/rodent-donors/IGVFDO8322VYDU/,/rodent-donors/IGVFDO5502NJPS/,/rodent-donors/IGVFDO5085MJSP/,/rodent-donors/IGVFDO4788BIQB/,/rodent-donors/IGVFDO5523UFUN/,/rodent-donors/IGVFDO6607QZPA/,/rodent-donors/IGVFDO7610XXRR/,/rodent-donors/IGVFDO8904OIIT/,/rodent-donors/IGVFDO1744FDIX/,/rodent-donors/IGVFDO3436ZMLY/,/rodent-donors/IGVFDO3655FKMR/,/rodent-donors/IGVFDO9202WGJZ/,/rodent-donors/IGVFDO2292YGGE/,/rodent-donors/IGVFDO9510ILZG/,/rodent-donors/IGVFDO7062NBTQ/,/rodent-donors/IGVFDO3603MEIO/,/rodent-donors/IGVFDO9199TPBC/,/rodent-donors/IGVFDO0751WQHI/,/rodent-donors/IGVFDO6112GRYR/,/rodent-donors/IGVFDO1452VDIT/,/rodent-donors/IGVFDO6141KSSQ/,/rodent-donors/IGVFDO8152XDDC/,/rodent-donors/IGVFDO7951JDSP/,/rodent-donors/IGVFDO5539RLXJ/,/rodent-donors/IGVFDO0853BCOL/,/rodent-donors/IGVFDO0696DMIA/,/rodent-donors/IGVFDO8958JQIY/,/rodent-donors/IGVFDO0624KKTV/,/rodent-donors/IGVFDO3762EAWT/,/rodent-donors/IGVFDO6219LVKW/,/rodent-donors/IGVFDO0026YRCR/,/rodent-donors/IGVFDO3207TERA/,/rodent-donors/IGVFDO5872DFML/,/rodent-donors/IGVFDO5737FRWD/,/rodent-donors/IGVFDO6614NNPY/,/rodent-donors/IGVFDO9890MXGN/,/rodent-donors/IGVFDO0430HQIU/,/rodent-donors/IGVFDO5258MBVH/,/rodent-donors/IGVFDO3662UKFW/,/rodent-donors/IGVFDO3640WUBU/",/labs/ali-mortazavi/,/awards/HG012077/,/assay-terms/OBI_0003109/,Parse SPLiT-seq,"https://www.protocols.io/view/evercode-single-index-pcr-5jyl82k9rl2w/v1, https://www.protocols.io/view/evercode-wt-mega-v2-2-1-8epv5xxrng1b/v1, https://www.protocols.io/view/protocol-to-isolate-and-fix-nuclei-from-flash-froz-dm6gp3zedvzp/v2, https://www.protocols.io/view/protocol-to-isolate-and-fix-nuclei-from-flash-froz-kxygx396zg8j/v2",mRNA enriched,single-nucleus RNA sequencing assay (Parse SPLiT-seq),Mus musculus,
/measurement-sets/IGVFDS5975CQWW/,IGVFDS5975CQWW,0b81e09a-61ef-4c54-a87c-824c65668ba5,ali-mortazavi:004_67K_illumina,12,004,Heart,Liver,/multiplexed-samples/IGVFSM0304VAIY/,"/rodent-donors/IGVFDO2831PZHE/,/rodent-donors/IGVFDO5258MBVH/,/rodent-donors/IGVFDO9340WGNV/,/rodent-donors/IGVFDO6141KSSQ/,/rodent-donors/IGVFDO3640WUBU/,/rodent-donors/IGVFDO5085MJSP/,/rodent-donors/IGVFDO9202WGJZ/,/rodent-donors/IGVFDO9890MXGN/,/rodent-donors/IGVFDO5872DFML/,/rodent-donors/IGVFDO4469VYEZ/,/rodent-donors/IGVFDO7957DMLJ/,/rodent-donors/IGVFDO0624KKTV/,/rodent-donors/IGVFDO1452VDIT/,/rodent-donors/IGVFDO0813DZTW/,/rodent-donors/IGVFDO0751WQHI/,/rodent-donors/IGVFDO5183UZGS/,/rodent-donors/IGVFDO0696DMIA/,/rodent-donors/IGVFDO6112GRYR/,/rodent-donors/IGVFDO9510ILZG/,/rodent-donors/IGVFDO9142EUBJ/,/rodent-donors/IGVFDO3603MEIO/,/rodent-donors/IGVFDO7062NBTQ/,/rodent-donors/IGVFDO7255VZBN/,/rodent-donors/IGVFDO5737FRWD/,/rodent-donors/IGVFDO1477BPVO/,/rodent-donors/IGVFDO0681EHNP/,/rodent-donors/IGVFDO3436ZMLY/,/rodent-donors/IGVFDO3534MDFF/,/rodent-donors/IGVFDO4725SNCJ/,/rodent-donors/IGVFDO6607QZPA/,/rodent-donors/IGVFDO0853BCOL/,/rodent-donors/IGVFDO8958JQIY/,/rodent-donors/IGVFDO8904OIIT/,/rodent-donors/IGVFDO2645GUSC/,/rodent-donors/IGVFDO2319OUEC/,/rodent-donors/IGVFDO0026YRCR/,/rodent-donors/IGVFDO5523UFUN/,/rodent-donors/IGVFDO6219LVKW/,/rodent-donors/IGVFDO1643VEDI/,/rodent-donors/IGVFDO4707SGWM/,/rodent-donors/IGVFDO6066JIEJ/,/rodent-donors/IGVFDO0430HQIU/,/rodent-donors/IGVFDO5177QEWF/,/rodent-donors/IGVFDO7951JDSP/,/rodent-donors/IGVFDO2292YGGE/,/rodent-donors/IGVFDO2106EEWB/,/rodent-donors/IGVFDO7007WBAX/,/rodent-donors/IGVFDO8322VYDU/,/rodent-donors/IGVFDO6614NNPY/,/rodent-donors/IGVFDO9199TPBC/,/rodent-donors/IGVFDO9560CEGZ/,/rodent-donors/IGVFDO5539RLXJ/,/rodent-donors/IGVFDO7254QNQZ/,/rodent-donors/IGVFDO1744FDIX/,/rodent-donors/IGVFDO4788BIQB/,/rodent-donors/IGVFDO8152XDDC/,/rodent-donors/IGVFDO7610XXRR/,/rodent-donors/IGVFDO9374WXKK/,/rodent-donors/IGVFDO3655FKMR/,/rodent-donors/IGVFDO3662UKFW/,/rodent-donors/IGVFDO3207TERA/,/rodent-donors/IGVFDO2301HIUQ/,/rodent-donors/IGVFDO5502NJPS/,/rodent-donors/IGVFDO3762EAWT/",/labs/ali-mortazavi/,/awards/HG012077/,/assay-terms/OBI_0003109/,Parse SPLiT-seq,"https://www.protocols.io/view/evercode-single-index-pcr-5jyl82k9rl2w/v1, https://www.protocols.io/view/evercode-wt-mega-v2-2-1-8epv5xxrng1b/v1, https://www.protocols.io/view/protocol-to-isolate-and-fix-nuclei-from-flash-froz-dm6gp3zedvzp/v2, https://www.protocols.io/view/protocol-to-isolate-and-fix-nuclei-from-flash-froz-kxygx396zg8j/v2",mRNA enriched,single-nucleus RNA sequencing assay (Parse SPLiT-seq),Mus musculus,
/measurement-sets/IGVFDS0730EKEW/,IGVFDS0730EKEW,0c879b47-fb75-413e-b77d-35d9d7fce1e7,ali-mortazavi:004_67L_illumina,13,004,Heart,Liver,/multiplexed-samples/IGVFSM6852ELFT/,"/rodent-donors/IGVFDO4469VYEZ/,/rodent-donors/IGVFDO6066JIEJ/,/rodent-donors/IGVFDO1477BPVO/,/rodent-donors/IGVFDO2106EEWB/,/rodent-donors/IGVFDO0813DZTW/,/rodent-donors/IGVFDO5183UZGS/,/rodent-donors/IGVFDO2301HIUQ/,/rodent-donors/IGVFDO4707SGWM/,/rodent-donors/IGVFDO2319OUEC/,/rodent-donors/IGVFDO2645GUSC/,/rodent-donors/IGVFDO3534MDFF/,/rodent-donors/IGVFDO2831PZHE/,/rodent-donors/IGVFDO5177QEWF/,/rodent-donors/IGVFDO7957DMLJ/,/rodent-donors/IGVFDO4725SNCJ/,/rodent-donors/IGVFDO7254QNQZ/,/rodent-donors/IGVFDO9142EUBJ/,/rodent-donors/IGVFDO1643VEDI/,/rodent-donors/IGVFDO9340WGNV/,/rodent-donors/IGVFDO9560CEGZ/,/rodent-donors/IGVFDO0681EHNP/,/rodent-donors/IGVFDO7007WBAX/,/rodent-donors/IGVFDO7255VZBN/,/rodent-donors/IGVFDO9374WXKK/,/rodent-donors/IGVFDO8322VYDU/,/rodent-donors/IGVFDO5502NJPS/,/rodent-donors/IGVFDO5085MJSP/,/rodent-donors/IGVFDO4788BIQB/,/rodent-donors/IGVFDO5523UFUN/,/rodent-donors/IGVFDO6607QZPA/,/rodent-donors/IGVFDO7610XXRR/,/rodent-donors/IGVFDO8904OIIT/,/rodent-donors/IGVFDO1744FDIX/,/rodent-donors/IGVFDO3436ZMLY/,/rodent-donors/IGVFDO3655FKMR/,/rodent-donors/IGVFDO9202WGJZ/,/rodent-donors/IGVFDO2292YGGE/,/rodent-donors/IGVFDO9510ILZG/,/rodent-donors/IGVFDO7062NBTQ/,/rodent-donors/IGVFDO3603MEIO/,/rodent-donors/IGVFDO9199TPBC/,/rodent-donors/IGVFDO0751WQHI/,/rodent-donors/IGVFDO6112GRYR/,/rodent-donors/IGVFDO1452VDIT/,/rodent-donors/IGVFDO6141KSSQ/,/rodent-donors/IGVFDO8152XDDC/,/rodent-donors/IGVFDO7951JDSP/,/rodent-donors/IGVFDO5539RLXJ/,/rodent-donors/IGVFDO0853BCOL/,/rodent-donors/IGVFDO0696DMIA/,/rodent-donors/IGVFDO8958JQIY/,/rodent-donors/IGVFDO0624KKTV/,/rodent-donors/IGVFDO3762EAWT/,/rodent-donors/IGVFDO6219LVKW/,/rodent-donors/IGVFDO0026YRCR/,/rodent-donors/IGVFDO3207TERA/,/rodent-donors/IGVFDO5872DFML/,/rodent-donors/IGVFDO5737FRWD/,/rodent-donors/IGVFDO6614NNPY/,/rodent-donors/IGVFDO9890MXGN/,/rodent-donors/IGVFDO0430HQIU/,/rodent-donors/IGVFDO5258MBVH/,/rodent-donors/IGVFDO3662UKFW/,/rodent-donors/IGVFDO3640WUBU/",/labs/ali-mortazavi/,/awards/HG012077/,/assay-terms/OBI_0003109/,Parse SPLiT-seq,"https://www.protocols.io/view/evercode-single-index-pcr-5jyl82k9rl2w/v1, https://www.protocols.io/view/evercode-wt-mega-v2-2-1-8epv5xxrng1b/v1, https://www.protocols.io/view/protocol-to-isolate-and-fix-nuclei-from-flash-froz-dm6gp3zedvzp/v2, https://www.protocols.io/view/protocol-to-isolate-and-fix-nuclei-from-flash-froz-kxygx396zg8j/v2",mRNA enriched,single-nucleus RNA sequencing assay (Parse SPLiT-seq),Mus musculus,
/measurement-sets/IGVFDS4314DDJA/,IGVFDS4314DDJA,94d6eaa4-35b3-43d7-b2a4-ab1fde3181f3,ali-mortazavi:004_67M_illumina,14,004,Heart,Liver,/multiplexed-samples/IGVFSM5739IEPT/,"/rodent-donors/IGVFDO4469VYEZ/,/rodent-donors/IGVFDO6066JIEJ/,/rodent-donors/IGVFDO1477BPVO/,/rodent-donors/IGVFDO2106EEWB/,/rodent-donors/IGVFDO0813DZTW/,/rodent-donors/IGVFDO5183UZGS/,/rodent-donors/IGVFDO2301HIUQ/,/rodent-donors/IGVFDO4707SGWM/,/rodent-donors/IGVFDO2319OUEC/,/rodent-donors/IGVFDO2645GUSC/,/rodent-donors/IGVFDO3534MDFF/,/rodent-donors/IGVFDO2831PZHE/,/rodent-donors/IGVFDO5177QEWF/,/rodent-donors/IGVFDO7957DMLJ/,/rodent-donors/IGVFDO4725SNCJ/,/rodent-donors/IGVFDO7254QNQZ/,/rodent-donors/IGVFDO9142EUBJ/,/rodent-donors/IGVFDO1643VEDI/,/rodent-donors/IGVFDO9340WGNV/,/rodent-donors/IGVFDO9560CEGZ/,/rodent-donors/IGVFDO0681EHNP/,/rodent-donors/IGVFDO7007WBAX/,/rodent-donors/IGVFDO7255VZBN/,/rodent-donors/IGVFDO9374WXKK/,/rodent-donors/IGVFDO8322VYDU/,/rodent-donors/IGVFDO5502NJPS/,/rodent-donors/IGVFDO5085MJSP/,/rodent-donors/IGVFDO4788BIQB/,/rodent-donors/IGVFDO5523UFUN/,/rodent-donors/IGVFDO6607QZPA/,/rodent-donors/IGVFDO7610XXRR/,/rodent-donors/IGVFDO8904OIIT/,/rodent-donors/IGVFDO1744FDIX/,/rodent-donors/IGVFDO3436ZMLY/,/rodent-donors/IGVFDO3655FKMR/,/rodent-donors/IGVFDO9202WGJZ/,/rodent-donors/IGVFDO2292YGGE/,/rodent-donors/IGVFDO9510ILZG/,/rodent-donors/IGVFDO7062NBTQ/,/rodent-donors/IGVFDO3603MEIO/,/rodent-donors/IGVFDO9199TPBC/,/rodent-donors/IGVFDO0751WQHI/,/rodent-donors/IGVFDO6112GRYR/,/rodent-donors/IGVFDO1452VDIT/,/rodent-donors/IGVFDO6141KSSQ/,/rodent-donors/IGVFDO8152XDDC/,/rodent-donors/IGVFDO7951JDSP/,/rodent-donors/IGVFDO5539RLXJ/,/rodent-donors/IGVFDO0853BCOL/,/rodent-donors/IGVFDO0696DMIA/,/rodent-donors/IGVFDO8958JQIY/,/rodent-donors/IGVFDO0624KKTV/,/rodent-donors/IGVFDO3762EAWT/,/rodent-donors/IGVFDO6219LVKW/,/rodent-donors/IGVFDO0026YRCR/,/rodent-donors/IGVFDO3207TERA/,/rodent-donors/IGVFDO5872DFML/,/rodent-donors/IGVFDO5737FRWD/,/rodent-donors/IGVFDO6614NNPY/,/rodent-donors/IGVFDO9890MXGN/,/rodent-donors/IGVFDO0430HQIU/,/rodent-donors/IGVFDO5258MBVH/,/rodent-donors/IGVFDO3662UKFW/,/rodent-donors/IGVFDO3640WUBU/",/labs/ali-mortazavi/,/awards/HG012077/,/assay-terms/OBI_0003109/,Parse SPLiT-seq,"https://www.protocols.io/view/evercode-single-index-pcr-5jyl82k9rl2w/v1, https://www.protocols.io/view/evercode-wt-mega-v2-2-1-8epv5xxrng1b/v1, https://www.protocols.io/view/protocol-to-isolate-and-fix-nuclei-from-flash-froz-dm6gp3zedvzp/v2, https://www.protocols.io/view/protocol-to-isolate-and-fix-nuclei-from-flash-froz-kxygx396zg8j/v2",mRNA enriched,single-nucleus RNA sequencing assay (Parse SPLiT-seq),Mus musculus,
/measurement-sets/IGVFDS7814BDIB/,IGVFDS7814BDIB,68a63fec-d756-48b8-ac6b-528109e526e3,ali-mortazavi:004_67N_illumina,15,004,Heart,Liver,/multiplexed-samples/IGVFSM9331UHES/,"/rodent-donors/IGVFDO2831PZHE/,/rodent-donors/IGVFDO5258MBVH/,/rodent-donors/IGVFDO9340WGNV/,/rodent-donors/IGVFDO6141KSSQ/,/rodent-donors/IGVFDO3640WUBU/,/rodent-donors/IGVFDO5085MJSP/,/rodent-donors/IGVFDO9202WGJZ/,/rodent-donors/IGVFDO9890MXGN/,/rodent-donors/IGVFDO5872DFML/,/rodent-donors/IGVFDO4469VYEZ/,/rodent-donors/IGVFDO7957DMLJ/,/rodent-donors/IGVFDO0624KKTV/,/rodent-donors/IGVFDO1452VDIT/,/rodent-donors/IGVFDO0813DZTW/,/rodent-donors/IGVFDO0751WQHI/,/rodent-donors/IGVFDO5183UZGS/,/rodent-donors/IGVFDO0696DMIA/,/rodent-donors/IGVFDO6112GRYR/,/rodent-donors/IGVFDO9510ILZG/,/rodent-donors/IGVFDO9142EUBJ/,/rodent-donors/IGVFDO3603MEIO/,/rodent-donors/IGVFDO7062NBTQ/,/rodent-donors/IGVFDO7255VZBN/,/rodent-donors/IGVFDO5737FRWD/,/rodent-donors/IGVFDO1477BPVO/,/rodent-donors/IGVFDO0681EHNP/,/rodent-donors/IGVFDO3436ZMLY/,/rodent-donors/IGVFDO3534MDFF/,/rodent-donors/IGVFDO4725SNCJ/,/rodent-donors/IGVFDO6607QZPA/,/rodent-donors/IGVFDO0853BCOL/,/rodent-donors/IGVFDO8958JQIY/,/rodent-donors/IGVFDO8904OIIT/,/rodent-donors/IGVFDO2645GUSC/,/rodent-donors/IGVFDO2319OUEC/,/rodent-donors/IGVFDO0026YRCR/,/rodent-donors/IGVFDO5523UFUN/,/rodent-donors/IGVFDO6219LVKW/,/rodent-donors/IGVFDO1643VEDI/,/rodent-donors/IGVFDO4707SGWM/,/rodent-donors/IGVFDO6066JIEJ/,/rodent-donors/IGVFDO0430HQIU/,/rodent-donors/IGVFDO5177QEWF/,/rodent-donors/IGVFDO7951JDSP/,/rodent-donors/IGVFDO2292YGGE/,/rodent-donors/IGVFDO2106EEWB/,/rodent-donors/IGVFDO7007WBAX/,/rodent-donors/IGVFDO8322VYDU/,/rodent-donors/IGVFDO6614NNPY/,/rodent-donors/IGVFDO9199TPBC/,/rodent-donors/IGVFDO9560CEGZ/,/rodent-donors/IGVFDO5539RLXJ/,/rodent-donors/IGVFDO7254QNQZ/,/rodent-donors/IGVFDO1744FDIX/,/rodent-donors/IGVFDO4788BIQB/,/rodent-donors/IGVFDO8152XDDC/,/rodent-donors/IGVFDO7610XXRR/,/rodent-donors/IGVFDO9374WXKK/,/rodent-donors/IGVFDO3655FKMR/,/rodent-donors/IGVFDO3662UKFW/,/rodent-donors/IGVFDO3207TERA/,/rodent-donors/IGVFDO2301HIUQ/,/rodent-donors/IGVFDO5502NJPS/,/rodent-donors/IGVFDO3762EAWT/",/labs/ali-mortazavi/,/awards/HG012077/,/assay-terms/OBI_0003109/,Parse SPLiT-seq,"https://www.protocols.io/view/evercode-single-index-pcr-5jyl82k9rl2w/v1, https://www.protocols.io/view/evercode-wt-mega-v2-2-1-8epv5xxrng1b/v1, https://www.protocols.io/view/protocol-to-isolate-and-fix-nuclei-from-flash-froz-dm6gp3zedvzp/v2, https://www.protocols.io/view/protocol-to-isolate-and-fix-nuclei-from-flash-froz-kxygx396zg8j/v2",mRNA enriched,single-nucleus RNA sequencing assay (Parse SPLiT-seq),Mus musculus,
/measurement-sets/IGVFDS0875ANWX/,IGVFDS0875ANWX,de867824-f558-4ddb-b572-955d6595f860,ali-mortazavi:004_67O_illumina,16,004,Heart,Liver,/multiplexed-samples/IGVFSM6959CGVV/,"/rodent-donors/IGVFDO4469VYEZ/,/rodent-donors/IGVFDO6066JIEJ/,/rodent-donors/IGVFDO1477BPVO/,/rodent-donors/IGVFDO2106EEWB/,/rodent-donors/IGVFDO0813DZTW/,/rodent-donors/IGVFDO5183UZGS/,/rodent-donors/IGVFDO2301HIUQ/,/rodent-donors/IGVFDO4707SGWM/,/rodent-donors/IGVFDO2319OUEC/,/rodent-donors/IGVFDO2645GUSC/,/rodent-donors/IGVFDO3534MDFF/,/rodent-donors/IGVFDO2831PZHE/,/rodent-donors/IGVFDO5177QEWF/,/rodent-donors/IGVFDO7957DMLJ/,/rodent-donors/IGVFDO4725SNCJ/,/rodent-donors/IGVFDO7254QNQZ/,/rodent-donors/IGVFDO9142EUBJ/,/rodent-donors/IGVFDO1643VEDI/,/rodent-donors/IGVFDO9340WGNV/,/rodent-donors/IGVFDO9560CEGZ/,/rodent-donors/IGVFDO0681EHNP/,/rodent-donors/IGVFDO7007WBAX/,/rodent-donors/IGVFDO7255VZBN/,/rodent-donors/IGVFDO9374WXKK/,/rodent-donors/IGVFDO8322VYDU/,/rodent-donors/IGVFDO5502NJPS/,/rodent-donors/IGVFDO5085MJSP/,/rodent-donors/IGVFDO4788BIQB/,/rodent-donors/IGVFDO5523UFUN/,/rodent-donors/IGVFDO6607QZPA/,/rodent-donors/IGVFDO7610XXRR/,/rodent-donors/IGVFDO8904OIIT/,/rodent-donors/IGVFDO1744FDIX/,/rodent-donors/IGVFDO3436ZMLY/,/rodent-donors/IGVFDO3655FKMR/,/rodent-donors/IGVFDO9202WGJZ/,/rodent-donors/IGVFDO2292YGGE/,/rodent-donors/IGVFDO9510ILZG/,/rodent-donors/IGVFDO7062NBTQ/,/rodent-donors/IGVFDO3603MEIO/,/rodent-donors/IGVFDO9199TPBC/,/rodent-donors/IGVFDO0751WQHI/,/rodent-donors/IGVFDO6112GRYR/,/rodent-donors/IGVFDO1452VDIT/,/rodent-donors/IGVFDO6141KSSQ/,/rodent-donors/IGVFDO8152XDDC/,/rodent-donors/IGVFDO7951JDSP/,/rodent-donors/IGVFDO5539RLXJ/,/rodent-donors/IGVFDO0853BCOL/,/rodent-donors/IGVFDO0696DMIA/,/rodent-donors/IGVFDO8958JQIY/,/rodent-donors/IGVFDO0624KKTV/,/rodent-donors/IGVFDO3762EAWT/,/rodent-donors/IGVFDO6219LVKW/,/rodent-donors/IGVFDO0026YRCR/,/rodent-donors/IGVFDO3207TERA/,/rodent-donors/IGVFDO5872DFML/,/rodent-donors/IGVFDO5737FRWD/,/rodent-donors/IGVFDO6614NNPY/,/rodent-donors/IGVFDO9890MXGN/,/rodent-donors/IGVFDO0430HQIU/,/rodent-donors/IGVFDO5258MBVH/,/rodent-donors/IGVFDO3662UKFW/,/rodent-donors/IGVFDO3640WUBU/",/labs/ali-mortazavi/,/awards/HG012077/,/assay-terms/OBI_0003109/,Parse SPLiT-seq,"https://www.protocols.io/view/evercode-single-index-pcr-5jyl82k9rl2w/v1, https://www.protocols.io/view/evercode-wt-mega-v2-2-1-8epv5xxrng1b/v1, https://www.protocols.io/view/protocol-to-isolate-and-fix-nuclei-from-flash-froz-dm6gp3zedvzp/v2, https://www.protocols.io/view/protocol-to-isolate-and-fix-nuclei-from-flash-froz-kxygx396zg8j/v2",mRNA enriched,single-nucleus RNA sequencing assay (Parse SPLiT-seq),Mus musculus,
/measurement-sets/IGVFDS4031BSGU/,IGVFDS4031BSGU,35cadb41-0d91-4c6e-9d07-459eac881f1e,ali-mortazavi:004_13A_illumina,EX,004,Heart,Liver,/multiplexed-samples/IGVFSM8967MWWN/,"/rodent-donors/IGVFDO8152XDDC/,/rodent-donors/IGVFDO4707SGWM/,/rodent-donors/IGVFDO0853BCOL/,/rodent-donors/IGVFDO4725SNCJ/,/rodent-donors/IGVFDO3603MEIO/,/rodent-donors/IGVFDO5539RLXJ/,/rodent-donors/IGVFDO9510ILZG/,/rodent-donors/IGVFDO0624KKTV/,/rodent-donors/IGVFDO1643VEDI/,/rodent-donors/IGVFDO7062NBTQ/,/rodent-donors/IGVFDO0751WQHI/,/rodent-donors/IGVFDO5183UZGS/,/rodent-donors/IGVFDO5502NJPS/,/rodent-donors/IGVFDO5737FRWD/,/rodent-donors/IGVFDO7255VZBN/,/rodent-donors/IGVFDO3762EAWT/,/rodent-donors/IGVFDO5085MJSP/,/rodent-donors/IGVFDO6614NNPY/,/rodent-donors/IGVFDO3640WUBU/,/rodent-donors/IGVFDO9202WGJZ/,/rodent-donors/IGVFDO0026YRCR/,/rodent-donors/IGVFDO2319OUEC/,/rodent-donors/IGVFDO3436ZMLY/,/rodent-donors/IGVFDO6607QZPA/,/rodent-donors/IGVFDO9374WXKK/,/rodent-donors/IGVFDO7254QNQZ/,/rodent-donors/IGVFDO9199TPBC/,/rodent-donors/IGVFDO5523UFUN/,/rodent-donors/IGVFDO3534MDFF/,/rodent-donors/IGVFDO9142EUBJ/,/rodent-donors/IGVFDO0696DMIA/,/rodent-donors/IGVFDO2292YGGE/,/rodent-donors/IGVFDO6219LVKW/,/rodent-donors/IGVFDO7957DMLJ/,/rodent-donors/IGVFDO9560CEGZ/,/rodent-donors/IGVFDO3207TERA/,/rodent-donors/IGVFDO8322VYDU/,/rodent-donors/IGVFDO5872DFML/,/rodent-donors/IGVFDO7610XXRR/,/rodent-donors/IGVFDO1744FDIX/,/rodent-donors/IGVFDO0681EHNP/,/rodent-donors/IGVFDO8958JQIY/,/rodent-donors/IGVFDO9340WGNV/,/rodent-donors/IGVFDO1452VDIT/,/rodent-donors/IGVFDO5258MBVH/,/rodent-donors/IGVFDO3655FKMR/,/rodent-donors/IGVFDO3662UKFW/,/rodent-donors/IGVFDO2106EEWB/,/rodent-donors/IGVFDO2301HIUQ/,/rodent-donors/IGVFDO2645GUSC/,/rodent-donors/IGVFDO5177QEWF/,/rodent-donors/IGVFDO2831PZHE/,/rodent-donors/IGVFDO7007WBAX/,/rodent-donors/IGVFDO6112GRYR/,/rodent-donors/IGVFDO7951JDSP/,/rodent-donors/IGVFDO8904OIIT/,/rodent-donors/IGVFDO6141KSSQ/,/rodent-donors/IGVFDO0430HQIU/,/rodent-donors/IGVFDO6066JIEJ/,/rodent-donors/IGVFDO9890MXGN/,/rodent-donors/IGVFDO4469VYEZ/,/rodent-donors/IGVFDO4788BIQB/,/rodent-donors/IGVFDO0813DZTW/,/rodent-donors/IGVFDO1477BPVO/",/labs/ali-mortazavi/,/awards/HG012077/,/assay-terms/OBI_0003109/,Parse SPLiT-seq,"https://www.protocols.io/view/cdna-exome-capture-v1-0-1-36wgq3b83lk5/v1, https://www.protocols.io/view/evercode-single-index-pcr-5jyl82k9rl2w/v1, https://www.protocols.io/view/evercode-wt-mega-v2-2-1-8epv5xxrng1b/v1, https://www.protocols.io/view/ont-library-prep-for-split-seq-cdna-eq2lyj1xmlx9/v1, https://www.protocols.io/view/protocol-to-isolate-and-fix-nuclei-from-flash-froz-dm6gp3zedvzp/v2, https://www.protocols.io/view/protocol-to-isolate-and-fix-nuclei-from-flash-froz-kxygx396zg8j/v2",exome capture,single-nucleus RNA sequencing assay (Parse SPLiT-seq),Mus musculus,Exome capture subpool
/measurement-sets/IGVFDS0681MGJA/,IGVFDS0681MGJA,0a956679-1cc3-485f-8bca-bf20f4cd8fa2,ali-mortazavi:005_67A_illumina,2,005,Liver,Diencephalon/Pituitary,/multiplexed-samples/IGVFSM9645SRDN/,"/rodent-donors/IGVFDO2831PZHE/,/rodent-donors/IGVFDO5258MBVH/,/rodent-donors/IGVFDO9340WGNV/,/rodent-donors/IGVFDO6141KSSQ/,/rodent-donors/IGVFDO3640WUBU/,/rodent-donors/IGVFDO5085MJSP/,/rodent-donors/IGVFDO9202WGJZ/,/rodent-donors/IGVFDO9890MXGN/,/rodent-donors/IGVFDO5872DFML/,/rodent-donors/IGVFDO4469VYEZ/,/rodent-donors/IGVFDO7957DMLJ/,/rodent-donors/IGVFDO0624KKTV/,/rodent-donors/IGVFDO1452VDIT/,/rodent-donors/IGVFDO0813DZTW/,/rodent-donors/IGVFDO0751WQHI/,/rodent-donors/IGVFDO5183UZGS/,/rodent-donors/IGVFDO0696DMIA/,/rodent-donors/IGVFDO6112GRYR/,/rodent-donors/IGVFDO9510ILZG/,/rodent-donors/IGVFDO9142EUBJ/,/rodent-donors/IGVFDO3603MEIO/,/rodent-donors/IGVFDO7062NBTQ/,/rodent-donors/IGVFDO7255VZBN/,/rodent-donors/IGVFDO5737FRWD/,/rodent-donors/IGVFDO1477BPVO/,/rodent-donors/IGVFDO0681EHNP/,/rodent-donors/IGVFDO3436ZMLY/,/rodent-donors/IGVFDO3534MDFF/,/rodent-donors/IGVFDO4725SNCJ/,/rodent-donors/IGVFDO6607QZPA/,/rodent-donors/IGVFDO0853BCOL/,/rodent-donors/IGVFDO8958JQIY/,/rodent-donors/IGVFDO8904OIIT/,/rodent-donors/IGVFDO2645GUSC/,/rodent-donors/IGVFDO2319OUEC/,/rodent-donors/IGVFDO0026YRCR/,/rodent-donors/IGVFDO5523UFUN/,/rodent-donors/IGVFDO6219LVKW/,/rodent-donors/IGVFDO1643VEDI/,/rodent-donors/IGVFDO4707SGWM/,/rodent-donors/IGVFDO6066JIEJ/,/rodent-donors/IGVFDO0430HQIU/,/rodent-donors/IGVFDO2517TXOT/,/rodent-donors/IGVFDO5177QEWF/,/rodent-donors/IGVFDO7951JDSP/,/rodent-donors/IGVFDO2292YGGE/,/rodent-donors/IGVFDO2106EEWB/,/rodent-donors/IGVFDO7007WBAX/,/rodent-donors/IGVFDO8322VYDU/,/rodent-donors/IGVFDO6614NNPY/,/rodent-donors/IGVFDO9199TPBC/,/rodent-donors/IGVFDO9560CEGZ/,/rodent-donors/IGVFDO5539RLXJ/,/rodent-donors/IGVFDO7254QNQZ/,/rodent-donors/IGVFDO1744FDIX/,/rodent-donors/IGVFDO4788BIQB/,/rodent-donors/IGVFDO8152XDDC/,/rodent-donors/IGVFDO7610XXRR/,/rodent-donors/IGVFDO9374WXKK/,/rodent-donors/IGVFDO3655FKMR/,/rodent-donors/IGVFDO3662UKFW/,/rodent-donors/IGVFDO3207TERA/,/rodent-donors/IGVFDO2301HIUQ/,/rodent-donors/IGVFDO5502NJPS/,/rodent-donors/IGVFDO3762EAWT/",/labs/ali-mortazavi/,/awards/HG012077/,/assay-terms/OBI_0003109/,Parse SPLiT-seq,"https://www.protocols.io/view/evercode-single-index-pcr-5jyl82k9rl2w/v1, https://www.protocols.io/view/evercode-wt-mega-v2-2-1-8epv5xxrng1b/v1, https://www.protocols.io/view/protocol-to-isolate-and-fix-nuclei-from-flash-froz-kxygx396zg8j/v2, https://www.protocols.io/view/protocol-to-isolate-and-fix-nuclei-from-flash-froz-n92ldm8b8l5b/v2",mRNA enriched,single-nucleus RNA sequencing assay (Parse SPLiT-seq),Mus musculus,
/measurement-sets/IGVFDS4723VQYS/,IGVFDS4723VQYS,c7ac8144-d25d-4bc5-be13-0bcba7fbf508,ali-mortazavi:005_67B_illumina,3,005,Liver,Diencephalon/Pituitary,/multiplexed-samples/IGVFSM6927OEBZ/,"/rodent-donors/IGVFDO4469VYEZ/,/rodent-donors/IGVFDO6066JIEJ/,/rodent-donors/IGVFDO1477BPVO/,/rodent-donors/IGVFDO2106EEWB/,/rodent-donors/IGVFDO0813DZTW/,/rodent-donors/IGVFDO5183UZGS/,/rodent-donors/IGVFDO2301HIUQ/,/rodent-donors/IGVFDO4707SGWM/,/rodent-donors/IGVFDO2319OUEC/,/rodent-donors/IGVFDO2645GUSC/,/rodent-donors/IGVFDO3534MDFF/,/rodent-donors/IGVFDO2831PZHE/,/rodent-donors/IGVFDO5177QEWF/,/rodent-donors/IGVFDO7957DMLJ/,/rodent-donors/IGVFDO4725SNCJ/,/rodent-donors/IGVFDO7254QNQZ/,/rodent-donors/IGVFDO9142EUBJ/,/rodent-donors/IGVFDO1643VEDI/,/rodent-donors/IGVFDO9340WGNV/,/rodent-donors/IGVFDO9560CEGZ/,/rodent-donors/IGVFDO0681EHNP/,/rodent-donors/IGVFDO7007WBAX/,/rodent-donors/IGVFDO7255VZBN/,/rodent-donors/IGVFDO9374WXKK/,/rodent-donors/IGVFDO8322VYDU/,/rodent-donors/IGVFDO5502NJPS/,/rodent-donors/IGVFDO5085MJSP/,/rodent-donors/IGVFDO4788BIQB/,/rodent-donors/IGVFDO5523UFUN/,/rodent-donors/IGVFDO6607QZPA/,/rodent-donors/IGVFDO7610XXRR/,/rodent-donors/IGVFDO8904OIIT/,/rodent-donors/IGVFDO1744FDIX/,/rodent-donors/IGVFDO3436ZMLY/,/rodent-donors/IGVFDO3655FKMR/,/rodent-donors/IGVFDO9202WGJZ/,/rodent-donors/IGVFDO2292YGGE/,/rodent-donors/IGVFDO9510ILZG/,/rodent-donors/IGVFDO7062NBTQ/,/rodent-donors/IGVFDO3603MEIO/,/rodent-donors/IGVFDO9199TPBC/,/rodent-donors/IGVFDO0751WQHI/,/rodent-donors/IGVFDO6112GRYR/,/rodent-donors/IGVFDO1452VDIT/,/rodent-donors/IGVFDO6141KSSQ/,/rodent-donors/IGVFDO2517TXOT/,/rodent-donors/IGVFDO7951JDSP/,/rodent-donors/IGVFDO8152XDDC/,/rodent-donors/IGVFDO5539RLXJ/,/rodent-donors/IGVFDO0853BCOL/,/rodent-donors/IGVFDO0696DMIA/,/rodent-donors/IGVFDO8958JQIY/,/rodent-donors/IGVFDO0624KKTV/,/rodent-donors/IGVFDO3762EAWT/,/rodent-donors/IGVFDO6219LVKW/,/rodent-donors/IGVFDO0026YRCR/,/rodent-donors/IGVFDO3207TERA/,/rodent-donors/IGVFDO5872DFML/,/rodent-donors/IGVFDO5737FRWD/,/rodent-donors/IGVFDO6614NNPY/,/rodent-donors/IGVFDO9890MXGN/,/rodent-donors/IGVFDO0430HQIU/,/rodent-donors/IGVFDO5258MBVH/,/rodent-donors/IGVFDO3662UKFW/,/rodent-donors/IGVFDO3640WUBU/",/labs/ali-mortazavi/,/awards/HG012077/,/assay-terms/OBI_0003109/,Parse SPLiT-seq,"https://www.protocols.io/view/evercode-single-index-pcr-5jyl82k9rl2w/v1, https://www.protocols.io/view/evercode-wt-mega-v2-2-1-8epv5xxrng1b/v1, https://www.protocols.io/view/protocol-to-isolate-and-fix-nuclei-from-flash-froz-kxygx396zg8j/v2, https://www.protocols.io/view/protocol-to-isolate-and-fix-nuclei-from-flash-froz-n92ldm8b8l5b/v2",mRNA enriched,single-nucleus RNA sequencing assay (Parse SPLiT-seq),Mus musculus,
/measurement-sets/IGVFDS0650LFIN/,IGVFDS0650LFIN,99e45ccc-3837-4c42-928d-5b7a58e3dd2d,ali-mortazavi:005_67C_illumina,4,005,Liver,Diencephalon/Pituitary,/multiplexed-samples/IGVFSM3385IZRM/,"/rodent-donors/IGVFDO2831PZHE/,/rodent-donors/IGVFDO5258MBVH/,/rodent-donors/IGVFDO9340WGNV/,/rodent-donors/IGVFDO6141KSSQ/,/rodent-donors/IGVFDO3640WUBU/,/rodent-donors/IGVFDO5085MJSP/,/rodent-donors/IGVFDO9202WGJZ/,/rodent-donors/IGVFDO9890MXGN/,/rodent-donors/IGVFDO5872DFML/,/rodent-donors/IGVFDO4469VYEZ/,/rodent-donors/IGVFDO7957DMLJ/,/rodent-donors/IGVFDO0624KKTV/,/rodent-donors/IGVFDO1452VDIT/,/rodent-donors/IGVFDO0813DZTW/,/rodent-donors/IGVFDO0751WQHI/,/rodent-donors/IGVFDO5183UZGS/,/rodent-donors/IGVFDO0696DMIA/,/rodent-donors/IGVFDO6112GRYR/,/rodent-donors/IGVFDO9510ILZG/,/rodent-donors/IGVFDO9142EUBJ/,/rodent-donors/IGVFDO3603MEIO/,/rodent-donors/IGVFDO7062NBTQ/,/rodent-donors/IGVFDO7255VZBN/,/rodent-donors/IGVFDO5737FRWD/,/rodent-donors/IGVFDO1477BPVO/,/rodent-donors/IGVFDO0681EHNP/,/rodent-donors/IGVFDO3436ZMLY/,/rodent-donors/IGVFDO3534MDFF/,/rodent-donors/IGVFDO4725SNCJ/,/rodent-donors/IGVFDO6607QZPA/,/rodent-donors/IGVFDO0853BCOL/,/rodent-donors/IGVFDO8958JQIY/,/rodent-donors/IGVFDO8904OIIT/,/rodent-donors/IGVFDO2645GUSC/,/rodent-donors/IGVFDO2319OUEC/,/rodent-donors/IGVFDO0026YRCR/,/rodent-donors/IGVFDO5523UFUN/,/rodent-donors/IGVFDO6219LVKW/,/rodent-donors/IGVFDO1643VEDI/,/rodent-donors/IGVFDO4707SGWM/,/rodent-donors/IGVFDO6066JIEJ/,/rodent-donors/IGVFDO0430HQIU/,/rodent-donors/IGVFDO2517TXOT/,/rodent-donors/IGVFDO5177QEWF/,/rodent-donors/IGVFDO7951JDSP/,/rodent-donors/IGVFDO2292YGGE/,/rodent-donors/IGVFDO2106EEWB/,/rodent-donors/IGVFDO7007WBAX/,/rodent-donors/IGVFDO8322VYDU/,/rodent-donors/IGVFDO6614NNPY/,/rodent-donors/IGVFDO9199TPBC/,/rodent-donors/IGVFDO9560CEGZ/,/rodent-donors/IGVFDO5539RLXJ/,/rodent-donors/IGVFDO7254QNQZ/,/rodent-donors/IGVFDO1744FDIX/,/rodent-donors/IGVFDO4788BIQB/,/rodent-donors/IGVFDO8152XDDC/,/rodent-donors/IGVFDO7610XXRR/,/rodent-donors/IGVFDO9374WXKK/,/rodent-donors/IGVFDO3655FKMR/,/rodent-donors/IGVFDO3662UKFW/,/rodent-donors/IGVFDO3207TERA/,/rodent-donors/IGVFDO2301HIUQ/,/rodent-donors/IGVFDO5502NJPS/,/rodent-donors/IGVFDO3762EAWT/",/labs/ali-mortazavi/,/awards/HG012077/,/assay-terms/OBI_0003109/,Parse SPLiT-seq,"https://www.protocols.io/view/evercode-single-index-pcr-5jyl82k9rl2w/v1, https://www.protocols.io/view/evercode-wt-mega-v2-2-1-8epv5xxrng1b/v1, https://www.protocols.io/view/protocol-to-isolate-and-fix-nuclei-from-flash-froz-kxygx396zg8j/v2, https://www.protocols.io/view/protocol-to-isolate-and-fix-nuclei-from-flash-froz-n92ldm8b8l5b/v2",mRNA enriched,single-nucleus RNA sequencing assay (Parse SPLiT-seq),Mus musculus,
/measurement-sets/IGVFDS6825AWHP/,IGVFDS6825AWHP,23975e6f-8ffa-49e5-adef-75ad4d8f5b86,ali-mortazavi:005_67D_illumina,5,005,Liver,Diencephalon/Pituitary,/multiplexed-samples/IGVFSM6644OFKO/,"/rodent-donors/IGVFDO4469VYEZ/,/rodent-donors/IGVFDO6066JIEJ/,/rodent-donors/IGVFDO1477BPVO/,/rodent-donors/IGVFDO2106EEWB/,/rodent-donors/IGVFDO0813DZTW/,/rodent-donors/IGVFDO5183UZGS/,/rodent-donors/IGVFDO2301HIUQ/,/rodent-donors/IGVFDO4707SGWM/,/rodent-donors/IGVFDO2319OUEC/,/rodent-donors/IGVFDO2645GUSC/,/rodent-donors/IGVFDO3534MDFF/,/rodent-donors/IGVFDO2831PZHE/,/rodent-donors/IGVFDO5177QEWF/,/rodent-donors/IGVFDO7957DMLJ/,/rodent-donors/IGVFDO4725SNCJ/,/rodent-donors/IGVFDO7254QNQZ/,/rodent-donors/IGVFDO9142EUBJ/,/rodent-donors/IGVFDO1643VEDI/,/rodent-donors/IGVFDO9340WGNV/,/rodent-donors/IGVFDO9560CEGZ/,/rodent-donors/IGVFDO0681EHNP/,/rodent-donors/IGVFDO7007WBAX/,/rodent-donors/IGVFDO7255VZBN/,/rodent-donors/IGVFDO9374WXKK/,/rodent-donors/IGVFDO8322VYDU/,/rodent-donors/IGVFDO5502NJPS/,/rodent-donors/IGVFDO5085MJSP/,/rodent-donors/IGVFDO4788BIQB/,/rodent-donors/IGVFDO5523UFUN/,/rodent-donors/IGVFDO6607QZPA/,/rodent-donors/IGVFDO7610XXRR/,/rodent-donors/IGVFDO8904OIIT/,/rodent-donors/IGVFDO1744FDIX/,/rodent-donors/IGVFDO3436ZMLY/,/rodent-donors/IGVFDO3655FKMR/,/rodent-donors/IGVFDO9202WGJZ/,/rodent-donors/IGVFDO2292YGGE/,/rodent-donors/IGVFDO9510ILZG/,/rodent-donors/IGVFDO7062NBTQ/,/rodent-donors/IGVFDO3603MEIO/,/rodent-donors/IGVFDO9199TPBC/,/rodent-donors/IGVFDO0751WQHI/,/rodent-donors/IGVFDO6112GRYR/,/rodent-donors/IGVFDO1452VDIT/,/rodent-donors/IGVFDO6141KSSQ/,/rodent-donors/IGVFDO2517TXOT/,/rodent-donors/IGVFDO7951JDSP/,/rodent-donors/IGVFDO8152XDDC/,/rodent-donors/IGVFDO5539RLXJ/,/rodent-donors/IGVFDO0853BCOL/,/rodent-donors/IGVFDO0696DMIA/,/rodent-donors/IGVFDO8958JQIY/,/rodent-donors/IGVFDO0624KKTV/,/rodent-donors/IGVFDO3762EAWT/,/rodent-donors/IGVFDO6219LVKW/,/rodent-donors/IGVFDO0026YRCR/,/rodent-donors/IGVFDO3207TERA/,/rodent-donors/IGVFDO5872DFML/,/rodent-donors/IGVFDO5737FRWD/,/rodent-donors/IGVFDO6614NNPY/,/rodent-donors/IGVFDO9890MXGN/,/rodent-donors/IGVFDO0430HQIU/,/rodent-donors/IGVFDO5258MBVH/,/rodent-donors/IGVFDO3662UKFW/,/rodent-donors/IGVFDO3640WUBU/",/labs/ali-mortazavi/,/awards/HG012077/,/assay-terms/OBI_0003109/,Parse SPLiT-seq,"https://www.protocols.io/view/evercode-single-index-pcr-5jyl82k9rl2w/v1, https://www.protocols.io/view/evercode-wt-mega-v2-2-1-8epv5xxrng1b/v1, https://www.protocols.io/view/protocol-to-isolate-and-fix-nuclei-from-flash-froz-kxygx396zg8j/v2, https://www.protocols.io/view/protocol-to-isolate-and-fix-nuclei-from-flash-froz-n92ldm8b8l5b/v2",mRNA enriched,single-nucleus RNA sequencing assay (Parse SPLiT-seq),Mus musculus,
/measurement-sets/IGVFDS1046EOFR/,IGVFDS1046EOFR,085e35cc-460d-4bb4-867a-70d0e86464c0,ali-mortazavi:005_67E_illumina,6,005,Liver,Diencephalon/Pituitary,/multiplexed-samples/IGVFSM6352IMUS/,"/rodent-donors/IGVFDO4469VYEZ/,/rodent-donors/IGVFDO6066JIEJ/,/rodent-donors/IGVFDO1477BPVO/,/rodent-donors/IGVFDO2106EEWB/,/rodent-donors/IGVFDO0813DZTW/,/rodent-donors/IGVFDO5183UZGS/,/rodent-donors/IGVFDO2301HIUQ/,/rodent-donors/IGVFDO4707SGWM/,/rodent-donors/IGVFDO2319OUEC/,/rodent-donors/IGVFDO2645GUSC/,/rodent-donors/IGVFDO3534MDFF/,/rodent-donors/IGVFDO2831PZHE/,/rodent-donors/IGVFDO5177QEWF/,/rodent-donors/IGVFDO7957DMLJ/,/rodent-donors/IGVFDO4725SNCJ/,/rodent-donors/IGVFDO7254QNQZ/,/rodent-donors/IGVFDO9142EUBJ/,/rodent-donors/IGVFDO1643VEDI/,/rodent-donors/IGVFDO9340WGNV/,/rodent-donors/IGVFDO9560CEGZ/,/rodent-donors/IGVFDO0681EHNP/,/rodent-donors/IGVFDO7007WBAX/,/rodent-donors/IGVFDO7255VZBN/,/rodent-donors/IGVFDO9374WXKK/,/rodent-donors/IGVFDO8322VYDU/,/rodent-donors/IGVFDO5502NJPS/,/rodent-donors/IGVFDO5085MJSP/,/rodent-donors/IGVFDO4788BIQB/,/rodent-donors/IGVFDO5523UFUN/,/rodent-donors/IGVFDO6607QZPA/,/rodent-donors/IGVFDO7610XXRR/,/rodent-donors/IGVFDO8904OIIT/,/rodent-donors/IGVFDO1744FDIX/,/rodent-donors/IGVFDO3436ZMLY/,/rodent-donors/IGVFDO3655FKMR/,/rodent-donors/IGVFDO9202WGJZ/,/rodent-donors/IGVFDO2292YGGE/,/rodent-donors/IGVFDO9510ILZG/,/rodent-donors/IGVFDO7062NBTQ/,/rodent-donors/IGVFDO3603MEIO/,/rodent-donors/IGVFDO9199TPBC/,/rodent-donors/IGVFDO0751WQHI/,/rodent-donors/IGVFDO6112GRYR/,/rodent-donors/IGVFDO1452VDIT/,/rodent-donors/IGVFDO6141KSSQ/,/rodent-donors/IGVFDO2517TXOT/,/rodent-donors/IGVFDO7951JDSP/,/rodent-donors/IGVFDO8152XDDC/,/rodent-donors/IGVFDO5539RLXJ/,/rodent-donors/IGVFDO0853BCOL/,/rodent-donors/IGVFDO0696DMIA/,/rodent-donors/IGVFDO8958JQIY/,/rodent-donors/IGVFDO0624KKTV/,/rodent-donors/IGVFDO3762EAWT/,/rodent-donors/IGVFDO6219LVKW/,/rodent-donors/IGVFDO0026YRCR/,/rodent-donors/IGVFDO3207TERA/,/rodent-donors/IGVFDO5872DFML/,/rodent-donors/IGVFDO5737FRWD/,/rodent-donors/IGVFDO6614NNPY/,/rodent-donors/IGVFDO9890MXGN/,/rodent-donors/IGVFDO0430HQIU/,/rodent-donors/IGVFDO5258MBVH/,/rodent-donors/IGVFDO3662UKFW/,/rodent-donors/IGVFDO3640WUBU/",/labs/ali-mortazavi/,/awards/HG012077/,/assay-terms/OBI_0003109/,Parse SPLiT-seq,"https://www.protocols.io/view/evercode-single-index-pcr-5jyl82k9rl2w/v1, https://www.protocols.io/view/evercode-wt-mega-v2-2-1-8epv5xxrng1b/v1, https://www.protocols.io/view/protocol-to-isolate-and-fix-nuclei-from-flash-froz-kxygx396zg8j/v2, https://www.protocols.io/view/protocol-to-isolate-and-fix-nuclei-from-flash-froz-n92ldm8b8l5b/v2",mRNA enriched,single-nucleus RNA sequencing assay (Parse SPLiT-seq),Mus musculus,
/measurement-sets/IGVFDS0405OVKV/,IGVFDS0405OVKV,00cb1112-0e26-4db4-a1d2-d9d9b1b22697,ali-mortazavi:005_67F_illumina,7,005,Liver,Diencephalon/Pituitary,/multiplexed-samples/IGVFSM8419PXKG/,"/rodent-donors/IGVFDO4469VYEZ/,/rodent-donors/IGVFDO6066JIEJ/,/rodent-donors/IGVFDO1477BPVO/,/rodent-donors/IGVFDO2106EEWB/,/rodent-donors/IGVFDO0813DZTW/,/rodent-donors/IGVFDO5183UZGS/,/rodent-donors/IGVFDO2301HIUQ/,/rodent-donors/IGVFDO4707SGWM/,/rodent-donors/IGVFDO2319OUEC/,/rodent-donors/IGVFDO2645GUSC/,/rodent-donors/IGVFDO3534MDFF/,/rodent-donors/IGVFDO2831PZHE/,/rodent-donors/IGVFDO5177QEWF/,/rodent-donors/IGVFDO7957DMLJ/,/rodent-donors/IGVFDO4725SNCJ/,/rodent-donors/IGVFDO7254QNQZ/,/rodent-donors/IGVFDO9142EUBJ/,/rodent-donors/IGVFDO1643VEDI/,/rodent-donors/IGVFDO9340WGNV/,/rodent-donors/IGVFDO9560CEGZ/,/rodent-donors/IGVFDO0681EHNP/,/rodent-donors/IGVFDO7007WBAX/,/rodent-donors/IGVFDO7255VZBN/,/rodent-donors/IGVFDO9374WXKK/,/rodent-donors/IGVFDO8322VYDU/,/rodent-donors/IGVFDO5502NJPS/,/rodent-donors/IGVFDO5085MJSP/,/rodent-donors/IGVFDO4788BIQB/,/rodent-donors/IGVFDO5523UFUN/,/rodent-donors/IGVFDO6607QZPA/,/rodent-donors/IGVFDO7610XXRR/,/rodent-donors/IGVFDO8904OIIT/,/rodent-donors/IGVFDO1744FDIX/,/rodent-donors/IGVFDO3436ZMLY/,/rodent-donors/IGVFDO3655FKMR/,/rodent-donors/IGVFDO9202WGJZ/,/rodent-donors/IGVFDO2292YGGE/,/rodent-donors/IGVFDO9510ILZG/,/rodent-donors/IGVFDO7062NBTQ/,/rodent-donors/IGVFDO3603MEIO/,/rodent-donors/IGVFDO9199TPBC/,/rodent-donors/IGVFDO0751WQHI/,/rodent-donors/IGVFDO6112GRYR/,/rodent-donors/IGVFDO1452VDIT/,/rodent-donors/IGVFDO6141KSSQ/,/rodent-donors/IGVFDO2517TXOT/,/rodent-donors/IGVFDO7951JDSP/,/rodent-donors/IGVFDO8152XDDC/,/rodent-donors/IGVFDO5539RLXJ/,/rodent-donors/IGVFDO0853BCOL/,/rodent-donors/IGVFDO0696DMIA/,/rodent-donors/IGVFDO8958JQIY/,/rodent-donors/IGVFDO0624KKTV/,/rodent-donors/IGVFDO3762EAWT/,/rodent-donors/IGVFDO6219LVKW/,/rodent-donors/IGVFDO0026YRCR/,/rodent-donors/IGVFDO3207TERA/,/rodent-donors/IGVFDO5872DFML/,/rodent-donors/IGVFDO5737FRWD/,/rodent-donors/IGVFDO6614NNPY/,/rodent-donors/IGVFDO9890MXGN/,/rodent-donors/IGVFDO0430HQIU/,/rodent-donors/IGVFDO5258MBVH/,/rodent-donors/IGVFDO3662UKFW/,/rodent-donors/IGVFDO3640WUBU/",/labs/ali-mortazavi/,/awards/HG012077/,/assay-terms/OBI_0003109/,Parse SPLiT-seq,"https://www.protocols.io/view/evercode-single-index-pcr-5jyl82k9rl2w/v1, https://www.protocols.io/view/evercode-wt-mega-v2-2-1-8epv5xxrng1b/v1, https://www.protocols.io/view/protocol-to-isolate-and-fix-nuclei-from-flash-froz-kxygx396zg8j/v2, https://www.protocols.io/view/protocol-to-isolate-and-fix-nuclei-from-flash-froz-n92ldm8b8l5b/v2",mRNA enriched,single-nucleus RNA sequencing assay (Parse SPLiT-seq),Mus musculus,
/measurement-sets/IGVFDS0783WGAL/,IGVFDS0783WGAL,4809c0b2-33bd-490d-a252-8ab557edbe5d,ali-mortazavi:005_67G_illumina,8,005,Liver,Diencephalon/Pituitary,/multiplexed-samples/IGVFSM9578XDQL/,"/rodent-donors/IGVFDO2831PZHE/,/rodent-donors/IGVFDO5258MBVH/,/rodent-donors/IGVFDO9340WGNV/,/rodent-donors/IGVFDO6141KSSQ/,/rodent-donors/IGVFDO3640WUBU/,/rodent-donors/IGVFDO5085MJSP/,/rodent-donors/IGVFDO9202WGJZ/,/rodent-donors/IGVFDO9890MXGN/,/rodent-donors/IGVFDO5872DFML/,/rodent-donors/IGVFDO4469VYEZ/,/rodent-donors/IGVFDO7957DMLJ/,/rodent-donors/IGVFDO0624KKTV/,/rodent-donors/IGVFDO1452VDIT/,/rodent-donors/IGVFDO0813DZTW/,/rodent-donors/IGVFDO0751WQHI/,/rodent-donors/IGVFDO5183UZGS/,/rodent-donors/IGVFDO0696DMIA/,/rodent-donors/IGVFDO6112GRYR/,/rodent-donors/IGVFDO9510ILZG/,/rodent-donors/IGVFDO9142EUBJ/,/rodent-donors/IGVFDO3603MEIO/,/rodent-donors/IGVFDO7062NBTQ/,/rodent-donors/IGVFDO7255VZBN/,/rodent-donors/IGVFDO5737FRWD/,/rodent-donors/IGVFDO1477BPVO/,/rodent-donors/IGVFDO0681EHNP/,/rodent-donors/IGVFDO3436ZMLY/,/rodent-donors/IGVFDO3534MDFF/,/rodent-donors/IGVFDO4725SNCJ/,/rodent-donors/IGVFDO6607QZPA/,/rodent-donors/IGVFDO0853BCOL/,/rodent-donors/IGVFDO8958JQIY/,/rodent-donors/IGVFDO8904OIIT/,/rodent-donors/IGVFDO2645GUSC/,/rodent-donors/IGVFDO2319OUEC/,/rodent-donors/IGVFDO0026YRCR/,/rodent-donors/IGVFDO5523UFUN/,/rodent-donors/IGVFDO6219LVKW/,/rodent-donors/IGVFDO1643VEDI/,/rodent-donors/IGVFDO4707SGWM/,/rodent-donors/IGVFDO6066JIEJ/,/rodent-donors/IGVFDO0430HQIU/,/rodent-donors/IGVFDO2517TXOT/,/rodent-donors/IGVFDO5177QEWF/,/rodent-donors/IGVFDO7951JDSP/,/rodent-donors/IGVFDO2292YGGE/,/rodent-donors/IGVFDO2106EEWB/,/rodent-donors/IGVFDO7007WBAX/,/rodent-donors/IGVFDO8322VYDU/,/rodent-donors/IGVFDO6614NNPY/,/rodent-donors/IGVFDO9199TPBC/,/rodent-donors/IGVFDO9560CEGZ/,/rodent-donors/IGVFDO5539RLXJ/,/rodent-donors/IGVFDO7254QNQZ/,/rodent-donors/IGVFDO1744FDIX/,/rodent-donors/IGVFDO4788BIQB/,/rodent-donors/IGVFDO8152XDDC/,/rodent-donors/IGVFDO7610XXRR/,/rodent-donors/IGVFDO9374WXKK/,/rodent-donors/IGVFDO3655FKMR/,/rodent-donors/IGVFDO3662UKFW/,/rodent-donors/IGVFDO3207TERA/,/rodent-donors/IGVFDO2301HIUQ/,/rodent-donors/IGVFDO5502NJPS/,/rodent-donors/IGVFDO3762EAWT/",/labs/ali-mortazavi/,/awards/HG012077/,/assay-terms/OBI_0003109/,Parse SPLiT-seq,"https://www.protocols.io/view/evercode-single-index-pcr-5jyl82k9rl2w/v1, https://www.protocols.io/view/evercode-wt-mega-v2-2-1-8epv5xxrng1b/v1, https://www.protocols.io/view/protocol-to-isolate-and-fix-nuclei-from-flash-froz-kxygx396zg8j/v2, https://www.protocols.io/view/protocol-to-isolate-and-fix-nuclei-from-flash-froz-n92ldm8b8l5b/v2",mRNA enriched,single-nucleus RNA sequencing assay (Parse SPLiT-seq),Mus musculus,
/measurement-sets/IGVFDS4015XFCR/,IGVFDS4015XFCR,56e0fa2f-ca85-4e53-843a-9d36a3c2b43b,ali-mortazavi:005_67H_illumina,9,005,Liver,Diencephalon/Pituitary,/multiplexed-samples/IGVFSM3290PILO/,"/rodent-donors/IGVFDO2831PZHE/,/rodent-donors/IGVFDO5258MBVH/,/rodent-donors/IGVFDO9340WGNV/,/rodent-donors/IGVFDO6141KSSQ/,/rodent-donors/IGVFDO3640WUBU/,/rodent-donors/IGVFDO5085MJSP/,/rodent-donors/IGVFDO9202WGJZ/,/rodent-donors/IGVFDO9890MXGN/,/rodent-donors/IGVFDO5872DFML/,/rodent-donors/IGVFDO4469VYEZ/,/rodent-donors/IGVFDO7957DMLJ/,/rodent-donors/IGVFDO0624KKTV/,/rodent-donors/IGVFDO1452VDIT/,/rodent-donors/IGVFDO0813DZTW/,/rodent-donors/IGVFDO0751WQHI/,/rodent-donors/IGVFDO5183UZGS/,/rodent-donors/IGVFDO0696DMIA/,/rodent-donors/IGVFDO6112GRYR/,/rodent-donors/IGVFDO9510ILZG/,/rodent-donors/IGVFDO9142EUBJ/,/rodent-donors/IGVFDO3603MEIO/,/rodent-donors/IGVFDO7062NBTQ/,/rodent-donors/IGVFDO7255VZBN/,/rodent-donors/IGVFDO5737FRWD/,/rodent-donors/IGVFDO1477BPVO/,/rodent-donors/IGVFDO0681EHNP/,/rodent-donors/IGVFDO3436ZMLY/,/rodent-donors/IGVFDO3534MDFF/,/rodent-donors/IGVFDO4725SNCJ/,/rodent-donors/IGVFDO6607QZPA/,/rodent-donors/IGVFDO0853BCOL/,/rodent-donors/IGVFDO8958JQIY/,/rodent-donors/IGVFDO8904OIIT/,/rodent-donors/IGVFDO2645GUSC/,/rodent-donors/IGVFDO2319OUEC/,/rodent-donors/IGVFDO0026YRCR/,/rodent-donors/IGVFDO5523UFUN/,/rodent-donors/IGVFDO6219LVKW/,/rodent-donors/IGVFDO1643VEDI/,/rodent-donors/IGVFDO4707SGWM/,/rodent-donors/IGVFDO6066JIEJ/,/rodent-donors/IGVFDO0430HQIU/,/rodent-donors/IGVFDO2517TXOT/,/rodent-donors/IGVFDO5177QEWF/,/rodent-donors/IGVFDO7951JDSP/,/rodent-donors/IGVFDO2292YGGE/,/rodent-donors/IGVFDO2106EEWB/,/rodent-donors/IGVFDO7007WBAX/,/rodent-donors/IGVFDO8322VYDU/,/rodent-donors/IGVFDO6614NNPY/,/rodent-donors/IGVFDO9199TPBC/,/rodent-donors/IGVFDO9560CEGZ/,/rodent-donors/IGVFDO5539RLXJ/,/rodent-donors/IGVFDO7254QNQZ/,/rodent-donors/IGVFDO1744FDIX/,/rodent-donors/IGVFDO4788BIQB/,/rodent-donors/IGVFDO8152XDDC/,/rodent-donors/IGVFDO7610XXRR/,/rodent-donors/IGVFDO9374WXKK/,/rodent-donors/IGVFDO3655FKMR/,/rodent-donors/IGVFDO3662UKFW/,/rodent-donors/IGVFDO3207TERA/,/rodent-donors/IGVFDO2301HIUQ/,/rodent-donors/IGVFDO5502NJPS/,/rodent-donors/IGVFDO3762EAWT/",/labs/ali-mortazavi/,/awards/HG012077/,/assay-terms/OBI_0003109/,Parse SPLiT-seq,"https://www.protocols.io/view/evercode-single-index-pcr-5jyl82k9rl2w/v1, https://www.protocols.io/view/evercode-wt-mega-v2-2-1-8epv5xxrng1b/v1, https://www.protocols.io/view/protocol-to-isolate-and-fix-nuclei-from-flash-froz-kxygx396zg8j/v2, https://www.protocols.io/view/protocol-to-isolate-and-fix-nuclei-from-flash-froz-n92ldm8b8l5b/v2",mRNA enriched,single-nucleus RNA sequencing assay (Parse SPLiT-seq),Mus musculus,
/measurement-sets/IGVFDS3799GMAV/,IGVFDS3799GMAV,379dbf1e-0bee-4692-96a8-7caff1f7599d,ali-mortazavi:005_67I_illumina,10,005,Liver,Diencephalon/Pituitary,/multiplexed-samples/IGVFSM4345ZMKN/,"/rodent-donors/IGVFDO2831PZHE/,/rodent-donors/IGVFDO5258MBVH/,/rodent-donors/IGVFDO9340WGNV/,/rodent-donors/IGVFDO6141KSSQ/,/rodent-donors/IGVFDO3640WUBU/,/rodent-donors/IGVFDO5085MJSP/,/rodent-donors/IGVFDO9202WGJZ/,/rodent-donors/IGVFDO9890MXGN/,/rodent-donors/IGVFDO5872DFML/,/rodent-donors/IGVFDO4469VYEZ/,/rodent-donors/IGVFDO7957DMLJ/,/rodent-donors/IGVFDO0624KKTV/,/rodent-donors/IGVFDO1452VDIT/,/rodent-donors/IGVFDO0813DZTW/,/rodent-donors/IGVFDO0751WQHI/,/rodent-donors/IGVFDO5183UZGS/,/rodent-donors/IGVFDO0696DMIA/,/rodent-donors/IGVFDO6112GRYR/,/rodent-donors/IGVFDO9510ILZG/,/rodent-donors/IGVFDO9142EUBJ/,/rodent-donors/IGVFDO3603MEIO/,/rodent-donors/IGVFDO7062NBTQ/,/rodent-donors/IGVFDO7255VZBN/,/rodent-donors/IGVFDO5737FRWD/,/rodent-donors/IGVFDO1477BPVO/,/rodent-donors/IGVFDO0681EHNP/,/rodent-donors/IGVFDO3436ZMLY/,/rodent-donors/IGVFDO3534MDFF/,/rodent-donors/IGVFDO4725SNCJ/,/rodent-donors/IGVFDO6607QZPA/,/rodent-donors/IGVFDO0853BCOL/,/rodent-donors/IGVFDO8958JQIY/,/rodent-donors/IGVFDO8904OIIT/,/rodent-donors/IGVFDO2645GUSC/,/rodent-donors/IGVFDO2319OUEC/,/rodent-donors/IGVFDO0026YRCR/,/rodent-donors/IGVFDO5523UFUN/,/rodent-donors/IGVFDO6219LVKW/,/rodent-donors/IGVFDO1643VEDI/,/rodent-donors/IGVFDO4707SGWM/,/rodent-donors/IGVFDO6066JIEJ/,/rodent-donors/IGVFDO0430HQIU/,/rodent-donors/IGVFDO2517TXOT/,/rodent-donors/IGVFDO5177QEWF/,/rodent-donors/IGVFDO7951JDSP/,/rodent-donors/IGVFDO2292YGGE/,/rodent-donors/IGVFDO2106EEWB/,/rodent-donors/IGVFDO7007WBAX/,/rodent-donors/IGVFDO8322VYDU/,/rodent-donors/IGVFDO6614NNPY/,/rodent-donors/IGVFDO9199TPBC/,/rodent-donors/IGVFDO9560CEGZ/,/rodent-donors/IGVFDO5539RLXJ/,/rodent-donors/IGVFDO7254QNQZ/,/rodent-donors/IGVFDO1744FDIX/,/rodent-donors/IGVFDO4788BIQB/,/rodent-donors/IGVFDO8152XDDC/,/rodent-donors/IGVFDO7610XXRR/,/rodent-donors/IGVFDO9374WXKK/,/rodent-donors/IGVFDO3655FKMR/,/rodent-donors/IGVFDO3662UKFW/,/rodent-donors/IGVFDO3207TERA/,/rodent-donors/IGVFDO2301HIUQ/,/rodent-donors/IGVFDO5502NJPS/,/rodent-donors/IGVFDO3762EAWT/",/labs/ali-mortazavi/,/awards/HG012077/,/assay-terms/OBI_0003109/,Parse SPLiT-seq,"https://www.protocols.io/view/evercode-single-index-pcr-5jyl82k9rl2w/v1, https://www.protocols.io/view/evercode-wt-mega-v2-2-1-8epv5xxrng1b/v1, https://www.protocols.io/view/protocol-to-isolate-and-fix-nuclei-from-flash-froz-kxygx396zg8j/v2, https://www.protocols.io/view/protocol-to-isolate-and-fix-nuclei-from-flash-froz-n92ldm8b8l5b/v2",mRNA enriched,single-nucleus RNA sequencing assay (Parse SPLiT-seq),Mus musculus,
/measurement-sets/IGVFDS2538CIPJ/,IGVFDS2538CIPJ,c04f8d41-26c1-4b68-b426-379403d3fc11,ali-mortazavi:005_67J_illumina,11,005,Liver,Diencephalon/Pituitary,/multiplexed-samples/IGVFSM4929DDDU/,"/rodent-donors/IGVFDO4469VYEZ/,/rodent-donors/IGVFDO6066JIEJ/,/rodent-donors/IGVFDO1477BPVO/,/rodent-donors/IGVFDO2106EEWB/,/rodent-donors/IGVFDO0813DZTW/,/rodent-donors/IGVFDO5183UZGS/,/rodent-donors/IGVFDO2301HIUQ/,/rodent-donors/IGVFDO4707SGWM/,/rodent-donors/IGVFDO2319OUEC/,/rodent-donors/IGVFDO2645GUSC/,/rodent-donors/IGVFDO3534MDFF/,/rodent-donors/IGVFDO2831PZHE/,/rodent-donors/IGVFDO5177QEWF/,/rodent-donors/IGVFDO7957DMLJ/,/rodent-donors/IGVFDO4725SNCJ/,/rodent-donors/IGVFDO7254QNQZ/,/rodent-donors/IGVFDO9142EUBJ/,/rodent-donors/IGVFDO1643VEDI/,/rodent-donors/IGVFDO9340WGNV/,/rodent-donors/IGVFDO9560CEGZ/,/rodent-donors/IGVFDO0681EHNP/,/rodent-donors/IGVFDO7007WBAX/,/rodent-donors/IGVFDO7255VZBN/,/rodent-donors/IGVFDO9374WXKK/,/rodent-donors/IGVFDO8322VYDU/,/rodent-donors/IGVFDO5502NJPS/,/rodent-donors/IGVFDO5085MJSP/,/rodent-donors/IGVFDO4788BIQB/,/rodent-donors/IGVFDO5523UFUN/,/rodent-donors/IGVFDO6607QZPA/,/rodent-donors/IGVFDO7610XXRR/,/rodent-donors/IGVFDO8904OIIT/,/rodent-donors/IGVFDO1744FDIX/,/rodent-donors/IGVFDO3436ZMLY/,/rodent-donors/IGVFDO3655FKMR/,/rodent-donors/IGVFDO9202WGJZ/,/rodent-donors/IGVFDO2292YGGE/,/rodent-donors/IGVFDO9510ILZG/,/rodent-donors/IGVFDO7062NBTQ/,/rodent-donors/IGVFDO3603MEIO/,/rodent-donors/IGVFDO9199TPBC/,/rodent-donors/IGVFDO0751WQHI/,/rodent-donors/IGVFDO6112GRYR/,/rodent-donors/IGVFDO1452VDIT/,/rodent-donors/IGVFDO6141KSSQ/,/rodent-donors/IGVFDO2517TXOT/,/rodent-donors/IGVFDO7951JDSP/,/rodent-donors/IGVFDO8152XDDC/,/rodent-donors/IGVFDO5539RLXJ/,/rodent-donors/IGVFDO0853BCOL/,/rodent-donors/IGVFDO0696DMIA/,/rodent-donors/IGVFDO8958JQIY/,/rodent-donors/IGVFDO0624KKTV/,/rodent-donors/IGVFDO3762EAWT/,/rodent-donors/IGVFDO6219LVKW/,/rodent-donors/IGVFDO0026YRCR/,/rodent-donors/IGVFDO3207TERA/,/rodent-donors/IGVFDO5872DFML/,/rodent-donors/IGVFDO5737FRWD/,/rodent-donors/IGVFDO6614NNPY/,/rodent-donors/IGVFDO9890MXGN/,/rodent-donors/IGVFDO0430HQIU/,/rodent-donors/IGVFDO5258MBVH/,/rodent-donors/IGVFDO3662UKFW/,/rodent-donors/IGVFDO3640WUBU/",/labs/ali-mortazavi/,/awards/HG012077/,/assay-terms/OBI_0003109/,Parse SPLiT-seq,"https://www.protocols.io/view/evercode-single-index-pcr-5jyl82k9rl2w/v1, https://www.protocols.io/view/evercode-wt-mega-v2-2-1-8epv5xxrng1b/v1, https://www.protocols.io/view/protocol-to-isolate-and-fix-nuclei-from-flash-froz-kxygx396zg8j/v2, https://www.protocols.io/view/protocol-to-isolate-and-fix-nuclei-from-flash-froz-n92ldm8b8l5b/v2",mRNA enriched,single-nucleus RNA sequencing assay (Parse SPLiT-seq),Mus musculus,
/measurement-sets/IGVFDS0877DBYT/,IGVFDS0877DBYT,ad4ecb4b-cc3f-4ec2-bee2-0a7786817956,ali-mortazavi:005_67K_illumina,12,005,Liver,Diencephalon/Pituitary,/multiplexed-samples/IGVFSM8016OZFW/,"/rodent-donors/IGVFDO4469VYEZ/,/rodent-donors/IGVFDO6066JIEJ/,/rodent-donors/IGVFDO1477BPVO/,/rodent-donors/IGVFDO2106EEWB/,/rodent-donors/IGVFDO0813DZTW/,/rodent-donors/IGVFDO5183UZGS/,/rodent-donors/IGVFDO2301HIUQ/,/rodent-donors/IGVFDO4707SGWM/,/rodent-donors/IGVFDO2319OUEC/,/rodent-donors/IGVFDO2645GUSC/,/rodent-donors/IGVFDO3534MDFF/,/rodent-donors/IGVFDO2831PZHE/,/rodent-donors/IGVFDO5177QEWF/,/rodent-donors/IGVFDO7957DMLJ/,/rodent-donors/IGVFDO4725SNCJ/,/rodent-donors/IGVFDO7254QNQZ/,/rodent-donors/IGVFDO9142EUBJ/,/rodent-donors/IGVFDO1643VEDI/,/rodent-donors/IGVFDO9340WGNV/,/rodent-donors/IGVFDO9560CEGZ/,/rodent-donors/IGVFDO0681EHNP/,/rodent-donors/IGVFDO7007WBAX/,/rodent-donors/IGVFDO7255VZBN/,/rodent-donors/IGVFDO9374WXKK/,/rodent-donors/IGVFDO8322VYDU/,/rodent-donors/IGVFDO5502NJPS/,/rodent-donors/IGVFDO5085MJSP/,/rodent-donors/IGVFDO4788BIQB/,/rodent-donors/IGVFDO5523UFUN/,/rodent-donors/IGVFDO6607QZPA/,/rodent-donors/IGVFDO7610XXRR/,/rodent-donors/IGVFDO8904OIIT/,/rodent-donors/IGVFDO1744FDIX/,/rodent-donors/IGVFDO3436ZMLY/,/rodent-donors/IGVFDO3655FKMR/,/rodent-donors/IGVFDO9202WGJZ/,/rodent-donors/IGVFDO2292YGGE/,/rodent-donors/IGVFDO9510ILZG/,/rodent-donors/IGVFDO7062NBTQ/,/rodent-donors/IGVFDO3603MEIO/,/rodent-donors/IGVFDO9199TPBC/,/rodent-donors/IGVFDO0751WQHI/,/rodent-donors/IGVFDO6112GRYR/,/rodent-donors/IGVFDO1452VDIT/,/rodent-donors/IGVFDO6141KSSQ/,/rodent-donors/IGVFDO2517TXOT/,/rodent-donors/IGVFDO7951JDSP/,/rodent-donors/IGVFDO8152XDDC/,/rodent-donors/IGVFDO5539RLXJ/,/rodent-donors/IGVFDO0853BCOL/,/rodent-donors/IGVFDO0696DMIA/,/rodent-donors/IGVFDO8958JQIY/,/rodent-donors/IGVFDO0624KKTV/,/rodent-donors/IGVFDO3762EAWT/,/rodent-donors/IGVFDO6219LVKW/,/rodent-donors/IGVFDO0026YRCR/,/rodent-donors/IGVFDO3207TERA/,/rodent-donors/IGVFDO5872DFML/,/rodent-donors/IGVFDO5737FRWD/,/rodent-donors/IGVFDO6614NNPY/,/rodent-donors/IGVFDO9890MXGN/,/rodent-donors/IGVFDO0430HQIU/,/rodent-donors/IGVFDO5258MBVH/,/rodent-donors/IGVFDO3662UKFW/,/rodent-donors/IGVFDO3640WUBU/",/labs/ali-mortazavi/,/awards/HG012077/,/assay-terms/OBI_0003109/,Parse SPLiT-seq,"https://www.protocols.io/view/evercode-single-index-pcr-5jyl82k9rl2w/v1, https://www.protocols.io/view/evercode-wt-mega-v2-2-1-8epv5xxrng1b/v1, https://www.protocols.io/view/protocol-to-isolate-and-fix-nuclei-from-flash-froz-kxygx396zg8j/v2, https://www.protocols.io/view/protocol-to-isolate-and-fix-nuclei-from-flash-froz-n92ldm8b8l5b/v2",mRNA enriched,single-nucleus RNA sequencing assay (Parse SPLiT-seq),Mus musculus,
/measurement-sets/IGVFDS6835GFNB/,IGVFDS6835GFNB,3726ab3e-3cae-44f6-94f9-b5182d6c6369,ali-mortazavi:005_67L_illumina,13,005,Liver,Diencephalon/Pituitary,/multiplexed-samples/IGVFSM3610EBLH/,"/rodent-donors/IGVFDO4469VYEZ/,/rodent-donors/IGVFDO6066JIEJ/,/rodent-donors/IGVFDO1477BPVO/,/rodent-donors/IGVFDO2106EEWB/,/rodent-donors/IGVFDO0813DZTW/,/rodent-donors/IGVFDO5183UZGS/,/rodent-donors/IGVFDO2301HIUQ/,/rodent-donors/IGVFDO4707SGWM/,/rodent-donors/IGVFDO2319OUEC/,/rodent-donors/IGVFDO2645GUSC/,/rodent-donors/IGVFDO3534MDFF/,/rodent-donors/IGVFDO2831PZHE/,/rodent-donors/IGVFDO5177QEWF/,/rodent-donors/IGVFDO7957DMLJ/,/rodent-donors/IGVFDO4725SNCJ/,/rodent-donors/IGVFDO7254QNQZ/,/rodent-donors/IGVFDO9142EUBJ/,/rodent-donors/IGVFDO1643VEDI/,/rodent-donors/IGVFDO9340WGNV/,/rodent-donors/IGVFDO9560CEGZ/,/rodent-donors/IGVFDO0681EHNP/,/rodent-donors/IGVFDO7007WBAX/,/rodent-donors/IGVFDO7255VZBN/,/rodent-donors/IGVFDO9374WXKK/,/rodent-donors/IGVFDO8322VYDU/,/rodent-donors/IGVFDO5502NJPS/,/rodent-donors/IGVFDO5085MJSP/,/rodent-donors/IGVFDO4788BIQB/,/rodent-donors/IGVFDO5523UFUN/,/rodent-donors/IGVFDO6607QZPA/,/rodent-donors/IGVFDO7610XXRR/,/rodent-donors/IGVFDO8904OIIT/,/rodent-donors/IGVFDO1744FDIX/,/rodent-donors/IGVFDO3436ZMLY/,/rodent-donors/IGVFDO3655FKMR/,/rodent-donors/IGVFDO9202WGJZ/,/rodent-donors/IGVFDO2292YGGE/,/rodent-donors/IGVFDO9510ILZG/,/rodent-donors/IGVFDO7062NBTQ/,/rodent-donors/IGVFDO3603MEIO/,/rodent-donors/IGVFDO9199TPBC/,/rodent-donors/IGVFDO0751WQHI/,/rodent-donors/IGVFDO6112GRYR/,/rodent-donors/IGVFDO1452VDIT/,/rodent-donors/IGVFDO6141KSSQ/,/rodent-donors/IGVFDO2517TXOT/,/rodent-donors/IGVFDO7951JDSP/,/rodent-donors/IGVFDO8152XDDC/,/rodent-donors/IGVFDO5539RLXJ/,/rodent-donors/IGVFDO0853BCOL/,/rodent-donors/IGVFDO0696DMIA/,/rodent-donors/IGVFDO8958JQIY/,/rodent-donors/IGVFDO0624KKTV/,/rodent-donors/IGVFDO3762EAWT/,/rodent-donors/IGVFDO6219LVKW/,/rodent-donors/IGVFDO0026YRCR/,/rodent-donors/IGVFDO3207TERA/,/rodent-donors/IGVFDO5872DFML/,/rodent-donors/IGVFDO5737FRWD/,/rodent-donors/IGVFDO6614NNPY/,/rodent-donors/IGVFDO9890MXGN/,/rodent-donors/IGVFDO0430HQIU/,/rodent-donors/IGVFDO5258MBVH/,/rodent-donors/IGVFDO3662UKFW/,/rodent-donors/IGVFDO3640WUBU/",/labs/ali-mortazavi/,/awards/HG012077/,/assay-terms/OBI_0003109/,Parse SPLiT-seq,"https://www.protocols.io/view/evercode-single-index-pcr-5jyl82k9rl2w/v1, https://www.protocols.io/view/evercode-wt-mega-v2-2-1-8epv5xxrng1b/v1, https://www.protocols.io/view/protocol-to-isolate-and-fix-nuclei-from-flash-froz-kxygx396zg8j/v2, https://www.protocols.io/view/protocol-to-isolate-and-fix-nuclei-from-flash-froz-n92ldm8b8l5b/v2",mRNA enriched,single-nucleus RNA sequencing assay (Parse SPLiT-seq),Mus musculus,
/measurement-sets/IGVFDS9017UCPQ/,IGVFDS9017UCPQ,887f8d38-5bf4-4dc7-84ea-3936012bb884,ali-mortazavi:005_67M_illumina,14,005,Liver,Diencephalon/Pituitary,/multiplexed-samples/IGVFSM6827EKQN/,"/rodent-donors/IGVFDO2831PZHE/,/rodent-donors/IGVFDO5258MBVH/,/rodent-donors/IGVFDO9340WGNV/,/rodent-donors/IGVFDO6141KSSQ/,/rodent-donors/IGVFDO3640WUBU/,/rodent-donors/IGVFDO5085MJSP/,/rodent-donors/IGVFDO9202WGJZ/,/rodent-donors/IGVFDO9890MXGN/,/rodent-donors/IGVFDO5872DFML/,/rodent-donors/IGVFDO4469VYEZ/,/rodent-donors/IGVFDO7957DMLJ/,/rodent-donors/IGVFDO0624KKTV/,/rodent-donors/IGVFDO1452VDIT/,/rodent-donors/IGVFDO0813DZTW/,/rodent-donors/IGVFDO0751WQHI/,/rodent-donors/IGVFDO5183UZGS/,/rodent-donors/IGVFDO0696DMIA/,/rodent-donors/IGVFDO6112GRYR/,/rodent-donors/IGVFDO9510ILZG/,/rodent-donors/IGVFDO9142EUBJ/,/rodent-donors/IGVFDO3603MEIO/,/rodent-donors/IGVFDO7062NBTQ/,/rodent-donors/IGVFDO7255VZBN/,/rodent-donors/IGVFDO5737FRWD/,/rodent-donors/IGVFDO1477BPVO/,/rodent-donors/IGVFDO0681EHNP/,/rodent-donors/IGVFDO3436ZMLY/,/rodent-donors/IGVFDO3534MDFF/,/rodent-donors/IGVFDO4725SNCJ/,/rodent-donors/IGVFDO6607QZPA/,/rodent-donors/IGVFDO0853BCOL/,/rodent-donors/IGVFDO8958JQIY/,/rodent-donors/IGVFDO8904OIIT/,/rodent-donors/IGVFDO2645GUSC/,/rodent-donors/IGVFDO2319OUEC/,/rodent-donors/IGVFDO0026YRCR/,/rodent-donors/IGVFDO5523UFUN/,/rodent-donors/IGVFDO6219LVKW/,/rodent-donors/IGVFDO1643VEDI/,/rodent-donors/IGVFDO4707SGWM/,/rodent-donors/IGVFDO6066JIEJ/,/rodent-donors/IGVFDO0430HQIU/,/rodent-donors/IGVFDO2517TXOT/,/rodent-donors/IGVFDO5177QEWF/,/rodent-donors/IGVFDO7951JDSP/,/rodent-donors/IGVFDO2292YGGE/,/rodent-donors/IGVFDO2106EEWB/,/rodent-donors/IGVFDO7007WBAX/,/rodent-donors/IGVFDO8322VYDU/,/rodent-donors/IGVFDO6614NNPY/,/rodent-donors/IGVFDO9199TPBC/,/rodent-donors/IGVFDO9560CEGZ/,/rodent-donors/IGVFDO5539RLXJ/,/rodent-donors/IGVFDO7254QNQZ/,/rodent-donors/IGVFDO1744FDIX/,/rodent-donors/IGVFDO4788BIQB/,/rodent-donors/IGVFDO8152XDDC/,/rodent-donors/IGVFDO7610XXRR/,/rodent-donors/IGVFDO9374WXKK/,/rodent-donors/IGVFDO3655FKMR/,/rodent-donors/IGVFDO3662UKFW/,/rodent-donors/IGVFDO3207TERA/,/rodent-donors/IGVFDO2301HIUQ/,/rodent-donors/IGVFDO5502NJPS/,/rodent-donors/IGVFDO3762EAWT/",/labs/ali-mortazavi/,/awards/HG012077/,/assay-terms/OBI_0003109/,Parse SPLiT-seq,"https://www.protocols.io/view/evercode-single-index-pcr-5jyl82k9rl2w/v1, https://www.protocols.io/view/evercode-wt-mega-v2-2-1-8epv5xxrng1b/v1, https://www.protocols.io/view/protocol-to-isolate-and-fix-nuclei-from-flash-froz-kxygx396zg8j/v2, https://www.protocols.io/view/protocol-to-isolate-and-fix-nuclei-from-flash-froz-n92ldm8b8l5b/v2",mRNA enriched,single-nucleus RNA sequencing assay (Parse SPLiT-seq),Mus musculus,
/measurement-sets/IGVFDS1144SYSV/,IGVFDS1144SYSV,92a62a27-5732-4859-843e-e39578e66a7b,ali-mortazavi:005_67N_illumina,15,005,Liver,Diencephalon/Pituitary,/multiplexed-samples/IGVFSM5233YUHD/,"/rodent-donors/IGVFDO2831PZHE/,/rodent-donors/IGVFDO5258MBVH/,/rodent-donors/IGVFDO9340WGNV/,/rodent-donors/IGVFDO6141KSSQ/,/rodent-donors/IGVFDO3640WUBU/,/rodent-donors/IGVFDO5085MJSP/,/rodent-donors/IGVFDO9202WGJZ/,/rodent-donors/IGVFDO9890MXGN/,/rodent-donors/IGVFDO5872DFML/,/rodent-donors/IGVFDO4469VYEZ/,/rodent-donors/IGVFDO7957DMLJ/,/rodent-donors/IGVFDO0624KKTV/,/rodent-donors/IGVFDO1452VDIT/,/rodent-donors/IGVFDO0813DZTW/,/rodent-donors/IGVFDO0751WQHI/,/rodent-donors/IGVFDO5183UZGS/,/rodent-donors/IGVFDO0696DMIA/,/rodent-donors/IGVFDO6112GRYR/,/rodent-donors/IGVFDO9510ILZG/,/rodent-donors/IGVFDO9142EUBJ/,/rodent-donors/IGVFDO3603MEIO/,/rodent-donors/IGVFDO7062NBTQ/,/rodent-donors/IGVFDO7255VZBN/,/rodent-donors/IGVFDO5737FRWD/,/rodent-donors/IGVFDO1477BPVO/,/rodent-donors/IGVFDO0681EHNP/,/rodent-donors/IGVFDO3436ZMLY/,/rodent-donors/IGVFDO3534MDFF/,/rodent-donors/IGVFDO4725SNCJ/,/rodent-donors/IGVFDO6607QZPA/,/rodent-donors/IGVFDO0853BCOL/,/rodent-donors/IGVFDO8958JQIY/,/rodent-donors/IGVFDO8904OIIT/,/rodent-donors/IGVFDO2645GUSC/,/rodent-donors/IGVFDO2319OUEC/,/rodent-donors/IGVFDO0026YRCR/,/rodent-donors/IGVFDO5523UFUN/,/rodent-donors/IGVFDO6219LVKW/,/rodent-donors/IGVFDO1643VEDI/,/rodent-donors/IGVFDO4707SGWM/,/rodent-donors/IGVFDO6066JIEJ/,/rodent-donors/IGVFDO0430HQIU/,/rodent-donors/IGVFDO2517TXOT/,/rodent-donors/IGVFDO5177QEWF/,/rodent-donors/IGVFDO7951JDSP/,/rodent-donors/IGVFDO2292YGGE/,/rodent-donors/IGVFDO2106EEWB/,/rodent-donors/IGVFDO7007WBAX/,/rodent-donors/IGVFDO8322VYDU/,/rodent-donors/IGVFDO6614NNPY/,/rodent-donors/IGVFDO9199TPBC/,/rodent-donors/IGVFDO9560CEGZ/,/rodent-donors/IGVFDO5539RLXJ/,/rodent-donors/IGVFDO7254QNQZ/,/rodent-donors/IGVFDO1744FDIX/,/rodent-donors/IGVFDO4788BIQB/,/rodent-donors/IGVFDO8152XDDC/,/rodent-donors/IGVFDO7610XXRR/,/rodent-donors/IGVFDO9374WXKK/,/rodent-donors/IGVFDO3655FKMR/,/rodent-donors/IGVFDO3662UKFW/,/rodent-donors/IGVFDO3207TERA/,/rodent-donors/IGVFDO2301HIUQ/,/rodent-donors/IGVFDO5502NJPS/,/rodent-donors/IGVFDO3762EAWT/",/labs/ali-mortazavi/,/awards/HG012077/,/assay-terms/OBI_0003109/,Parse SPLiT-seq,"https://www.protocols.io/view/evercode-single-index-pcr-5jyl82k9rl2w/v1, https://www.protocols.io/view/evercode-wt-mega-v2-2-1-8epv5xxrng1b/v1, https://www.protocols.io/view/protocol-to-isolate-and-fix-nuclei-from-flash-froz-kxygx396zg8j/v2, https://www.protocols.io/view/protocol-to-isolate-and-fix-nuclei-from-flash-froz-n92ldm8b8l5b/v2",mRNA enriched,single-nucleus RNA sequencing assay (Parse SPLiT-seq),Mus musculus,
/measurement-sets/IGVFDS8161SJZG/,IGVFDS8161SJZG,71fd2b03-1244-40e9-94aa-4f4456c837b9,ali-mortazavi:005_67O_illumina,16,005,Liver,Diencephalon/Pituitary,/multiplexed-samples/IGVFSM2572CRZA/,"/rodent-donors/IGVFDO4469VYEZ/,/rodent-donors/IGVFDO6066JIEJ/,/rodent-donors/IGVFDO1477BPVO/,/rodent-donors/IGVFDO2106EEWB/,/rodent-donors/IGVFDO0813DZTW/,/rodent-donors/IGVFDO5183UZGS/,/rodent-donors/IGVFDO2301HIUQ/,/rodent-donors/IGVFDO4707SGWM/,/rodent-donors/IGVFDO2319OUEC/,/rodent-donors/IGVFDO2645GUSC/,/rodent-donors/IGVFDO3534MDFF/,/rodent-donors/IGVFDO2831PZHE/,/rodent-donors/IGVFDO5177QEWF/,/rodent-donors/IGVFDO7957DMLJ/,/rodent-donors/IGVFDO4725SNCJ/,/rodent-donors/IGVFDO7254QNQZ/,/rodent-donors/IGVFDO9142EUBJ/,/rodent-donors/IGVFDO1643VEDI/,/rodent-donors/IGVFDO9340WGNV/,/rodent-donors/IGVFDO9560CEGZ/,/rodent-donors/IGVFDO0681EHNP/,/rodent-donors/IGVFDO7007WBAX/,/rodent-donors/IGVFDO7255VZBN/,/rodent-donors/IGVFDO9374WXKK/,/rodent-donors/IGVFDO8322VYDU/,/rodent-donors/IGVFDO5502NJPS/,/rodent-donors/IGVFDO5085MJSP/,/rodent-donors/IGVFDO4788BIQB/,/rodent-donors/IGVFDO5523UFUN/,/rodent-donors/IGVFDO6607QZPA/,/rodent-donors/IGVFDO7610XXRR/,/rodent-donors/IGVFDO8904OIIT/,/rodent-donors/IGVFDO1744FDIX/,/rodent-donors/IGVFDO3436ZMLY/,/rodent-donors/IGVFDO3655FKMR/,/rodent-donors/IGVFDO9202WGJZ/,/rodent-donors/IGVFDO2292YGGE/,/rodent-donors/IGVFDO9510ILZG/,/rodent-donors/IGVFDO7062NBTQ/,/rodent-donors/IGVFDO3603MEIO/,/rodent-donors/IGVFDO9199TPBC/,/rodent-donors/IGVFDO0751WQHI/,/rodent-donors/IGVFDO6112GRYR/,/rodent-donors/IGVFDO1452VDIT/,/rodent-donors/IGVFDO6141KSSQ/,/rodent-donors/IGVFDO2517TXOT/,/rodent-donors/IGVFDO7951JDSP/,/rodent-donors/IGVFDO8152XDDC/,/rodent-donors/IGVFDO5539RLXJ/,/rodent-donors/IGVFDO0853BCOL/,/rodent-donors/IGVFDO0696DMIA/,/rodent-donors/IGVFDO8958JQIY/,/rodent-donors/IGVFDO0624KKTV/,/rodent-donors/IGVFDO3762EAWT/,/rodent-donors/IGVFDO6219LVKW/,/rodent-donors/IGVFDO0026YRCR/,/rodent-donors/IGVFDO3207TERA/,/rodent-donors/IGVFDO5872DFML/,/rodent-donors/IGVFDO5737FRWD/,/rodent-donors/IGVFDO6614NNPY/,/rodent-donors/IGVFDO9890MXGN/,/rodent-donors/IGVFDO0430HQIU/,/rodent-donors/IGVFDO5258MBVH/,/rodent-donors/IGVFDO3662UKFW/,/rodent-donors/IGVFDO3640WUBU/",/labs/ali-mortazavi/,/awards/HG012077/,/assay-terms/OBI_0003109/,Parse SPLiT-seq,"https://www.protocols.io/view/evercode-single-index-pcr-5jyl82k9rl2w/v1, https://www.protocols.io/view/evercode-wt-mega-v2-2-1-8epv5xxrng1b/v1, https://www.protocols.io/view/protocol-to-isolate-and-fix-nuclei-from-flash-froz-kxygx396zg8j/v2, https://www.protocols.io/view/protocol-to-isolate-and-fix-nuclei-from-flash-froz-n92ldm8b8l5b/v2",mRNA enriched,single-nucleus RNA sequencing assay (Parse SPLiT-seq),Mus musculus,
/measurement-sets/IGVFDS7761MAGD/,IGVFDS7761MAGD,c5d6db8e-634f-4d23-b541-0bead6a30837,ali-mortazavi:005_13A_illumina,EX,005,Liver,Diencephalon/Pituitary,/multiplexed-samples/IGVFSM2693EVCR/,"/rodent-donors/IGVFDO5539RLXJ/,/rodent-donors/IGVFDO2831PZHE/,/rodent-donors/IGVFDO6066JIEJ/,/rodent-donors/IGVFDO9510ILZG/,/rodent-donors/IGVFDO8322VYDU/,/rodent-donors/IGVFDO9202WGJZ/,/rodent-donors/IGVFDO9142EUBJ/,/rodent-donors/IGVFDO5258MBVH/,/rodent-donors/IGVFDO3762EAWT/,/rodent-donors/IGVFDO5177QEWF/,/rodent-donors/IGVFDO3207TERA/,/rodent-donors/IGVFDO0813DZTW/,/rodent-donors/IGVFDO2106EEWB/,/rodent-donors/IGVFDO2301HIUQ/,/rodent-donors/IGVFDO3662UKFW/,/rodent-donors/IGVFDO7951JDSP/,/rodent-donors/IGVFDO1477BPVO/,/rodent-donors/IGVFDO0681EHNP/,/rodent-donors/IGVFDO5502NJPS/,/rodent-donors/IGVFDO5523UFUN/,/rodent-donors/IGVFDO5872DFML/,/rodent-donors/IGVFDO9560CEGZ/,/rodent-donors/IGVFDO1744FDIX/,/rodent-donors/IGVFDO7255VZBN/,/rodent-donors/IGVFDO1643VEDI/,/rodent-donors/IGVFDO6112GRYR/,/rodent-donors/IGVFDO3640WUBU/,/rodent-donors/IGVFDO4725SNCJ/,/rodent-donors/IGVFDO0624KKTV/,/rodent-donors/IGVFDO2292YGGE/,/rodent-donors/IGVFDO0853BCOL/,/rodent-donors/IGVFDO4788BIQB/,/rodent-donors/IGVFDO7007WBAX/,/rodent-donors/IGVFDO3436ZMLY/,/rodent-donors/IGVFDO2319OUEC/,/rodent-donors/IGVFDO1452VDIT/,/rodent-donors/IGVFDO6141KSSQ/,/rodent-donors/IGVFDO8152XDDC/,/rodent-donors/IGVFDO2645GUSC/,/rodent-donors/IGVFDO5085MJSP/,/rodent-donors/IGVFDO0751WQHI/,/rodent-donors/IGVFDO2517TXOT/,/rodent-donors/IGVFDO0430HQIU/,/rodent-donors/IGVFDO6219LVKW/,/rodent-donors/IGVFDO7957DMLJ/,/rodent-donors/IGVFDO6614NNPY/,/rodent-donors/IGVFDO7254QNQZ/,/rodent-donors/IGVFDO9374WXKK/,/rodent-donors/IGVFDO0026YRCR/,/rodent-donors/IGVFDO7062NBTQ/,/rodent-donors/IGVFDO8958JQIY/,/rodent-donors/IGVFDO3534MDFF/,/rodent-donors/IGVFDO8904OIIT/,/rodent-donors/IGVFDO3655FKMR/,/rodent-donors/IGVFDO4469VYEZ/,/rodent-donors/IGVFDO0696DMIA/,/rodent-donors/IGVFDO3603MEIO/,/rodent-donors/IGVFDO6607QZPA/,/rodent-donors/IGVFDO9890MXGN/,/rodent-donors/IGVFDO5737FRWD/,/rodent-donors/IGVFDO7610XXRR/,/rodent-donors/IGVFDO9340WGNV/,/rodent-donors/IGVFDO4707SGWM/,/rodent-donors/IGVFDO9199TPBC/,/rodent-donors/IGVFDO5183UZGS/",/labs/ali-mortazavi/,/awards/HG012077/,/assay-terms/OBI_0003109/,Parse SPLiT-seq,"https://www.protocols.io/view/cdna-exome-capture-v1-0-1-36wgq3b83lk5/v1, https://www.protocols.io/view/evercode-single-index-pcr-5jyl82k9rl2w/v1, https://www.protocols.io/view/evercode-wt-mega-v2-2-1-8epv5xxrng1b/v1, https://www.protocols.io/view/ont-library-prep-for-split-seq-cdna-eq2lyj1xmlx9/v1, https://www.protocols.io/view/protocol-to-isolate-and-fix-nuclei-from-flash-froz-kxygx396zg8j/v2, https://www.protocols.io/view/protocol-to-isolate-and-fix-nuclei-from-flash-froz-n92ldm8b8l5b/v2",exome capture,single-nucleus RNA sequencing assay (Parse SPLiT-seq),Mus musculus,Exome capture subpool
/measurement-sets/IGVFDS7533FCII/,IGVFDS7533FCII,8abd8fe0-5fc5-4068-88f3-ddcf0ed268f7,ali-mortazavi:007_67A_illumina,2,007,Diencephalon/Pituitary,Gonads,/multiplexed-samples/IGVFSM7956VUAG/,"/rodent-donors/IGVFDO4469VYEZ/,/rodent-donors/IGVFDO6066JIEJ/,/rodent-donors/IGVFDO1477BPVO/,/rodent-donors/IGVFDO2106EEWB/,/rodent-donors/IGVFDO0813DZTW/,/rodent-donors/IGVFDO5183UZGS/,/rodent-donors/IGVFDO2301HIUQ/,/rodent-donors/IGVFDO4707SGWM/,/rodent-donors/IGVFDO2319OUEC/,/rodent-donors/IGVFDO2645GUSC/,/rodent-donors/IGVFDO3534MDFF/,/rodent-donors/IGVFDO2831PZHE/,/rodent-donors/IGVFDO5177QEWF/,/rodent-donors/IGVFDO7957DMLJ/,/rodent-donors/IGVFDO4725SNCJ/,/rodent-donors/IGVFDO7254QNQZ/,/rodent-donors/IGVFDO9142EUBJ/,/rodent-donors/IGVFDO1643VEDI/,/rodent-donors/IGVFDO9340WGNV/,/rodent-donors/IGVFDO9560CEGZ/,/rodent-donors/IGVFDO0681EHNP/,/rodent-donors/IGVFDO7007WBAX/,/rodent-donors/IGVFDO7255VZBN/,/rodent-donors/IGVFDO9374WXKK/,/rodent-donors/IGVFDO8322VYDU/,/rodent-donors/IGVFDO5502NJPS/,/rodent-donors/IGVFDO5085MJSP/,/rodent-donors/IGVFDO4788BIQB/,/rodent-donors/IGVFDO5523UFUN/,/rodent-donors/IGVFDO6607QZPA/,/rodent-donors/IGVFDO7610XXRR/,/rodent-donors/IGVFDO8904OIIT/,/rodent-donors/IGVFDO1744FDIX/,/rodent-donors/IGVFDO3436ZMLY/,/rodent-donors/IGVFDO3655FKMR/,/rodent-donors/IGVFDO9202WGJZ/,/rodent-donors/IGVFDO2292YGGE/,/rodent-donors/IGVFDO9510ILZG/,/rodent-donors/IGVFDO7062NBTQ/,/rodent-donors/IGVFDO3603MEIO/,/rodent-donors/IGVFDO9199TPBC/,/rodent-donors/IGVFDO0751WQHI/,/rodent-donors/IGVFDO6112GRYR/,/rodent-donors/IGVFDO1452VDIT/,/rodent-donors/IGVFDO6141KSSQ/,/rodent-donors/IGVFDO2517TXOT/,/rodent-donors/IGVFDO7951JDSP/,/rodent-donors/IGVFDO8152XDDC/,/rodent-donors/IGVFDO5539RLXJ/,/rodent-donors/IGVFDO0853BCOL/,/rodent-donors/IGVFDO0696DMIA/,/rodent-donors/IGVFDO8958JQIY/,/rodent-donors/IGVFDO0624KKTV/,/rodent-donors/IGVFDO3762EAWT/,/rodent-donors/IGVFDO6219LVKW/,/rodent-donors/IGVFDO0026YRCR/,/rodent-donors/IGVFDO3207TERA/,/rodent-donors/IGVFDO5872DFML/,/rodent-donors/IGVFDO5737FRWD/,/rodent-donors/IGVFDO6614NNPY/,/rodent-donors/IGVFDO9890MXGN/,/rodent-donors/IGVFDO0430HQIU/,/rodent-donors/IGVFDO5258MBVH/,/rodent-donors/IGVFDO3662UKFW/,/rodent-donors/IGVFDO3640WUBU/",/labs/ali-mortazavi/,/awards/HG012077/,/assay-terms/OBI_0003109/,Parse SPLiT-seq,"https://www.protocols.io/view/evercode-single-index-pcr-5jyl82k9rl2w/v1, https://www.protocols.io/view/evercode-wt-mega-v2-2-1-8epv5xxrng1b/v1, https://www.protocols.io/view/protocol-to-isolate-and-fix-nuclei-from-flash-froz-36wgq3e3ylk5/v1, https://www.protocols.io/view/protocol-to-isolate-and-fix-nuclei-from-flash-froz-5qpvo3837v4o/v1, https://www.protocols.io/view/protocol-to-isolate-and-fix-nuclei-from-flash-froz-n92ldm8b8l5b/v2",mRNA enriched,single-nucleus RNA sequencing assay (Parse SPLiT-seq),Mus musculus,
/measurement-sets/IGVFDS1044PZYO/,IGVFDS1044PZYO,14e8321c-052b-4215-b27a-c911ac2dab6e,ali-mortazavi:007_67B_illumina,3,007,Diencephalon/Pituitary,Gonads,/multiplexed-samples/IGVFSM2299OLOC/,"/rodent-donors/IGVFDO2831PZHE/,/rodent-donors/IGVFDO5258MBVH/,/rodent-donors/IGVFDO9340WGNV/,/rodent-donors/IGVFDO6141KSSQ/,/rodent-donors/IGVFDO3640WUBU/,/rodent-donors/IGVFDO5085MJSP/,/rodent-donors/IGVFDO9202WGJZ/,/rodent-donors/IGVFDO9890MXGN/,/rodent-donors/IGVFDO5872DFML/,/rodent-donors/IGVFDO4469VYEZ/,/rodent-donors/IGVFDO7957DMLJ/,/rodent-donors/IGVFDO0624KKTV/,/rodent-donors/IGVFDO1452VDIT/,/rodent-donors/IGVFDO0813DZTW/,/rodent-donors/IGVFDO0751WQHI/,/rodent-donors/IGVFDO5183UZGS/,/rodent-donors/IGVFDO0696DMIA/,/rodent-donors/IGVFDO6112GRYR/,/rodent-donors/IGVFDO9510ILZG/,/rodent-donors/IGVFDO9142EUBJ/,/rodent-donors/IGVFDO3603MEIO/,/rodent-donors/IGVFDO7062NBTQ/,/rodent-donors/IGVFDO7255VZBN/,/rodent-donors/IGVFDO5737FRWD/,/rodent-donors/IGVFDO1477BPVO/,/rodent-donors/IGVFDO0681EHNP/,/rodent-donors/IGVFDO3436ZMLY/,/rodent-donors/IGVFDO3534MDFF/,/rodent-donors/IGVFDO4725SNCJ/,/rodent-donors/IGVFDO6607QZPA/,/rodent-donors/IGVFDO0853BCOL/,/rodent-donors/IGVFDO8958JQIY/,/rodent-donors/IGVFDO8904OIIT/,/rodent-donors/IGVFDO2645GUSC/,/rodent-donors/IGVFDO2319OUEC/,/rodent-donors/IGVFDO0026YRCR/,/rodent-donors/IGVFDO5523UFUN/,/rodent-donors/IGVFDO6219LVKW/,/rodent-donors/IGVFDO1643VEDI/,/rodent-donors/IGVFDO4707SGWM/,/rodent-donors/IGVFDO6066JIEJ/,/rodent-donors/IGVFDO0430HQIU/,/rodent-donors/IGVFDO2517TXOT/,/rodent-donors/IGVFDO5177QEWF/,/rodent-donors/IGVFDO7951JDSP/,/rodent-donors/IGVFDO2292YGGE/,/rodent-donors/IGVFDO2106EEWB/,/rodent-donors/IGVFDO7007WBAX/,/rodent-donors/IGVFDO8322VYDU/,/rodent-donors/IGVFDO6614NNPY/,/rodent-donors/IGVFDO9199TPBC/,/rodent-donors/IGVFDO9560CEGZ/,/rodent-donors/IGVFDO5539RLXJ/,/rodent-donors/IGVFDO7254QNQZ/,/rodent-donors/IGVFDO1744FDIX/,/rodent-donors/IGVFDO4788BIQB/,/rodent-donors/IGVFDO8152XDDC/,/rodent-donors/IGVFDO7610XXRR/,/rodent-donors/IGVFDO9374WXKK/,/rodent-donors/IGVFDO3655FKMR/,/rodent-donors/IGVFDO3662UKFW/,/rodent-donors/IGVFDO3207TERA/,/rodent-donors/IGVFDO2301HIUQ/,/rodent-donors/IGVFDO5502NJPS/,/rodent-donors/IGVFDO3762EAWT/",/labs/ali-mortazavi/,/awards/HG012077/,/assay-terms/OBI_0003109/,Parse SPLiT-seq,"https://www.protocols.io/view/evercode-single-index-pcr-5jyl82k9rl2w/v1, https://www.protocols.io/view/evercode-wt-mega-v2-2-1-8epv5xxrng1b/v1, https://www.protocols.io/view/protocol-to-isolate-and-fix-nuclei-from-flash-froz-36wgq3e3ylk5/v1, https://www.protocols.io/view/protocol-to-isolate-and-fix-nuclei-from-flash-froz-5qpvo3837v4o/v1, https://www.protocols.io/view/protocol-to-isolate-and-fix-nuclei-from-flash-froz-n92ldm8b8l5b/v2",mRNA enriched,single-nucleus RNA sequencing assay (Parse SPLiT-seq),Mus musculus,
/measurement-sets/IGVFDS2599SXCL/,IGVFDS2599SXCL,927fd026-ed0a-42aa-8ac6-5830231ac613,ali-mortazavi:007_67C_illumina,4,007,Diencephalon/Pituitary,Gonads,/multiplexed-samples/IGVFSM7039DZUG/,"/rodent-donors/IGVFDO4469VYEZ/,/rodent-donors/IGVFDO6066JIEJ/,/rodent-donors/IGVFDO1477BPVO/,/rodent-donors/IGVFDO2106EEWB/,/rodent-donors/IGVFDO0813DZTW/,/rodent-donors/IGVFDO5183UZGS/,/rodent-donors/IGVFDO2301HIUQ/,/rodent-donors/IGVFDO4707SGWM/,/rodent-donors/IGVFDO2319OUEC/,/rodent-donors/IGVFDO2645GUSC/,/rodent-donors/IGVFDO3534MDFF/,/rodent-donors/IGVFDO2831PZHE/,/rodent-donors/IGVFDO5177QEWF/,/rodent-donors/IGVFDO7957DMLJ/,/rodent-donors/IGVFDO4725SNCJ/,/rodent-donors/IGVFDO7254QNQZ/,/rodent-donors/IGVFDO9142EUBJ/,/rodent-donors/IGVFDO1643VEDI/,/rodent-donors/IGVFDO9340WGNV/,/rodent-donors/IGVFDO9560CEGZ/,/rodent-donors/IGVFDO0681EHNP/,/rodent-donors/IGVFDO7007WBAX/,/rodent-donors/IGVFDO7255VZBN/,/rodent-donors/IGVFDO9374WXKK/,/rodent-donors/IGVFDO8322VYDU/,/rodent-donors/IGVFDO5502NJPS/,/rodent-donors/IGVFDO5085MJSP/,/rodent-donors/IGVFDO4788BIQB/,/rodent-donors/IGVFDO5523UFUN/,/rodent-donors/IGVFDO6607QZPA/,/rodent-donors/IGVFDO7610XXRR/,/rodent-donors/IGVFDO8904OIIT/,/rodent-donors/IGVFDO1744FDIX/,/rodent-donors/IGVFDO3436ZMLY/,/rodent-donors/IGVFDO3655FKMR/,/rodent-donors/IGVFDO9202WGJZ/,/rodent-donors/IGVFDO2292YGGE/,/rodent-donors/IGVFDO9510ILZG/,/rodent-donors/IGVFDO7062NBTQ/,/rodent-donors/IGVFDO3603MEIO/,/rodent-donors/IGVFDO9199TPBC/,/rodent-donors/IGVFDO0751WQHI/,/rodent-donors/IGVFDO6112GRYR/,/rodent-donors/IGVFDO1452VDIT/,/rodent-donors/IGVFDO6141KSSQ/,/rodent-donors/IGVFDO2517TXOT/,/rodent-donors/IGVFDO7951JDSP/,/rodent-donors/IGVFDO8152XDDC/,/rodent-donors/IGVFDO5539RLXJ/,/rodent-donors/IGVFDO0853BCOL/,/rodent-donors/IGVFDO0696DMIA/,/rodent-donors/IGVFDO8958JQIY/,/rodent-donors/IGVFDO0624KKTV/,/rodent-donors/IGVFDO3762EAWT/,/rodent-donors/IGVFDO6219LVKW/,/rodent-donors/IGVFDO0026YRCR/,/rodent-donors/IGVFDO3207TERA/,/rodent-donors/IGVFDO5872DFML/,/rodent-donors/IGVFDO5737FRWD/,/rodent-donors/IGVFDO6614NNPY/,/rodent-donors/IGVFDO9890MXGN/,/rodent-donors/IGVFDO0430HQIU/,/rodent-donors/IGVFDO5258MBVH/,/rodent-donors/IGVFDO3662UKFW/,/rodent-donors/IGVFDO3640WUBU/",/labs/ali-mortazavi/,/awards/HG012077/,/assay-terms/OBI_0003109/,Parse SPLiT-seq,"https://www.protocols.io/view/evercode-single-index-pcr-5jyl82k9rl2w/v1, https://www.protocols.io/view/evercode-wt-mega-v2-2-1-8epv5xxrng1b/v1, https://www.protocols.io/view/protocol-to-isolate-and-fix-nuclei-from-flash-froz-36wgq3e3ylk5/v1, https://www.protocols.io/view/protocol-to-isolate-and-fix-nuclei-from-flash-froz-5qpvo3837v4o/v1, https://www.protocols.io/view/protocol-to-isolate-and-fix-nuclei-from-flash-froz-n92ldm8b8l5b/v2",mRNA enriched,single-nucleus RNA sequencing assay (Parse SPLiT-seq),Mus musculus,
/measurement-sets/IGVFDS3698WBTT/,IGVFDS3698WBTT,8793111e-4a3c-4e53-9d1e-1f38a4a800d6,ali-mortazavi:007_67D_illumina,5,007,Diencephalon/Pituitary,Gonads,/multiplexed-samples/IGVFSM9424CEIP/,"/rodent-donors/IGVFDO4469VYEZ/,/rodent-donors/IGVFDO6066JIEJ/,/rodent-donors/IGVFDO1477BPVO/,/rodent-donors/IGVFDO2106EEWB/,/rodent-donors/IGVFDO0813DZTW/,/rodent-donors/IGVFDO5183UZGS/,/rodent-donors/IGVFDO2301HIUQ/,/rodent-donors/IGVFDO4707SGWM/,/rodent-donors/IGVFDO2319OUEC/,/rodent-donors/IGVFDO2645GUSC/,/rodent-donors/IGVFDO3534MDFF/,/rodent-donors/IGVFDO2831PZHE/,/rodent-donors/IGVFDO5177QEWF/,/rodent-donors/IGVFDO7957DMLJ/,/rodent-donors/IGVFDO4725SNCJ/,/rodent-donors/IGVFDO7254QNQZ/,/rodent-donors/IGVFDO9142EUBJ/,/rodent-donors/IGVFDO1643VEDI/,/rodent-donors/IGVFDO9340WGNV/,/rodent-donors/IGVFDO9560CEGZ/,/rodent-donors/IGVFDO0681EHNP/,/rodent-donors/IGVFDO7007WBAX/,/rodent-donors/IGVFDO7255VZBN/,/rodent-donors/IGVFDO9374WXKK/,/rodent-donors/IGVFDO8322VYDU/,/rodent-donors/IGVFDO5502NJPS/,/rodent-donors/IGVFDO5085MJSP/,/rodent-donors/IGVFDO4788BIQB/,/rodent-donors/IGVFDO5523UFUN/,/rodent-donors/IGVFDO6607QZPA/,/rodent-donors/IGVFDO7610XXRR/,/rodent-donors/IGVFDO8904OIIT/,/rodent-donors/IGVFDO1744FDIX/,/rodent-donors/IGVFDO3436ZMLY/,/rodent-donors/IGVFDO3655FKMR/,/rodent-donors/IGVFDO9202WGJZ/,/rodent-donors/IGVFDO2292YGGE/,/rodent-donors/IGVFDO9510ILZG/,/rodent-donors/IGVFDO7062NBTQ/,/rodent-donors/IGVFDO3603MEIO/,/rodent-donors/IGVFDO9199TPBC/,/rodent-donors/IGVFDO0751WQHI/,/rodent-donors/IGVFDO6112GRYR/,/rodent-donors/IGVFDO1452VDIT/,/rodent-donors/IGVFDO6141KSSQ/,/rodent-donors/IGVFDO2517TXOT/,/rodent-donors/IGVFDO7951JDSP/,/rodent-donors/IGVFDO8152XDDC/,/rodent-donors/IGVFDO5539RLXJ/,/rodent-donors/IGVFDO0853BCOL/,/rodent-donors/IGVFDO0696DMIA/,/rodent-donors/IGVFDO8958JQIY/,/rodent-donors/IGVFDO0624KKTV/,/rodent-donors/IGVFDO3762EAWT/,/rodent-donors/IGVFDO6219LVKW/,/rodent-donors/IGVFDO0026YRCR/,/rodent-donors/IGVFDO3207TERA/,/rodent-donors/IGVFDO5872DFML/,/rodent-donors/IGVFDO5737FRWD/,/rodent-donors/IGVFDO6614NNPY/,/rodent-donors/IGVFDO9890MXGN/,/rodent-donors/IGVFDO0430HQIU/,/rodent-donors/IGVFDO5258MBVH/,/rodent-donors/IGVFDO3662UKFW/,/rodent-donors/IGVFDO3640WUBU/",/labs/ali-mortazavi/,/awards/HG012077/,/assay-terms/OBI_0003109/,Parse SPLiT-seq,"https://www.protocols.io/view/evercode-single-index-pcr-5jyl82k9rl2w/v1, https://www.protocols.io/view/evercode-wt-mega-v2-2-1-8epv5xxrng1b/v1, https://www.protocols.io/view/protocol-to-isolate-and-fix-nuclei-from-flash-froz-36wgq3e3ylk5/v1, https://www.protocols.io/view/protocol-to-isolate-and-fix-nuclei-from-flash-froz-5qpvo3837v4o/v1, https://www.protocols.io/view/protocol-to-isolate-and-fix-nuclei-from-flash-froz-n92ldm8b8l5b/v2",mRNA enriched,single-nucleus RNA sequencing assay (Parse SPLiT-seq),Mus musculus,
/measurement-sets/IGVFDS8596SFBH/,IGVFDS8596SFBH,94940cb6-f01a-4d34-84d2-66e2084d82bd,ali-mortazavi:007_67E_illumina,6,007,Diencephalon/Pituitary,Gonads,/multiplexed-samples/IGVFSM3256AAJO/,"/rodent-donors/IGVFDO4469VYEZ/,/rodent-donors/IGVFDO6066JIEJ/,/rodent-donors/IGVFDO1477BPVO/,/rodent-donors/IGVFDO2106EEWB/,/rodent-donors/IGVFDO0813DZTW/,/rodent-donors/IGVFDO5183UZGS/,/rodent-donors/IGVFDO2301HIUQ/,/rodent-donors/IGVFDO4707SGWM/,/rodent-donors/IGVFDO2319OUEC/,/rodent-donors/IGVFDO2645GUSC/,/rodent-donors/IGVFDO3534MDFF/,/rodent-donors/IGVFDO2831PZHE/,/rodent-donors/IGVFDO5177QEWF/,/rodent-donors/IGVFDO7957DMLJ/,/rodent-donors/IGVFDO4725SNCJ/,/rodent-donors/IGVFDO7254QNQZ/,/rodent-donors/IGVFDO9142EUBJ/,/rodent-donors/IGVFDO1643VEDI/,/rodent-donors/IGVFDO9340WGNV/,/rodent-donors/IGVFDO9560CEGZ/,/rodent-donors/IGVFDO0681EHNP/,/rodent-donors/IGVFDO7007WBAX/,/rodent-donors/IGVFDO7255VZBN/,/rodent-donors/IGVFDO9374WXKK/,/rodent-donors/IGVFDO8322VYDU/,/rodent-donors/IGVFDO5502NJPS/,/rodent-donors/IGVFDO5085MJSP/,/rodent-donors/IGVFDO4788BIQB/,/rodent-donors/IGVFDO5523UFUN/,/rodent-donors/IGVFDO6607QZPA/,/rodent-donors/IGVFDO7610XXRR/,/rodent-donors/IGVFDO8904OIIT/,/rodent-donors/IGVFDO1744FDIX/,/rodent-donors/IGVFDO3436ZMLY/,/rodent-donors/IGVFDO3655FKMR/,/rodent-donors/IGVFDO9202WGJZ/,/rodent-donors/IGVFDO2292YGGE/,/rodent-donors/IGVFDO9510ILZG/,/rodent-donors/IGVFDO7062NBTQ/,/rodent-donors/IGVFDO3603MEIO/,/rodent-donors/IGVFDO9199TPBC/,/rodent-donors/IGVFDO0751WQHI/,/rodent-donors/IGVFDO6112GRYR/,/rodent-donors/IGVFDO1452VDIT/,/rodent-donors/IGVFDO6141KSSQ/,/rodent-donors/IGVFDO2517TXOT/,/rodent-donors/IGVFDO7951JDSP/,/rodent-donors/IGVFDO8152XDDC/,/rodent-donors/IGVFDO5539RLXJ/,/rodent-donors/IGVFDO0853BCOL/,/rodent-donors/IGVFDO0696DMIA/,/rodent-donors/IGVFDO8958JQIY/,/rodent-donors/IGVFDO0624KKTV/,/rodent-donors/IGVFDO3762EAWT/,/rodent-donors/IGVFDO6219LVKW/,/rodent-donors/IGVFDO0026YRCR/,/rodent-donors/IGVFDO3207TERA/,/rodent-donors/IGVFDO5872DFML/,/rodent-donors/IGVFDO5737FRWD/,/rodent-donors/IGVFDO6614NNPY/,/rodent-donors/IGVFDO9890MXGN/,/rodent-donors/IGVFDO0430HQIU/,/rodent-donors/IGVFDO5258MBVH/,/rodent-donors/IGVFDO3662UKFW/,/rodent-donors/IGVFDO3640WUBU/",/labs/ali-mortazavi/,/awards/HG012077/,/assay-terms/OBI_0003109/,Parse SPLiT-seq,"https://www.protocols.io/view/evercode-single-index-pcr-5jyl82k9rl2w/v1, https://www.protocols.io/view/evercode-wt-mega-v2-2-1-8epv5xxrng1b/v1, https://www.protocols.io/view/protocol-to-isolate-and-fix-nuclei-from-flash-froz-36wgq3e3ylk5/v1, https://www.protocols.io/view/protocol-to-isolate-and-fix-nuclei-from-flash-froz-5qpvo3837v4o/v1, https://www.protocols.io/view/protocol-to-isolate-and-fix-nuclei-from-flash-froz-n92ldm8b8l5b/v2",mRNA enriched,single-nucleus RNA sequencing assay (Parse SPLiT-seq),Mus musculus,
/measurement-sets/IGVFDS5449NHFC/,IGVFDS5449NHFC,c06ddbf7-ec88-4712-803b-fd97b73b349b,ali-mortazavi:007_67F_illumina,7,007,Diencephalon/Pituitary,Gonads,/multiplexed-samples/IGVFSM1259WWBS/,"/rodent-donors/IGVFDO2831PZHE/,/rodent-donors/IGVFDO5258MBVH/,/rodent-donors/IGVFDO9340WGNV/,/rodent-donors/IGVFDO6141KSSQ/,/rodent-donors/IGVFDO3640WUBU/,/rodent-donors/IGVFDO5085MJSP/,/rodent-donors/IGVFDO9202WGJZ/,/rodent-donors/IGVFDO9890MXGN/,/rodent-donors/IGVFDO5872DFML/,/rodent-donors/IGVFDO4469VYEZ/,/rodent-donors/IGVFDO7957DMLJ/,/rodent-donors/IGVFDO0624KKTV/,/rodent-donors/IGVFDO1452VDIT/,/rodent-donors/IGVFDO0813DZTW/,/rodent-donors/IGVFDO0751WQHI/,/rodent-donors/IGVFDO5183UZGS/,/rodent-donors/IGVFDO0696DMIA/,/rodent-donors/IGVFDO6112GRYR/,/rodent-donors/IGVFDO9510ILZG/,/rodent-donors/IGVFDO9142EUBJ/,/rodent-donors/IGVFDO3603MEIO/,/rodent-donors/IGVFDO7062NBTQ/,/rodent-donors/IGVFDO7255VZBN/,/rodent-donors/IGVFDO5737FRWD/,/rodent-donors/IGVFDO1477BPVO/,/rodent-donors/IGVFDO0681EHNP/,/rodent-donors/IGVFDO3436ZMLY/,/rodent-donors/IGVFDO3534MDFF/,/rodent-donors/IGVFDO4725SNCJ/,/rodent-donors/IGVFDO6607QZPA/,/rodent-donors/IGVFDO0853BCOL/,/rodent-donors/IGVFDO8958JQIY/,/rodent-donors/IGVFDO8904OIIT/,/rodent-donors/IGVFDO2645GUSC/,/rodent-donors/IGVFDO2319OUEC/,/rodent-donors/IGVFDO0026YRCR/,/rodent-donors/IGVFDO5523UFUN/,/rodent-donors/IGVFDO6219LVKW/,/rodent-donors/IGVFDO1643VEDI/,/rodent-donors/IGVFDO4707SGWM/,/rodent-donors/IGVFDO6066JIEJ/,/rodent-donors/IGVFDO0430HQIU/,/rodent-donors/IGVFDO2517TXOT/,/rodent-donors/IGVFDO5177QEWF/,/rodent-donors/IGVFDO7951JDSP/,/rodent-donors/IGVFDO2292YGGE/,/rodent-donors/IGVFDO2106EEWB/,/rodent-donors/IGVFDO7007WBAX/,/rodent-donors/IGVFDO8322VYDU/,/rodent-donors/IGVFDO6614NNPY/,/rodent-donors/IGVFDO9199TPBC/,/rodent-donors/IGVFDO9560CEGZ/,/rodent-donors/IGVFDO5539RLXJ/,/rodent-donors/IGVFDO7254QNQZ/,/rodent-donors/IGVFDO1744FDIX/,/rodent-donors/IGVFDO4788BIQB/,/rodent-donors/IGVFDO8152XDDC/,/rodent-donors/IGVFDO7610XXRR/,/rodent-donors/IGVFDO9374WXKK/,/rodent-donors/IGVFDO3655FKMR/,/rodent-donors/IGVFDO3662UKFW/,/rodent-donors/IGVFDO3207TERA/,/rodent-donors/IGVFDO2301HIUQ/,/rodent-donors/IGVFDO5502NJPS/,/rodent-donors/IGVFDO3762EAWT/",/labs/ali-mortazavi/,/awards/HG012077/,/assay-terms/OBI_0003109/,Parse SPLiT-seq,"https://www.protocols.io/view/evercode-single-index-pcr-5jyl82k9rl2w/v1, https://www.protocols.io/view/evercode-wt-mega-v2-2-1-8epv5xxrng1b/v1, https://www.protocols.io/view/protocol-to-isolate-and-fix-nuclei-from-flash-froz-36wgq3e3ylk5/v1, https://www.protocols.io/view/protocol-to-isolate-and-fix-nuclei-from-flash-froz-5qpvo3837v4o/v1, https://www.protocols.io/view/protocol-to-isolate-and-fix-nuclei-from-flash-froz-n92ldm8b8l5b/v2",mRNA enriched,single-nucleus RNA sequencing assay (Parse SPLiT-seq),Mus musculus,
/measurement-sets/IGVFDS6939JOLI/,IGVFDS6939JOLI,c2472f21-bcb0-4a37-981b-af3752cb9169,ali-mortazavi:007_67G_illumina,8,007,Diencephalon/Pituitary,Gonads,/multiplexed-samples/IGVFSM0413HPYX/,"/rodent-donors/IGVFDO2831PZHE/,/rodent-donors/IGVFDO5258MBVH/,/rodent-donors/IGVFDO9340WGNV/,/rodent-donors/IGVFDO6141KSSQ/,/rodent-donors/IGVFDO3640WUBU/,/rodent-donors/IGVFDO5085MJSP/,/rodent-donors/IGVFDO9202WGJZ/,/rodent-donors/IGVFDO9890MXGN/,/rodent-donors/IGVFDO5872DFML/,/rodent-donors/IGVFDO4469VYEZ/,/rodent-donors/IGVFDO7957DMLJ/,/rodent-donors/IGVFDO0624KKTV/,/rodent-donors/IGVFDO1452VDIT/,/rodent-donors/IGVFDO0813DZTW/,/rodent-donors/IGVFDO0751WQHI/,/rodent-donors/IGVFDO5183UZGS/,/rodent-donors/IGVFDO0696DMIA/,/rodent-donors/IGVFDO6112GRYR/,/rodent-donors/IGVFDO9510ILZG/,/rodent-donors/IGVFDO9142EUBJ/,/rodent-donors/IGVFDO3603MEIO/,/rodent-donors/IGVFDO7062NBTQ/,/rodent-donors/IGVFDO7255VZBN/,/rodent-donors/IGVFDO5737FRWD/,/rodent-donors/IGVFDO1477BPVO/,/rodent-donors/IGVFDO0681EHNP/,/rodent-donors/IGVFDO3436ZMLY/,/rodent-donors/IGVFDO3534MDFF/,/rodent-donors/IGVFDO4725SNCJ/,/rodent-donors/IGVFDO6607QZPA/,/rodent-donors/IGVFDO0853BCOL/,/rodent-donors/IGVFDO8958JQIY/,/rodent-donors/IGVFDO8904OIIT/,/rodent-donors/IGVFDO2645GUSC/,/rodent-donors/IGVFDO2319OUEC/,/rodent-donors/IGVFDO0026YRCR/,/rodent-donors/IGVFDO5523UFUN/,/rodent-donors/IGVFDO6219LVKW/,/rodent-donors/IGVFDO1643VEDI/,/rodent-donors/IGVFDO4707SGWM/,/rodent-donors/IGVFDO6066JIEJ/,/rodent-donors/IGVFDO0430HQIU/,/rodent-donors/IGVFDO2517TXOT/,/rodent-donors/IGVFDO5177QEWF/,/rodent-donors/IGVFDO7951JDSP/,/rodent-donors/IGVFDO2292YGGE/,/rodent-donors/IGVFDO2106EEWB/,/rodent-donors/IGVFDO7007WBAX/,/rodent-donors/IGVFDO8322VYDU/,/rodent-donors/IGVFDO6614NNPY/,/rodent-donors/IGVFDO9199TPBC/,/rodent-donors/IGVFDO9560CEGZ/,/rodent-donors/IGVFDO5539RLXJ/,/rodent-donors/IGVFDO7254QNQZ/,/rodent-donors/IGVFDO1744FDIX/,/rodent-donors/IGVFDO4788BIQB/,/rodent-donors/IGVFDO8152XDDC/,/rodent-donors/IGVFDO7610XXRR/,/rodent-donors/IGVFDO9374WXKK/,/rodent-donors/IGVFDO3655FKMR/,/rodent-donors/IGVFDO3662UKFW/,/rodent-donors/IGVFDO3207TERA/,/rodent-donors/IGVFDO2301HIUQ/,/rodent-donors/IGVFDO5502NJPS/,/rodent-donors/IGVFDO3762EAWT/",/labs/ali-mortazavi/,/awards/HG012077/,/assay-terms/OBI_0003109/,Parse SPLiT-seq,"https://www.protocols.io/view/evercode-single-index-pcr-5jyl82k9rl2w/v1, https://www.protocols.io/view/evercode-wt-mega-v2-2-1-8epv5xxrng1b/v1, https://www.protocols.io/view/protocol-to-isolate-and-fix-nuclei-from-flash-froz-36wgq3e3ylk5/v1, https://www.protocols.io/view/protocol-to-isolate-and-fix-nuclei-from-flash-froz-5qpvo3837v4o/v1, https://www.protocols.io/view/protocol-to-isolate-and-fix-nuclei-from-flash-froz-n92ldm8b8l5b/v2",mRNA enriched,single-nucleus RNA sequencing assay (Parse SPLiT-seq),Mus musculus,
/measurement-sets/IGVFDS3980EKXU/,IGVFDS3980EKXU,755674bb-0fca-4254-9f39-054f017024cf,ali-mortazavi:007_67H_illumina,9,007,Diencephalon/Pituitary,Gonads,/multiplexed-samples/IGVFSM7503GYHX/,"/rodent-donors/IGVFDO4469VYEZ/,/rodent-donors/IGVFDO6066JIEJ/,/rodent-donors/IGVFDO1477BPVO/,/rodent-donors/IGVFDO2106EEWB/,/rodent-donors/IGVFDO0813DZTW/,/rodent-donors/IGVFDO5183UZGS/,/rodent-donors/IGVFDO2301HIUQ/,/rodent-donors/IGVFDO4707SGWM/,/rodent-donors/IGVFDO2319OUEC/,/rodent-donors/IGVFDO2645GUSC/,/rodent-donors/IGVFDO3534MDFF/,/rodent-donors/IGVFDO2831PZHE/,/rodent-donors/IGVFDO5177QEWF/,/rodent-donors/IGVFDO7957DMLJ/,/rodent-donors/IGVFDO4725SNCJ/,/rodent-donors/IGVFDO7254QNQZ/,/rodent-donors/IGVFDO9142EUBJ/,/rodent-donors/IGVFDO1643VEDI/,/rodent-donors/IGVFDO9340WGNV/,/rodent-donors/IGVFDO9560CEGZ/,/rodent-donors/IGVFDO0681EHNP/,/rodent-donors/IGVFDO7007WBAX/,/rodent-donors/IGVFDO7255VZBN/,/rodent-donors/IGVFDO9374WXKK/,/rodent-donors/IGVFDO8322VYDU/,/rodent-donors/IGVFDO5502NJPS/,/rodent-donors/IGVFDO5085MJSP/,/rodent-donors/IGVFDO4788BIQB/,/rodent-donors/IGVFDO5523UFUN/,/rodent-donors/IGVFDO6607QZPA/,/rodent-donors/IGVFDO7610XXRR/,/rodent-donors/IGVFDO8904OIIT/,/rodent-donors/IGVFDO1744FDIX/,/rodent-donors/IGVFDO3436ZMLY/,/rodent-donors/IGVFDO3655FKMR/,/rodent-donors/IGVFDO9202WGJZ/,/rodent-donors/IGVFDO2292YGGE/,/rodent-donors/IGVFDO9510ILZG/,/rodent-donors/IGVFDO7062NBTQ/,/rodent-donors/IGVFDO3603MEIO/,/rodent-donors/IGVFDO9199TPBC/,/rodent-donors/IGVFDO0751WQHI/,/rodent-donors/IGVFDO6112GRYR/,/rodent-donors/IGVFDO1452VDIT/,/rodent-donors/IGVFDO6141KSSQ/,/rodent-donors/IGVFDO2517TXOT/,/rodent-donors/IGVFDO7951JDSP/,/rodent-donors/IGVFDO8152XDDC/,/rodent-donors/IGVFDO5539RLXJ/,/rodent-donors/IGVFDO0853BCOL/,/rodent-donors/IGVFDO0696DMIA/,/rodent-donors/IGVFDO8958JQIY/,/rodent-donors/IGVFDO0624KKTV/,/rodent-donors/IGVFDO3762EAWT/,/rodent-donors/IGVFDO6219LVKW/,/rodent-donors/IGVFDO0026YRCR/,/rodent-donors/IGVFDO3207TERA/,/rodent-donors/IGVFDO5872DFML/,/rodent-donors/IGVFDO5737FRWD/,/rodent-donors/IGVFDO6614NNPY/,/rodent-donors/IGVFDO9890MXGN/,/rodent-donors/IGVFDO0430HQIU/,/rodent-donors/IGVFDO5258MBVH/,/rodent-donors/IGVFDO3662UKFW/,/rodent-donors/IGVFDO3640WUBU/",/labs/ali-mortazavi/,/awards/HG012077/,/assay-terms/OBI_0003109/,Parse SPLiT-seq,"https://www.protocols.io/view/evercode-single-index-pcr-5jyl82k9rl2w/v1, https://www.protocols.io/view/evercode-wt-mega-v2-2-1-8epv5xxrng1b/v1, https://www.protocols.io/view/protocol-to-isolate-and-fix-nuclei-from-flash-froz-36wgq3e3ylk5/v1, https://www.protocols.io/view/protocol-to-isolate-and-fix-nuclei-from-flash-froz-5qpvo3837v4o/v1, https://www.protocols.io/view/protocol-to-isolate-and-fix-nuclei-from-flash-froz-n92ldm8b8l5b/v2",mRNA enriched,single-nucleus RNA sequencing assay (Parse SPLiT-seq),Mus musculus,
/measurement-sets/IGVFDS2542HOJK/,IGVFDS2542HOJK,fa57ee9a-f812-405e-a9c8-878326128dc3,ali-mortazavi:007_67I_illumina,10,007,Diencephalon/Pituitary,Gonads,/multiplexed-samples/IGVFSM3745FVYT/,"/rodent-donors/IGVFDO2831PZHE/,/rodent-donors/IGVFDO5258MBVH/,/rodent-donors/IGVFDO9340WGNV/,/rodent-donors/IGVFDO6141KSSQ/,/rodent-donors/IGVFDO3640WUBU/,/rodent-donors/IGVFDO5085MJSP/,/rodent-donors/IGVFDO9202WGJZ/,/rodent-donors/IGVFDO9890MXGN/,/rodent-donors/IGVFDO5872DFML/,/rodent-donors/IGVFDO4469VYEZ/,/rodent-donors/IGVFDO7957DMLJ/,/rodent-donors/IGVFDO0624KKTV/,/rodent-donors/IGVFDO1452VDIT/,/rodent-donors/IGVFDO0813DZTW/,/rodent-donors/IGVFDO0751WQHI/,/rodent-donors/IGVFDO5183UZGS/,/rodent-donors/IGVFDO0696DMIA/,/rodent-donors/IGVFDO6112GRYR/,/rodent-donors/IGVFDO9510ILZG/,/rodent-donors/IGVFDO9142EUBJ/,/rodent-donors/IGVFDO3603MEIO/,/rodent-donors/IGVFDO7062NBTQ/,/rodent-donors/IGVFDO7255VZBN/,/rodent-donors/IGVFDO5737FRWD/,/rodent-donors/IGVFDO1477BPVO/,/rodent-donors/IGVFDO0681EHNP/,/rodent-donors/IGVFDO3436ZMLY/,/rodent-donors/IGVFDO3534MDFF/,/rodent-donors/IGVFDO4725SNCJ/,/rodent-donors/IGVFDO6607QZPA/,/rodent-donors/IGVFDO0853BCOL/,/rodent-donors/IGVFDO8958JQIY/,/rodent-donors/IGVFDO8904OIIT/,/rodent-donors/IGVFDO2645GUSC/,/rodent-donors/IGVFDO2319OUEC/,/rodent-donors/IGVFDO0026YRCR/,/rodent-donors/IGVFDO5523UFUN/,/rodent-donors/IGVFDO6219LVKW/,/rodent-donors/IGVFDO1643VEDI/,/rodent-donors/IGVFDO4707SGWM/,/rodent-donors/IGVFDO6066JIEJ/,/rodent-donors/IGVFDO0430HQIU/,/rodent-donors/IGVFDO2517TXOT/,/rodent-donors/IGVFDO5177QEWF/,/rodent-donors/IGVFDO7951JDSP/,/rodent-donors/IGVFDO2292YGGE/,/rodent-donors/IGVFDO2106EEWB/,/rodent-donors/IGVFDO7007WBAX/,/rodent-donors/IGVFDO8322VYDU/,/rodent-donors/IGVFDO6614NNPY/,/rodent-donors/IGVFDO9199TPBC/,/rodent-donors/IGVFDO9560CEGZ/,/rodent-donors/IGVFDO5539RLXJ/,/rodent-donors/IGVFDO7254QNQZ/,/rodent-donors/IGVFDO1744FDIX/,/rodent-donors/IGVFDO4788BIQB/,/rodent-donors/IGVFDO8152XDDC/,/rodent-donors/IGVFDO7610XXRR/,/rodent-donors/IGVFDO9374WXKK/,/rodent-donors/IGVFDO3655FKMR/,/rodent-donors/IGVFDO3662UKFW/,/rodent-donors/IGVFDO3207TERA/,/rodent-donors/IGVFDO2301HIUQ/,/rodent-donors/IGVFDO5502NJPS/,/rodent-donors/IGVFDO3762EAWT/",/labs/ali-mortazavi/,/awards/HG012077/,/assay-terms/OBI_0003109/,Parse SPLiT-seq,"https://www.protocols.io/view/evercode-single-index-pcr-5jyl82k9rl2w/v1, https://www.protocols.io/view/evercode-wt-mega-v2-2-1-8epv5xxrng1b/v1, https://www.protocols.io/view/protocol-to-isolate-and-fix-nuclei-from-flash-froz-36wgq3e3ylk5/v1, https://www.protocols.io/view/protocol-to-isolate-and-fix-nuclei-from-flash-froz-5qpvo3837v4o/v1, https://www.protocols.io/view/protocol-to-isolate-and-fix-nuclei-from-flash-froz-n92ldm8b8l5b/v2",mRNA enriched,single-nucleus RNA sequencing assay (Parse SPLiT-seq),Mus musculus,
/measurement-sets/IGVFDS4267KGON/,IGVFDS4267KGON,354a2b58-5a19-442e-96d1-7963a3cd8a57,ali-mortazavi:007_67J_illumina,11,007,Diencephalon/Pituitary,Gonads,/multiplexed-samples/IGVFSM5303ZDCK/,"/rodent-donors/IGVFDO2831PZHE/,/rodent-donors/IGVFDO5258MBVH/,/rodent-donors/IGVFDO9340WGNV/,/rodent-donors/IGVFDO6141KSSQ/,/rodent-donors/IGVFDO3640WUBU/,/rodent-donors/IGVFDO5085MJSP/,/rodent-donors/IGVFDO9202WGJZ/,/rodent-donors/IGVFDO9890MXGN/,/rodent-donors/IGVFDO5872DFML/,/rodent-donors/IGVFDO4469VYEZ/,/rodent-donors/IGVFDO7957DMLJ/,/rodent-donors/IGVFDO0624KKTV/,/rodent-donors/IGVFDO1452VDIT/,/rodent-donors/IGVFDO0813DZTW/,/rodent-donors/IGVFDO0751WQHI/,/rodent-donors/IGVFDO5183UZGS/,/rodent-donors/IGVFDO0696DMIA/,/rodent-donors/IGVFDO6112GRYR/,/rodent-donors/IGVFDO9510ILZG/,/rodent-donors/IGVFDO9142EUBJ/,/rodent-donors/IGVFDO3603MEIO/,/rodent-donors/IGVFDO7062NBTQ/,/rodent-donors/IGVFDO7255VZBN/,/rodent-donors/IGVFDO5737FRWD/,/rodent-donors/IGVFDO1477BPVO/,/rodent-donors/IGVFDO0681EHNP/,/rodent-donors/IGVFDO3436ZMLY/,/rodent-donors/IGVFDO3534MDFF/,/rodent-donors/IGVFDO4725SNCJ/,/rodent-donors/IGVFDO6607QZPA/,/rodent-donors/IGVFDO0853BCOL/,/rodent-donors/IGVFDO8958JQIY/,/rodent-donors/IGVFDO8904OIIT/,/rodent-donors/IGVFDO2645GUSC/,/rodent-donors/IGVFDO2319OUEC/,/rodent-donors/IGVFDO0026YRCR/,/rodent-donors/IGVFDO5523UFUN/,/rodent-donors/IGVFDO6219LVKW/,/rodent-donors/IGVFDO1643VEDI/,/rodent-donors/IGVFDO4707SGWM/,/rodent-donors/IGVFDO6066JIEJ/,/rodent-donors/IGVFDO0430HQIU/,/rodent-donors/IGVFDO2517TXOT/,/rodent-donors/IGVFDO5177QEWF/,/rodent-donors/IGVFDO7951JDSP/,/rodent-donors/IGVFDO2292YGGE/,/rodent-donors/IGVFDO2106EEWB/,/rodent-donors/IGVFDO7007WBAX/,/rodent-donors/IGVFDO8322VYDU/,/rodent-donors/IGVFDO6614NNPY/,/rodent-donors/IGVFDO9199TPBC/,/rodent-donors/IGVFDO9560CEGZ/,/rodent-donors/IGVFDO5539RLXJ/,/rodent-donors/IGVFDO7254QNQZ/,/rodent-donors/IGVFDO1744FDIX/,/rodent-donors/IGVFDO4788BIQB/,/rodent-donors/IGVFDO8152XDDC/,/rodent-donors/IGVFDO7610XXRR/,/rodent-donors/IGVFDO9374WXKK/,/rodent-donors/IGVFDO3655FKMR/,/rodent-donors/IGVFDO3662UKFW/,/rodent-donors/IGVFDO3207TERA/,/rodent-donors/IGVFDO2301HIUQ/,/rodent-donors/IGVFDO5502NJPS/,/rodent-donors/IGVFDO3762EAWT/",/labs/ali-mortazavi/,/awards/HG012077/,/assay-terms/OBI_0003109/,Parse SPLiT-seq,"https://www.protocols.io/view/evercode-single-index-pcr-5jyl82k9rl2w/v1, https://www.protocols.io/view/evercode-wt-mega-v2-2-1-8epv5xxrng1b/v1, https://www.protocols.io/view/protocol-to-isolate-and-fix-nuclei-from-flash-froz-36wgq3e3ylk5/v1, https://www.protocols.io/view/protocol-to-isolate-and-fix-nuclei-from-flash-froz-5qpvo3837v4o/v1, https://www.protocols.io/view/protocol-to-isolate-and-fix-nuclei-from-flash-froz-n92ldm8b8l5b/v2",mRNA enriched,single-nucleus RNA sequencing assay (Parse SPLiT-seq),Mus musculus,
/measurement-sets/IGVFDS3112LPSJ/,IGVFDS3112LPSJ,24a34106-b747-405d-a73a-10058a678ee9,ali-mortazavi:007_67K_illumina,12,007,Diencephalon/Pituitary,Gonads,/multiplexed-samples/IGVFSM5211OUPH/,"/rodent-donors/IGVFDO2831PZHE/,/rodent-donors/IGVFDO5258MBVH/,/rodent-donors/IGVFDO9340WGNV/,/rodent-donors/IGVFDO6141KSSQ/,/rodent-donors/IGVFDO3640WUBU/,/rodent-donors/IGVFDO5085MJSP/,/rodent-donors/IGVFDO9202WGJZ/,/rodent-donors/IGVFDO9890MXGN/,/rodent-donors/IGVFDO5872DFML/,/rodent-donors/IGVFDO4469VYEZ/,/rodent-donors/IGVFDO7957DMLJ/,/rodent-donors/IGVFDO0624KKTV/,/rodent-donors/IGVFDO1452VDIT/,/rodent-donors/IGVFDO0813DZTW/,/rodent-donors/IGVFDO0751WQHI/,/rodent-donors/IGVFDO5183UZGS/,/rodent-donors/IGVFDO0696DMIA/,/rodent-donors/IGVFDO6112GRYR/,/rodent-donors/IGVFDO9510ILZG/,/rodent-donors/IGVFDO9142EUBJ/,/rodent-donors/IGVFDO3603MEIO/,/rodent-donors/IGVFDO7062NBTQ/,/rodent-donors/IGVFDO7255VZBN/,/rodent-donors/IGVFDO5737FRWD/,/rodent-donors/IGVFDO1477BPVO/,/rodent-donors/IGVFDO0681EHNP/,/rodent-donors/IGVFDO3436ZMLY/,/rodent-donors/IGVFDO3534MDFF/,/rodent-donors/IGVFDO4725SNCJ/,/rodent-donors/IGVFDO6607QZPA/,/rodent-donors/IGVFDO0853BCOL/,/rodent-donors/IGVFDO8958JQIY/,/rodent-donors/IGVFDO8904OIIT/,/rodent-donors/IGVFDO2645GUSC/,/rodent-donors/IGVFDO2319OUEC/,/rodent-donors/IGVFDO0026YRCR/,/rodent-donors/IGVFDO5523UFUN/,/rodent-donors/IGVFDO6219LVKW/,/rodent-donors/IGVFDO1643VEDI/,/rodent-donors/IGVFDO4707SGWM/,/rodent-donors/IGVFDO6066JIEJ/,/rodent-donors/IGVFDO0430HQIU/,/rodent-donors/IGVFDO2517TXOT/,/rodent-donors/IGVFDO5177QEWF/,/rodent-donors/IGVFDO7951JDSP/,/rodent-donors/IGVFDO2292YGGE/,/rodent-donors/IGVFDO2106EEWB/,/rodent-donors/IGVFDO7007WBAX/,/rodent-donors/IGVFDO8322VYDU/,/rodent-donors/IGVFDO6614NNPY/,/rodent-donors/IGVFDO9199TPBC/,/rodent-donors/IGVFDO9560CEGZ/,/rodent-donors/IGVFDO5539RLXJ/,/rodent-donors/IGVFDO7254QNQZ/,/rodent-donors/IGVFDO1744FDIX/,/rodent-donors/IGVFDO4788BIQB/,/rodent-donors/IGVFDO8152XDDC/,/rodent-donors/IGVFDO7610XXRR/,/rodent-donors/IGVFDO9374WXKK/,/rodent-donors/IGVFDO3655FKMR/,/rodent-donors/IGVFDO3662UKFW/,/rodent-donors/IGVFDO3207TERA/,/rodent-donors/IGVFDO2301HIUQ/,/rodent-donors/IGVFDO5502NJPS/,/rodent-donors/IGVFDO3762EAWT/",/labs/ali-mortazavi/,/awards/HG012077/,/assay-terms/OBI_0003109/,Parse SPLiT-seq,"https://www.protocols.io/view/evercode-single-index-pcr-5jyl82k9rl2w/v1, https://www.protocols.io/view/evercode-wt-mega-v2-2-1-8epv5xxrng1b/v1, https://www.protocols.io/view/protocol-to-isolate-and-fix-nuclei-from-flash-froz-36wgq3e3ylk5/v1, https://www.protocols.io/view/protocol-to-isolate-and-fix-nuclei-from-flash-froz-5qpvo3837v4o/v1, https://www.protocols.io/view/protocol-to-isolate-and-fix-nuclei-from-flash-froz-n92ldm8b8l5b/v2",mRNA enriched,single-nucleus RNA sequencing assay (Parse SPLiT-seq),Mus musculus,
/measurement-sets/IGVFDS8310XEDQ/,IGVFDS8310XEDQ,0030bf96-91ff-4fc1-8a33-d5888eef53ec,ali-mortazavi:007_67L_illumina,13,007,Diencephalon/Pituitary,Gonads,/multiplexed-samples/IGVFSM5898DEVL/,"/rodent-donors/IGVFDO4469VYEZ/,/rodent-donors/IGVFDO6066JIEJ/,/rodent-donors/IGVFDO1477BPVO/,/rodent-donors/IGVFDO2106EEWB/,/rodent-donors/IGVFDO0813DZTW/,/rodent-donors/IGVFDO5183UZGS/,/rodent-donors/IGVFDO2301HIUQ/,/rodent-donors/IGVFDO4707SGWM/,/rodent-donors/IGVFDO2319OUEC/,/rodent-donors/IGVFDO2645GUSC/,/rodent-donors/IGVFDO3534MDFF/,/rodent-donors/IGVFDO2831PZHE/,/rodent-donors/IGVFDO5177QEWF/,/rodent-donors/IGVFDO7957DMLJ/,/rodent-donors/IGVFDO4725SNCJ/,/rodent-donors/IGVFDO7254QNQZ/,/rodent-donors/IGVFDO9142EUBJ/,/rodent-donors/IGVFDO1643VEDI/,/rodent-donors/IGVFDO9340WGNV/,/rodent-donors/IGVFDO9560CEGZ/,/rodent-donors/IGVFDO0681EHNP/,/rodent-donors/IGVFDO7007WBAX/,/rodent-donors/IGVFDO7255VZBN/,/rodent-donors/IGVFDO9374WXKK/,/rodent-donors/IGVFDO8322VYDU/,/rodent-donors/IGVFDO5502NJPS/,/rodent-donors/IGVFDO5085MJSP/,/rodent-donors/IGVFDO4788BIQB/,/rodent-donors/IGVFDO5523UFUN/,/rodent-donors/IGVFDO6607QZPA/,/rodent-donors/IGVFDO7610XXRR/,/rodent-donors/IGVFDO8904OIIT/,/rodent-donors/IGVFDO1744FDIX/,/rodent-donors/IGVFDO3436ZMLY/,/rodent-donors/IGVFDO3655FKMR/,/rodent-donors/IGVFDO9202WGJZ/,/rodent-donors/IGVFDO2292YGGE/,/rodent-donors/IGVFDO9510ILZG/,/rodent-donors/IGVFDO7062NBTQ/,/rodent-donors/IGVFDO3603MEIO/,/rodent-donors/IGVFDO9199TPBC/,/rodent-donors/IGVFDO0751WQHI/,/rodent-donors/IGVFDO6112GRYR/,/rodent-donors/IGVFDO1452VDIT/,/rodent-donors/IGVFDO6141KSSQ/,/rodent-donors/IGVFDO2517TXOT/,/rodent-donors/IGVFDO7951JDSP/,/rodent-donors/IGVFDO8152XDDC/,/rodent-donors/IGVFDO5539RLXJ/,/rodent-donors/IGVFDO0853BCOL/,/rodent-donors/IGVFDO0696DMIA/,/rodent-donors/IGVFDO8958JQIY/,/rodent-donors/IGVFDO0624KKTV/,/rodent-donors/IGVFDO3762EAWT/,/rodent-donors/IGVFDO6219LVKW/,/rodent-donors/IGVFDO0026YRCR/,/rodent-donors/IGVFDO3207TERA/,/rodent-donors/IGVFDO5872DFML/,/rodent-donors/IGVFDO5737FRWD/,/rodent-donors/IGVFDO6614NNPY/,/rodent-donors/IGVFDO9890MXGN/,/rodent-donors/IGVFDO0430HQIU/,/rodent-donors/IGVFDO5258MBVH/,/rodent-donors/IGVFDO3662UKFW/,/rodent-donors/IGVFDO3640WUBU/",/labs/ali-mortazavi/,/awards/HG012077/,/assay-terms/OBI_0003109/,Parse SPLiT-seq,"https://www.protocols.io/view/evercode-single-index-pcr-5jyl82k9rl2w/v1, https://www.protocols.io/view/evercode-wt-mega-v2-2-1-8epv5xxrng1b/v1, https://www.protocols.io/view/protocol-to-isolate-and-fix-nuclei-from-flash-froz-36wgq3e3ylk5/v1, https://www.protocols.io/view/protocol-to-isolate-and-fix-nuclei-from-flash-froz-5qpvo3837v4o/v1, https://www.protocols.io/view/protocol-to-isolate-and-fix-nuclei-from-flash-froz-n92ldm8b8l5b/v2",mRNA enriched,single-nucleus RNA sequencing assay (Parse SPLiT-seq),Mus musculus,
/measurement-sets/IGVFDS5516XBYP/,IGVFDS5516XBYP,f6b13785-b03f-4299-9ced-5971064f935c,ali-mortazavi:007_67M_illumina,14,007,Diencephalon/Pituitary,Gonads,/multiplexed-samples/IGVFSM7235RGKX/,"/rodent-donors/IGVFDO2831PZHE/,/rodent-donors/IGVFDO5258MBVH/,/rodent-donors/IGVFDO9340WGNV/,/rodent-donors/IGVFDO6141KSSQ/,/rodent-donors/IGVFDO3640WUBU/,/rodent-donors/IGVFDO5085MJSP/,/rodent-donors/IGVFDO9202WGJZ/,/rodent-donors/IGVFDO9890MXGN/,/rodent-donors/IGVFDO5872DFML/,/rodent-donors/IGVFDO4469VYEZ/,/rodent-donors/IGVFDO7957DMLJ/,/rodent-donors/IGVFDO0624KKTV/,/rodent-donors/IGVFDO1452VDIT/,/rodent-donors/IGVFDO0813DZTW/,/rodent-donors/IGVFDO0751WQHI/,/rodent-donors/IGVFDO5183UZGS/,/rodent-donors/IGVFDO0696DMIA/,/rodent-donors/IGVFDO6112GRYR/,/rodent-donors/IGVFDO9510ILZG/,/rodent-donors/IGVFDO9142EUBJ/,/rodent-donors/IGVFDO3603MEIO/,/rodent-donors/IGVFDO7062NBTQ/,/rodent-donors/IGVFDO7255VZBN/,/rodent-donors/IGVFDO5737FRWD/,/rodent-donors/IGVFDO1477BPVO/,/rodent-donors/IGVFDO0681EHNP/,/rodent-donors/IGVFDO3436ZMLY/,/rodent-donors/IGVFDO3534MDFF/,/rodent-donors/IGVFDO4725SNCJ/,/rodent-donors/IGVFDO6607QZPA/,/rodent-donors/IGVFDO0853BCOL/,/rodent-donors/IGVFDO8958JQIY/,/rodent-donors/IGVFDO8904OIIT/,/rodent-donors/IGVFDO2645GUSC/,/rodent-donors/IGVFDO2319OUEC/,/rodent-donors/IGVFDO0026YRCR/,/rodent-donors/IGVFDO5523UFUN/,/rodent-donors/IGVFDO6219LVKW/,/rodent-donors/IGVFDO1643VEDI/,/rodent-donors/IGVFDO4707SGWM/,/rodent-donors/IGVFDO6066JIEJ/,/rodent-donors/IGVFDO0430HQIU/,/rodent-donors/IGVFDO2517TXOT/,/rodent-donors/IGVFDO5177QEWF/,/rodent-donors/IGVFDO7951JDSP/,/rodent-donors/IGVFDO2292YGGE/,/rodent-donors/IGVFDO2106EEWB/,/rodent-donors/IGVFDO7007WBAX/,/rodent-donors/IGVFDO8322VYDU/,/rodent-donors/IGVFDO6614NNPY/,/rodent-donors/IGVFDO9199TPBC/,/rodent-donors/IGVFDO9560CEGZ/,/rodent-donors/IGVFDO5539RLXJ/,/rodent-donors/IGVFDO7254QNQZ/,/rodent-donors/IGVFDO1744FDIX/,/rodent-donors/IGVFDO4788BIQB/,/rodent-donors/IGVFDO8152XDDC/,/rodent-donors/IGVFDO7610XXRR/,/rodent-donors/IGVFDO9374WXKK/,/rodent-donors/IGVFDO3655FKMR/,/rodent-donors/IGVFDO3662UKFW/,/rodent-donors/IGVFDO3207TERA/,/rodent-donors/IGVFDO2301HIUQ/,/rodent-donors/IGVFDO5502NJPS/,/rodent-donors/IGVFDO3762EAWT/",/labs/ali-mortazavi/,/awards/HG012077/,/assay-terms/OBI_0003109/,Parse SPLiT-seq,"https://www.protocols.io/view/evercode-single-index-pcr-5jyl82k9rl2w/v1, https://www.protocols.io/view/evercode-wt-mega-v2-2-1-8epv5xxrng1b/v1, https://www.protocols.io/view/protocol-to-isolate-and-fix-nuclei-from-flash-froz-36wgq3e3ylk5/v1, https://www.protocols.io/view/protocol-to-isolate-and-fix-nuclei-from-flash-froz-5qpvo3837v4o/v1, https://www.protocols.io/view/protocol-to-isolate-and-fix-nuclei-from-flash-froz-n92ldm8b8l5b/v2",mRNA enriched,single-nucleus RNA sequencing assay (Parse SPLiT-seq),Mus musculus,
/measurement-sets/IGVFDS0635TEDS/,IGVFDS0635TEDS,eba7fd57-a182-407c-80e8-1848041b59b0,ali-mortazavi:007_67N_illumina,15,007,Diencephalon/Pituitary,Gonads,/multiplexed-samples/IGVFSM5175ATOA/,"/rodent-donors/IGVFDO2831PZHE/,/rodent-donors/IGVFDO5258MBVH/,/rodent-donors/IGVFDO9340WGNV/,/rodent-donors/IGVFDO6141KSSQ/,/rodent-donors/IGVFDO3640WUBU/,/rodent-donors/IGVFDO5085MJSP/,/rodent-donors/IGVFDO9202WGJZ/,/rodent-donors/IGVFDO9890MXGN/,/rodent-donors/IGVFDO5872DFML/,/rodent-donors/IGVFDO4469VYEZ/,/rodent-donors/IGVFDO7957DMLJ/,/rodent-donors/IGVFDO0624KKTV/,/rodent-donors/IGVFDO1452VDIT/,/rodent-donors/IGVFDO0813DZTW/,/rodent-donors/IGVFDO0751WQHI/,/rodent-donors/IGVFDO5183UZGS/,/rodent-donors/IGVFDO0696DMIA/,/rodent-donors/IGVFDO6112GRYR/,/rodent-donors/IGVFDO9510ILZG/,/rodent-donors/IGVFDO9142EUBJ/,/rodent-donors/IGVFDO3603MEIO/,/rodent-donors/IGVFDO7062NBTQ/,/rodent-donors/IGVFDO7255VZBN/,/rodent-donors/IGVFDO5737FRWD/,/rodent-donors/IGVFDO1477BPVO/,/rodent-donors/IGVFDO0681EHNP/,/rodent-donors/IGVFDO3436ZMLY/,/rodent-donors/IGVFDO3534MDFF/,/rodent-donors/IGVFDO4725SNCJ/,/rodent-donors/IGVFDO6607QZPA/,/rodent-donors/IGVFDO0853BCOL/,/rodent-donors/IGVFDO8958JQIY/,/rodent-donors/IGVFDO8904OIIT/,/rodent-donors/IGVFDO2645GUSC/,/rodent-donors/IGVFDO2319OUEC/,/rodent-donors/IGVFDO0026YRCR/,/rodent-donors/IGVFDO5523UFUN/,/rodent-donors/IGVFDO6219LVKW/,/rodent-donors/IGVFDO1643VEDI/,/rodent-donors/IGVFDO4707SGWM/,/rodent-donors/IGVFDO6066JIEJ/,/rodent-donors/IGVFDO0430HQIU/,/rodent-donors/IGVFDO2517TXOT/,/rodent-donors/IGVFDO5177QEWF/,/rodent-donors/IGVFDO7951JDSP/,/rodent-donors/IGVFDO2292YGGE/,/rodent-donors/IGVFDO2106EEWB/,/rodent-donors/IGVFDO7007WBAX/,/rodent-donors/IGVFDO8322VYDU/,/rodent-donors/IGVFDO6614NNPY/,/rodent-donors/IGVFDO9199TPBC/,/rodent-donors/IGVFDO9560CEGZ/,/rodent-donors/IGVFDO5539RLXJ/,/rodent-donors/IGVFDO7254QNQZ/,/rodent-donors/IGVFDO1744FDIX/,/rodent-donors/IGVFDO4788BIQB/,/rodent-donors/IGVFDO8152XDDC/,/rodent-donors/IGVFDO7610XXRR/,/rodent-donors/IGVFDO9374WXKK/,/rodent-donors/IGVFDO3655FKMR/,/rodent-donors/IGVFDO3662UKFW/,/rodent-donors/IGVFDO3207TERA/,/rodent-donors/IGVFDO2301HIUQ/,/rodent-donors/IGVFDO5502NJPS/,/rodent-donors/IGVFDO3762EAWT/",/labs/ali-mortazavi/,/awards/HG012077/,/assay-terms/OBI_0003109/,Parse SPLiT-seq,"https://www.protocols.io/view/evercode-single-index-pcr-5jyl82k9rl2w/v1, https://www.protocols.io/view/evercode-wt-mega-v2-2-1-8epv5xxrng1b/v1, https://www.protocols.io/view/protocol-to-isolate-and-fix-nuclei-from-flash-froz-36wgq3e3ylk5/v1, https://www.protocols.io/view/protocol-to-isolate-and-fix-nuclei-from-flash-froz-5qpvo3837v4o/v1, https://www.protocols.io/view/protocol-to-isolate-and-fix-nuclei-from-flash-froz-n92ldm8b8l5b/v2",mRNA enriched,single-nucleus RNA sequencing assay (Parse SPLiT-seq),Mus musculus,
/measurement-sets/IGVFDS4482RXDU/,IGVFDS4482RXDU,a0be07bb-ebff-4ed5-98e6-9a6de3b4004e,ali-mortazavi:007_67O_illumina,16,007,Diencephalon/Pituitary,Gonads,/multiplexed-samples/IGVFSM0200QAXS/,"/rodent-donors/IGVFDO4469VYEZ/,/rodent-donors/IGVFDO6066JIEJ/,/rodent-donors/IGVFDO1477BPVO/,/rodent-donors/IGVFDO2106EEWB/,/rodent-donors/IGVFDO0813DZTW/,/rodent-donors/IGVFDO5183UZGS/,/rodent-donors/IGVFDO2301HIUQ/,/rodent-donors/IGVFDO4707SGWM/,/rodent-donors/IGVFDO2319OUEC/,/rodent-donors/IGVFDO2645GUSC/,/rodent-donors/IGVFDO3534MDFF/,/rodent-donors/IGVFDO2831PZHE/,/rodent-donors/IGVFDO5177QEWF/,/rodent-donors/IGVFDO7957DMLJ/,/rodent-donors/IGVFDO4725SNCJ/,/rodent-donors/IGVFDO7254QNQZ/,/rodent-donors/IGVFDO9142EUBJ/,/rodent-donors/IGVFDO1643VEDI/,/rodent-donors/IGVFDO9340WGNV/,/rodent-donors/IGVFDO9560CEGZ/,/rodent-donors/IGVFDO0681EHNP/,/rodent-donors/IGVFDO7007WBAX/,/rodent-donors/IGVFDO7255VZBN/,/rodent-donors/IGVFDO9374WXKK/,/rodent-donors/IGVFDO8322VYDU/,/rodent-donors/IGVFDO5502NJPS/,/rodent-donors/IGVFDO5085MJSP/,/rodent-donors/IGVFDO4788BIQB/,/rodent-donors/IGVFDO5523UFUN/,/rodent-donors/IGVFDO6607QZPA/,/rodent-donors/IGVFDO7610XXRR/,/rodent-donors/IGVFDO8904OIIT/,/rodent-donors/IGVFDO1744FDIX/,/rodent-donors/IGVFDO3436ZMLY/,/rodent-donors/IGVFDO3655FKMR/,/rodent-donors/IGVFDO9202WGJZ/,/rodent-donors/IGVFDO2292YGGE/,/rodent-donors/IGVFDO9510ILZG/,/rodent-donors/IGVFDO7062NBTQ/,/rodent-donors/IGVFDO3603MEIO/,/rodent-donors/IGVFDO9199TPBC/,/rodent-donors/IGVFDO0751WQHI/,/rodent-donors/IGVFDO6112GRYR/,/rodent-donors/IGVFDO1452VDIT/,/rodent-donors/IGVFDO6141KSSQ/,/rodent-donors/IGVFDO2517TXOT/,/rodent-donors/IGVFDO7951JDSP/,/rodent-donors/IGVFDO8152XDDC/,/rodent-donors/IGVFDO5539RLXJ/,/rodent-donors/IGVFDO0853BCOL/,/rodent-donors/IGVFDO0696DMIA/,/rodent-donors/IGVFDO8958JQIY/,/rodent-donors/IGVFDO0624KKTV/,/rodent-donors/IGVFDO3762EAWT/,/rodent-donors/IGVFDO6219LVKW/,/rodent-donors/IGVFDO0026YRCR/,/rodent-donors/IGVFDO3207TERA/,/rodent-donors/IGVFDO5872DFML/,/rodent-donors/IGVFDO5737FRWD/,/rodent-donors/IGVFDO6614NNPY/,/rodent-donors/IGVFDO9890MXGN/,/rodent-donors/IGVFDO0430HQIU/,/rodent-donors/IGVFDO5258MBVH/,/rodent-donors/IGVFDO3662UKFW/,/rodent-donors/IGVFDO3640WUBU/",/labs/ali-mortazavi/,/awards/HG012077/,/assay-terms/OBI_0003109/,Parse SPLiT-seq,"https://www.protocols.io/view/evercode-single-index-pcr-5jyl82k9rl2w/v1, https://www.protocols.io/view/evercode-wt-mega-v2-2-1-8epv5xxrng1b/v1, https://www.protocols.io/view/protocol-to-isolate-and-fix-nuclei-from-flash-froz-36wgq3e3ylk5/v1, https://www.protocols.io/view/protocol-to-isolate-and-fix-nuclei-from-flash-froz-5qpvo3837v4o/v1, https://www.protocols.io/view/protocol-to-isolate-and-fix-nuclei-from-flash-froz-n92ldm8b8l5b/v2",mRNA enriched,single-nucleus RNA sequencing assay (Parse SPLiT-seq),Mus musculus,
/measurement-sets/IGVFDS2384YMIN/,IGVFDS2384YMIN,9d7693ff-b411-46a2-984a-3ef3470e1e0b,ali-mortazavi:007_13A_illumina,EX,007,Diencephalon/Pituitary,Gonads,/multiplexed-samples/IGVFSM6495HXCB/,"/rodent-donors/IGVFDO8152XDDC/,/rodent-donors/IGVFDO4707SGWM/,/rodent-donors/IGVFDO0853BCOL/,/rodent-donors/IGVFDO4725SNCJ/,/rodent-donors/IGVFDO3603MEIO/,/rodent-donors/IGVFDO5539RLXJ/,/rodent-donors/IGVFDO9510ILZG/,/rodent-donors/IGVFDO0624KKTV/,/rodent-donors/IGVFDO1643VEDI/,/rodent-donors/IGVFDO7062NBTQ/,/rodent-donors/IGVFDO0751WQHI/,/rodent-donors/IGVFDO5183UZGS/,/rodent-donors/IGVFDO5502NJPS/,/rodent-donors/IGVFDO5737FRWD/,/rodent-donors/IGVFDO7255VZBN/,/rodent-donors/IGVFDO3762EAWT/,/rodent-donors/IGVFDO5085MJSP/,/rodent-donors/IGVFDO6614NNPY/,/rodent-donors/IGVFDO3640WUBU/,/rodent-donors/IGVFDO9202WGJZ/,/rodent-donors/IGVFDO0026YRCR/,/rodent-donors/IGVFDO2319OUEC/,/rodent-donors/IGVFDO3436ZMLY/,/rodent-donors/IGVFDO6607QZPA/,/rodent-donors/IGVFDO9374WXKK/,/rodent-donors/IGVFDO7254QNQZ/,/rodent-donors/IGVFDO9199TPBC/,/rodent-donors/IGVFDO5523UFUN/,/rodent-donors/IGVFDO3534MDFF/,/rodent-donors/IGVFDO2517TXOT/,/rodent-donors/IGVFDO0696DMIA/,/rodent-donors/IGVFDO9142EUBJ/,/rodent-donors/IGVFDO2292YGGE/,/rodent-donors/IGVFDO6219LVKW/,/rodent-donors/IGVFDO7957DMLJ/,/rodent-donors/IGVFDO9560CEGZ/,/rodent-donors/IGVFDO3207TERA/,/rodent-donors/IGVFDO8322VYDU/,/rodent-donors/IGVFDO5872DFML/,/rodent-donors/IGVFDO7610XXRR/,/rodent-donors/IGVFDO1744FDIX/,/rodent-donors/IGVFDO0681EHNP/,/rodent-donors/IGVFDO8958JQIY/,/rodent-donors/IGVFDO9340WGNV/,/rodent-donors/IGVFDO1452VDIT/,/rodent-donors/IGVFDO5258MBVH/,/rodent-donors/IGVFDO3655FKMR/,/rodent-donors/IGVFDO3662UKFW/,/rodent-donors/IGVFDO2106EEWB/,/rodent-donors/IGVFDO2301HIUQ/,/rodent-donors/IGVFDO2645GUSC/,/rodent-donors/IGVFDO5177QEWF/,/rodent-donors/IGVFDO2831PZHE/,/rodent-donors/IGVFDO7007WBAX/,/rodent-donors/IGVFDO6112GRYR/,/rodent-donors/IGVFDO7951JDSP/,/rodent-donors/IGVFDO8904OIIT/,/rodent-donors/IGVFDO6141KSSQ/,/rodent-donors/IGVFDO0430HQIU/,/rodent-donors/IGVFDO6066JIEJ/,/rodent-donors/IGVFDO9890MXGN/,/rodent-donors/IGVFDO4469VYEZ/,/rodent-donors/IGVFDO4788BIQB/,/rodent-donors/IGVFDO0813DZTW/,/rodent-donors/IGVFDO1477BPVO/",/labs/ali-mortazavi/,/awards/HG012077/,/assay-terms/OBI_0003109/,Parse SPLiT-seq,"https://www.protocols.io/view/cdna-exome-capture-v1-0-1-36wgq3b83lk5/v1, https://www.protocols.io/view/evercode-single-index-pcr-5jyl82k9rl2w/v1, https://www.protocols.io/view/evercode-wt-mega-v2-2-1-8epv5xxrng1b/v1, https://www.protocols.io/view/ont-library-prep-for-split-seq-cdna-eq2lyj1xmlx9/v1, https://www.protocols.io/view/protocol-to-isolate-and-fix-nuclei-from-flash-froz-36wgq3e3ylk5/v1, https://www.protocols.io/view/protocol-to-isolate-and-fix-nuclei-from-flash-froz-5qpvo3837v4o/v1, https://www.protocols.io/view/protocol-to-isolate-and-fix-nuclei-from-flash-froz-n92ldm8b8l5b/v2",exome capture,single-nucleus RNA sequencing assay (Parse SPLiT-seq),Mus musculus,Exome capture subpool
/measurement-sets/IGVFDS0582VJBG/,IGVFDS0582VJBG,5fca2192-0821-4d9c-b496-5c6bdff473e8,ali-mortazavi:008_67A_illumina,2,008,Gonads,Adrenal gland,/multiplexed-samples/IGVFSM8971YMTF/,"/rodent-donors/IGVFDO2831PZHE/,/rodent-donors/IGVFDO5258MBVH/,/rodent-donors/IGVFDO9340WGNV/,/rodent-donors/IGVFDO6141KSSQ/,/rodent-donors/IGVFDO3640WUBU/,/rodent-donors/IGVFDO5085MJSP/,/rodent-donors/IGVFDO9202WGJZ/,/rodent-donors/IGVFDO9890MXGN/,/rodent-donors/IGVFDO5872DFML/,/rodent-donors/IGVFDO4469VYEZ/,/rodent-donors/IGVFDO7957DMLJ/,/rodent-donors/IGVFDO0624KKTV/,/rodent-donors/IGVFDO1452VDIT/,/rodent-donors/IGVFDO0813DZTW/,/rodent-donors/IGVFDO0751WQHI/,/rodent-donors/IGVFDO5183UZGS/,/rodent-donors/IGVFDO0696DMIA/,/rodent-donors/IGVFDO6112GRYR/,/rodent-donors/IGVFDO9510ILZG/,/rodent-donors/IGVFDO9142EUBJ/,/rodent-donors/IGVFDO3603MEIO/,/rodent-donors/IGVFDO7062NBTQ/,/rodent-donors/IGVFDO7255VZBN/,/rodent-donors/IGVFDO5737FRWD/,/rodent-donors/IGVFDO1477BPVO/,/rodent-donors/IGVFDO0681EHNP/,/rodent-donors/IGVFDO3436ZMLY/,/rodent-donors/IGVFDO3534MDFF/,/rodent-donors/IGVFDO4725SNCJ/,/rodent-donors/IGVFDO6607QZPA/,/rodent-donors/IGVFDO0853BCOL/,/rodent-donors/IGVFDO8958JQIY/,/rodent-donors/IGVFDO8904OIIT/,/rodent-donors/IGVFDO2645GUSC/,/rodent-donors/IGVFDO2319OUEC/,/rodent-donors/IGVFDO0026YRCR/,/rodent-donors/IGVFDO2753JGYS/,/rodent-donors/IGVFDO5523UFUN/,/rodent-donors/IGVFDO6219LVKW/,/rodent-donors/IGVFDO1643VEDI/,/rodent-donors/IGVFDO4707SGWM/,/rodent-donors/IGVFDO6066JIEJ/,/rodent-donors/IGVFDO0430HQIU/,/rodent-donors/IGVFDO5177QEWF/,/rodent-donors/IGVFDO7951JDSP/,/rodent-donors/IGVFDO2292YGGE/,/rodent-donors/IGVFDO2106EEWB/,/rodent-donors/IGVFDO7007WBAX/,/rodent-donors/IGVFDO8322VYDU/,/rodent-donors/IGVFDO6614NNPY/,/rodent-donors/IGVFDO9199TPBC/,/rodent-donors/IGVFDO9560CEGZ/,/rodent-donors/IGVFDO5539RLXJ/,/rodent-donors/IGVFDO7254QNQZ/,/rodent-donors/IGVFDO1744FDIX/,/rodent-donors/IGVFDO4788BIQB/,/rodent-donors/IGVFDO8152XDDC/,/rodent-donors/IGVFDO7610XXRR/,/rodent-donors/IGVFDO9374WXKK/,/rodent-donors/IGVFDO3655FKMR/,/rodent-donors/IGVFDO3662UKFW/,/rodent-donors/IGVFDO3207TERA/,/rodent-donors/IGVFDO2301HIUQ/,/rodent-donors/IGVFDO5502NJPS/,/rodent-donors/IGVFDO3762EAWT/",/labs/ali-mortazavi/,/awards/HG012077/,/assay-terms/OBI_0003109/,Parse SPLiT-seq,"https://www.protocols.io/view/evercode-single-index-pcr-5jyl82k9rl2w/v1, https://www.protocols.io/view/evercode-wt-mega-v2-2-1-8epv5xxrng1b/v1, https://www.protocols.io/view/protocol-to-isolate-and-fix-nuclei-from-flash-froz-36wgq3e3ylk5/v1, https://www.protocols.io/view/protocol-to-isolate-and-fix-nuclei-from-flash-froz-5qpvo3837v4o/v1, https://www.protocols.io/view/protocol-to-isolate-and-fix-nuclei-from-flash-froz-81wgbxzdylpk/v2",mRNA enriched,single-nucleus RNA sequencing assay (Parse SPLiT-seq),Mus musculus,
/measurement-sets/IGVFDS6826OTBD/,IGVFDS6826OTBD,e12ad448-4b64-4c55-b992-f8a4aaa7580c,ali-mortazavi:008_67B_illumina,3,008,Gonads,Adrenal gland,/multiplexed-samples/IGVFSM6007NOYG/,"/rodent-donors/IGVFDO2831PZHE/,/rodent-donors/IGVFDO5258MBVH/,/rodent-donors/IGVFDO9340WGNV/,/rodent-donors/IGVFDO6141KSSQ/,/rodent-donors/IGVFDO3640WUBU/,/rodent-donors/IGVFDO5085MJSP/,/rodent-donors/IGVFDO9202WGJZ/,/rodent-donors/IGVFDO9890MXGN/,/rodent-donors/IGVFDO5872DFML/,/rodent-donors/IGVFDO4469VYEZ/,/rodent-donors/IGVFDO7957DMLJ/,/rodent-donors/IGVFDO0624KKTV/,/rodent-donors/IGVFDO1452VDIT/,/rodent-donors/IGVFDO0813DZTW/,/rodent-donors/IGVFDO0751WQHI/,/rodent-donors/IGVFDO5183UZGS/,/rodent-donors/IGVFDO0696DMIA/,/rodent-donors/IGVFDO6112GRYR/,/rodent-donors/IGVFDO9510ILZG/,/rodent-donors/IGVFDO9142EUBJ/,/rodent-donors/IGVFDO3603MEIO/,/rodent-donors/IGVFDO7062NBTQ/,/rodent-donors/IGVFDO7255VZBN/,/rodent-donors/IGVFDO5737FRWD/,/rodent-donors/IGVFDO1477BPVO/,/rodent-donors/IGVFDO0681EHNP/,/rodent-donors/IGVFDO3436ZMLY/,/rodent-donors/IGVFDO3534MDFF/,/rodent-donors/IGVFDO4725SNCJ/,/rodent-donors/IGVFDO6607QZPA/,/rodent-donors/IGVFDO0853BCOL/,/rodent-donors/IGVFDO8958JQIY/,/rodent-donors/IGVFDO8904OIIT/,/rodent-donors/IGVFDO2645GUSC/,/rodent-donors/IGVFDO2319OUEC/,/rodent-donors/IGVFDO0026YRCR/,/rodent-donors/IGVFDO2753JGYS/,/rodent-donors/IGVFDO5523UFUN/,/rodent-donors/IGVFDO6219LVKW/,/rodent-donors/IGVFDO1643VEDI/,/rodent-donors/IGVFDO4707SGWM/,/rodent-donors/IGVFDO6066JIEJ/,/rodent-donors/IGVFDO0430HQIU/,/rodent-donors/IGVFDO5177QEWF/,/rodent-donors/IGVFDO7951JDSP/,/rodent-donors/IGVFDO2292YGGE/,/rodent-donors/IGVFDO2106EEWB/,/rodent-donors/IGVFDO7007WBAX/,/rodent-donors/IGVFDO8322VYDU/,/rodent-donors/IGVFDO6614NNPY/,/rodent-donors/IGVFDO9199TPBC/,/rodent-donors/IGVFDO9560CEGZ/,/rodent-donors/IGVFDO5539RLXJ/,/rodent-donors/IGVFDO7254QNQZ/,/rodent-donors/IGVFDO1744FDIX/,/rodent-donors/IGVFDO4788BIQB/,/rodent-donors/IGVFDO8152XDDC/,/rodent-donors/IGVFDO7610XXRR/,/rodent-donors/IGVFDO9374WXKK/,/rodent-donors/IGVFDO3655FKMR/,/rodent-donors/IGVFDO3662UKFW/,/rodent-donors/IGVFDO3207TERA/,/rodent-donors/IGVFDO2301HIUQ/,/rodent-donors/IGVFDO5502NJPS/,/rodent-donors/IGVFDO3762EAWT/",/labs/ali-mortazavi/,/awards/HG012077/,/assay-terms/OBI_0003109/,Parse SPLiT-seq,"https://www.protocols.io/view/evercode-single-index-pcr-5jyl82k9rl2w/v1, https://www.protocols.io/view/evercode-wt-mega-v2-2-1-8epv5xxrng1b/v1, https://www.protocols.io/view/protocol-to-isolate-and-fix-nuclei-from-flash-froz-36wgq3e3ylk5/v1, https://www.protocols.io/view/protocol-to-isolate-and-fix-nuclei-from-flash-froz-5qpvo3837v4o/v1, https://www.protocols.io/view/protocol-to-isolate-and-fix-nuclei-from-flash-froz-81wgbxzdylpk/v2",mRNA enriched,single-nucleus RNA sequencing assay (Parse SPLiT-seq),Mus musculus,
/measurement-sets/IGVFDS4248UFKQ/,IGVFDS4248UFKQ,0b9d701e-dfda-4f5f-b84e-f2efe95b5a26,ali-mortazavi:008_67C_illumina,4,008,Gonads,Adrenal gland,/multiplexed-samples/IGVFSM3306TYTX/,"/rodent-donors/IGVFDO4469VYEZ/,/rodent-donors/IGVFDO6066JIEJ/,/rodent-donors/IGVFDO1477BPVO/,/rodent-donors/IGVFDO2106EEWB/,/rodent-donors/IGVFDO0813DZTW/,/rodent-donors/IGVFDO5183UZGS/,/rodent-donors/IGVFDO2301HIUQ/,/rodent-donors/IGVFDO4707SGWM/,/rodent-donors/IGVFDO2319OUEC/,/rodent-donors/IGVFDO2645GUSC/,/rodent-donors/IGVFDO3534MDFF/,/rodent-donors/IGVFDO2831PZHE/,/rodent-donors/IGVFDO5177QEWF/,/rodent-donors/IGVFDO7957DMLJ/,/rodent-donors/IGVFDO4725SNCJ/,/rodent-donors/IGVFDO7254QNQZ/,/rodent-donors/IGVFDO9142EUBJ/,/rodent-donors/IGVFDO1643VEDI/,/rodent-donors/IGVFDO9340WGNV/,/rodent-donors/IGVFDO9560CEGZ/,/rodent-donors/IGVFDO0681EHNP/,/rodent-donors/IGVFDO9202WGJZ/,/rodent-donors/IGVFDO7007WBAX/,/rodent-donors/IGVFDO7255VZBN/,/rodent-donors/IGVFDO9374WXKK/,/rodent-donors/IGVFDO8322VYDU/,/rodent-donors/IGVFDO5502NJPS/,/rodent-donors/IGVFDO5085MJSP/,/rodent-donors/IGVFDO4788BIQB/,/rodent-donors/IGVFDO5523UFUN/,/rodent-donors/IGVFDO6607QZPA/,/rodent-donors/IGVFDO7610XXRR/,/rodent-donors/IGVFDO2753JGYS/,/rodent-donors/IGVFDO1744FDIX/,/rodent-donors/IGVFDO3436ZMLY/,/rodent-donors/IGVFDO3655FKMR/,/rodent-donors/IGVFDO8904OIIT/,/rodent-donors/IGVFDO2292YGGE/,/rodent-donors/IGVFDO9510ILZG/,/rodent-donors/IGVFDO7062NBTQ/,/rodent-donors/IGVFDO3603MEIO/,/rodent-donors/IGVFDO9199TPBC/,/rodent-donors/IGVFDO0751WQHI/,/rodent-donors/IGVFDO6112GRYR/,/rodent-donors/IGVFDO1452VDIT/,/rodent-donors/IGVFDO6141KSSQ/,/rodent-donors/IGVFDO8152XDDC/,/rodent-donors/IGVFDO7951JDSP/,/rodent-donors/IGVFDO5539RLXJ/,/rodent-donors/IGVFDO0853BCOL/,/rodent-donors/IGVFDO0696DMIA/,/rodent-donors/IGVFDO8958JQIY/,/rodent-donors/IGVFDO0624KKTV/,/rodent-donors/IGVFDO3762EAWT/,/rodent-donors/IGVFDO6219LVKW/,/rodent-donors/IGVFDO0026YRCR/,/rodent-donors/IGVFDO3207TERA/,/rodent-donors/IGVFDO5872DFML/,/rodent-donors/IGVFDO5737FRWD/,/rodent-donors/IGVFDO6614NNPY/,/rodent-donors/IGVFDO9890MXGN/,/rodent-donors/IGVFDO0430HQIU/,/rodent-donors/IGVFDO5258MBVH/,/rodent-donors/IGVFDO3662UKFW/,/rodent-donors/IGVFDO3640WUBU/",/labs/ali-mortazavi/,/awards/HG012077/,/assay-terms/OBI_0003109/,Parse SPLiT-seq,"https://www.protocols.io/view/evercode-single-index-pcr-5jyl82k9rl2w/v1, https://www.protocols.io/view/evercode-wt-mega-v2-2-1-8epv5xxrng1b/v1, https://www.protocols.io/view/protocol-to-isolate-and-fix-nuclei-from-flash-froz-36wgq3e3ylk5/v1, https://www.protocols.io/view/protocol-to-isolate-and-fix-nuclei-from-flash-froz-5qpvo3837v4o/v1, https://www.protocols.io/view/protocol-to-isolate-and-fix-nuclei-from-flash-froz-81wgbxzdylpk/v2",mRNA enriched,single-nucleus RNA sequencing assay (Parse SPLiT-seq),Mus musculus,
/measurement-sets/IGVFDS8809QSOP/,IGVFDS8809QSOP,d6935142-637d-49c1-84c0-5b693e2626c6,ali-mortazavi:008_67D_illumina,5,008,Gonads,Adrenal gland,/multiplexed-samples/IGVFSM9690EHGL/,"/rodent-donors/IGVFDO4469VYEZ/,/rodent-donors/IGVFDO6066JIEJ/,/rodent-donors/IGVFDO1477BPVO/,/rodent-donors/IGVFDO2106EEWB/,/rodent-donors/IGVFDO0813DZTW/,/rodent-donors/IGVFDO5183UZGS/,/rodent-donors/IGVFDO2301HIUQ/,/rodent-donors/IGVFDO4707SGWM/,/rodent-donors/IGVFDO2319OUEC/,/rodent-donors/IGVFDO2645GUSC/,/rodent-donors/IGVFDO3534MDFF/,/rodent-donors/IGVFDO2831PZHE/,/rodent-donors/IGVFDO5177QEWF/,/rodent-donors/IGVFDO7957DMLJ/,/rodent-donors/IGVFDO4725SNCJ/,/rodent-donors/IGVFDO7254QNQZ/,/rodent-donors/IGVFDO9142EUBJ/,/rodent-donors/IGVFDO1643VEDI/,/rodent-donors/IGVFDO9340WGNV/,/rodent-donors/IGVFDO9560CEGZ/,/rodent-donors/IGVFDO0681EHNP/,/rodent-donors/IGVFDO9202WGJZ/,/rodent-donors/IGVFDO7007WBAX/,/rodent-donors/IGVFDO7255VZBN/,/rodent-donors/IGVFDO9374WXKK/,/rodent-donors/IGVFDO8322VYDU/,/rodent-donors/IGVFDO5502NJPS/,/rodent-donors/IGVFDO5085MJSP/,/rodent-donors/IGVFDO4788BIQB/,/rodent-donors/IGVFDO5523UFUN/,/rodent-donors/IGVFDO6607QZPA/,/rodent-donors/IGVFDO7610XXRR/,/rodent-donors/IGVFDO2753JGYS/,/rodent-donors/IGVFDO1744FDIX/,/rodent-donors/IGVFDO3436ZMLY/,/rodent-donors/IGVFDO3655FKMR/,/rodent-donors/IGVFDO8904OIIT/,/rodent-donors/IGVFDO2292YGGE/,/rodent-donors/IGVFDO9510ILZG/,/rodent-donors/IGVFDO7062NBTQ/,/rodent-donors/IGVFDO3603MEIO/,/rodent-donors/IGVFDO9199TPBC/,/rodent-donors/IGVFDO0751WQHI/,/rodent-donors/IGVFDO6112GRYR/,/rodent-donors/IGVFDO1452VDIT/,/rodent-donors/IGVFDO6141KSSQ/,/rodent-donors/IGVFDO8152XDDC/,/rodent-donors/IGVFDO7951JDSP/,/rodent-donors/IGVFDO5539RLXJ/,/rodent-donors/IGVFDO0853BCOL/,/rodent-donors/IGVFDO0696DMIA/,/rodent-donors/IGVFDO8958JQIY/,/rodent-donors/IGVFDO0624KKTV/,/rodent-donors/IGVFDO3762EAWT/,/rodent-donors/IGVFDO6219LVKW/,/rodent-donors/IGVFDO0026YRCR/,/rodent-donors/IGVFDO3207TERA/,/rodent-donors/IGVFDO5872DFML/,/rodent-donors/IGVFDO5737FRWD/,/rodent-donors/IGVFDO6614NNPY/,/rodent-donors/IGVFDO9890MXGN/,/rodent-donors/IGVFDO0430HQIU/,/rodent-donors/IGVFDO5258MBVH/,/rodent-donors/IGVFDO3662UKFW/,/rodent-donors/IGVFDO3640WUBU/",/labs/ali-mortazavi/,/awards/HG012077/,/assay-terms/OBI_0003109/,Parse SPLiT-seq,"https://www.protocols.io/view/evercode-single-index-pcr-5jyl82k9rl2w/v1, https://www.protocols.io/view/evercode-wt-mega-v2-2-1-8epv5xxrng1b/v1, https://www.protocols.io/view/protocol-to-isolate-and-fix-nuclei-from-flash-froz-36wgq3e3ylk5/v1, https://www.protocols.io/view/protocol-to-isolate-and-fix-nuclei-from-flash-froz-5qpvo3837v4o/v1, https://www.protocols.io/view/protocol-to-isolate-and-fix-nuclei-from-flash-froz-81wgbxzdylpk/v2",mRNA enriched,single-nucleus RNA sequencing assay (Parse SPLiT-seq),Mus musculus,
/measurement-sets/IGVFDS4747BMDE/,IGVFDS4747BMDE,0d83ff63-cdc8-4373-ae56-dc526d8b53d5,ali-mortazavi:008_67E_illumina,6,008,Gonads,Adrenal gland,/multiplexed-samples/IGVFSM1698OYCQ/,"/rodent-donors/IGVFDO2831PZHE/,/rodent-donors/IGVFDO5258MBVH/,/rodent-donors/IGVFDO9340WGNV/,/rodent-donors/IGVFDO6141KSSQ/,/rodent-donors/IGVFDO3640WUBU/,/rodent-donors/IGVFDO5085MJSP/,/rodent-donors/IGVFDO9202WGJZ/,/rodent-donors/IGVFDO9890MXGN/,/rodent-donors/IGVFDO5872DFML/,/rodent-donors/IGVFDO4469VYEZ/,/rodent-donors/IGVFDO7957DMLJ/,/rodent-donors/IGVFDO0624KKTV/,/rodent-donors/IGVFDO1452VDIT/,/rodent-donors/IGVFDO0813DZTW/,/rodent-donors/IGVFDO0751WQHI/,/rodent-donors/IGVFDO5183UZGS/,/rodent-donors/IGVFDO0696DMIA/,/rodent-donors/IGVFDO6112GRYR/,/rodent-donors/IGVFDO9510ILZG/,/rodent-donors/IGVFDO9142EUBJ/,/rodent-donors/IGVFDO3603MEIO/,/rodent-donors/IGVFDO7062NBTQ/,/rodent-donors/IGVFDO7255VZBN/,/rodent-donors/IGVFDO5737FRWD/,/rodent-donors/IGVFDO1477BPVO/,/rodent-donors/IGVFDO0681EHNP/,/rodent-donors/IGVFDO3436ZMLY/,/rodent-donors/IGVFDO3534MDFF/,/rodent-donors/IGVFDO4725SNCJ/,/rodent-donors/IGVFDO6607QZPA/,/rodent-donors/IGVFDO0853BCOL/,/rodent-donors/IGVFDO8958JQIY/,/rodent-donors/IGVFDO8904OIIT/,/rodent-donors/IGVFDO2645GUSC/,/rodent-donors/IGVFDO2319OUEC/,/rodent-donors/IGVFDO0026YRCR/,/rodent-donors/IGVFDO2753JGYS/,/rodent-donors/IGVFDO5523UFUN/,/rodent-donors/IGVFDO6219LVKW/,/rodent-donors/IGVFDO1643VEDI/,/rodent-donors/IGVFDO4707SGWM/,/rodent-donors/IGVFDO6066JIEJ/,/rodent-donors/IGVFDO0430HQIU/,/rodent-donors/IGVFDO5177QEWF/,/rodent-donors/IGVFDO7951JDSP/,/rodent-donors/IGVFDO2292YGGE/,/rodent-donors/IGVFDO2106EEWB/,/rodent-donors/IGVFDO7007WBAX/,/rodent-donors/IGVFDO8322VYDU/,/rodent-donors/IGVFDO6614NNPY/,/rodent-donors/IGVFDO9199TPBC/,/rodent-donors/IGVFDO9560CEGZ/,/rodent-donors/IGVFDO5539RLXJ/,/rodent-donors/IGVFDO7254QNQZ/,/rodent-donors/IGVFDO1744FDIX/,/rodent-donors/IGVFDO4788BIQB/,/rodent-donors/IGVFDO8152XDDC/,/rodent-donors/IGVFDO7610XXRR/,/rodent-donors/IGVFDO9374WXKK/,/rodent-donors/IGVFDO3655FKMR/,/rodent-donors/IGVFDO3662UKFW/,/rodent-donors/IGVFDO3207TERA/,/rodent-donors/IGVFDO2301HIUQ/,/rodent-donors/IGVFDO5502NJPS/,/rodent-donors/IGVFDO3762EAWT/",/labs/ali-mortazavi/,/awards/HG012077/,/assay-terms/OBI_0003109/,Parse SPLiT-seq,"https://www.protocols.io/view/evercode-single-index-pcr-5jyl82k9rl2w/v1, https://www.protocols.io/view/evercode-wt-mega-v2-2-1-8epv5xxrng1b/v1, https://www.protocols.io/view/protocol-to-isolate-and-fix-nuclei-from-flash-froz-36wgq3e3ylk5/v1, https://www.protocols.io/view/protocol-to-isolate-and-fix-nuclei-from-flash-froz-5qpvo3837v4o/v1, https://www.protocols.io/view/protocol-to-isolate-and-fix-nuclei-from-flash-froz-81wgbxzdylpk/v2",mRNA enriched,single-nucleus RNA sequencing assay (Parse SPLiT-seq),Mus musculus,
/measurement-sets/IGVFDS3977GHOA/,IGVFDS3977GHOA,cfab64bc-0d55-47f5-8cb1-cdb038a4d70f,ali-mortazavi:008_67F_illumina,7,008,Gonads,Adrenal gland,/multiplexed-samples/IGVFSM8048YOZB/,"/rodent-donors/IGVFDO2831PZHE/,/rodent-donors/IGVFDO5258MBVH/,/rodent-donors/IGVFDO9340WGNV/,/rodent-donors/IGVFDO6141KSSQ/,/rodent-donors/IGVFDO3640WUBU/,/rodent-donors/IGVFDO5085MJSP/,/rodent-donors/IGVFDO9202WGJZ/,/rodent-donors/IGVFDO9890MXGN/,/rodent-donors/IGVFDO5872DFML/,/rodent-donors/IGVFDO4469VYEZ/,/rodent-donors/IGVFDO7957DMLJ/,/rodent-donors/IGVFDO0624KKTV/,/rodent-donors/IGVFDO1452VDIT/,/rodent-donors/IGVFDO0813DZTW/,/rodent-donors/IGVFDO0751WQHI/,/rodent-donors/IGVFDO5183UZGS/,/rodent-donors/IGVFDO0696DMIA/,/rodent-donors/IGVFDO6112GRYR/,/rodent-donors/IGVFDO9510ILZG/,/rodent-donors/IGVFDO9142EUBJ/,/rodent-donors/IGVFDO3603MEIO/,/rodent-donors/IGVFDO7062NBTQ/,/rodent-donors/IGVFDO7255VZBN/,/rodent-donors/IGVFDO5737FRWD/,/rodent-donors/IGVFDO1477BPVO/,/rodent-donors/IGVFDO0681EHNP/,/rodent-donors/IGVFDO3436ZMLY/,/rodent-donors/IGVFDO3534MDFF/,/rodent-donors/IGVFDO4725SNCJ/,/rodent-donors/IGVFDO6607QZPA/,/rodent-donors/IGVFDO0853BCOL/,/rodent-donors/IGVFDO8958JQIY/,/rodent-donors/IGVFDO8904OIIT/,/rodent-donors/IGVFDO2645GUSC/,/rodent-donors/IGVFDO2319OUEC/,/rodent-donors/IGVFDO0026YRCR/,/rodent-donors/IGVFDO2753JGYS/,/rodent-donors/IGVFDO5523UFUN/,/rodent-donors/IGVFDO6219LVKW/,/rodent-donors/IGVFDO1643VEDI/,/rodent-donors/IGVFDO4707SGWM/,/rodent-donors/IGVFDO6066JIEJ/,/rodent-donors/IGVFDO0430HQIU/,/rodent-donors/IGVFDO5177QEWF/,/rodent-donors/IGVFDO7951JDSP/,/rodent-donors/IGVFDO2292YGGE/,/rodent-donors/IGVFDO2106EEWB/,/rodent-donors/IGVFDO7007WBAX/,/rodent-donors/IGVFDO8322VYDU/,/rodent-donors/IGVFDO6614NNPY/,/rodent-donors/IGVFDO9199TPBC/,/rodent-donors/IGVFDO9560CEGZ/,/rodent-donors/IGVFDO5539RLXJ/,/rodent-donors/IGVFDO7254QNQZ/,/rodent-donors/IGVFDO1744FDIX/,/rodent-donors/IGVFDO4788BIQB/,/rodent-donors/IGVFDO8152XDDC/,/rodent-donors/IGVFDO7610XXRR/,/rodent-donors/IGVFDO9374WXKK/,/rodent-donors/IGVFDO3655FKMR/,/rodent-donors/IGVFDO3662UKFW/,/rodent-donors/IGVFDO3207TERA/,/rodent-donors/IGVFDO2301HIUQ/,/rodent-donors/IGVFDO5502NJPS/,/rodent-donors/IGVFDO3762EAWT/",/labs/ali-mortazavi/,/awards/HG012077/,/assay-terms/OBI_0003109/,Parse SPLiT-seq,"https://www.protocols.io/view/evercode-single-index-pcr-5jyl82k9rl2w/v1, https://www.protocols.io/view/evercode-wt-mega-v2-2-1-8epv5xxrng1b/v1, https://www.protocols.io/view/protocol-to-isolate-and-fix-nuclei-from-flash-froz-36wgq3e3ylk5/v1, https://www.protocols.io/view/protocol-to-isolate-and-fix-nuclei-from-flash-froz-5qpvo3837v4o/v1, https://www.protocols.io/view/protocol-to-isolate-and-fix-nuclei-from-flash-froz-81wgbxzdylpk/v2",mRNA enriched,single-nucleus RNA sequencing assay (Parse SPLiT-seq),Mus musculus,
/measurement-sets/IGVFDS1511UWOY/,IGVFDS1511UWOY,2e3cbff2-ce88-434b-b069-bef45751a490,ali-mortazavi:008_67G_illumina,8,008,Gonads,Adrenal gland,/multiplexed-samples/IGVFSM9312MNIK/,"/rodent-donors/IGVFDO2831PZHE/,/rodent-donors/IGVFDO5258MBVH/,/rodent-donors/IGVFDO9340WGNV/,/rodent-donors/IGVFDO6141KSSQ/,/rodent-donors/IGVFDO3640WUBU/,/rodent-donors/IGVFDO5085MJSP/,/rodent-donors/IGVFDO9202WGJZ/,/rodent-donors/IGVFDO9890MXGN/,/rodent-donors/IGVFDO5872DFML/,/rodent-donors/IGVFDO4469VYEZ/,/rodent-donors/IGVFDO7957DMLJ/,/rodent-donors/IGVFDO0624KKTV/,/rodent-donors/IGVFDO1452VDIT/,/rodent-donors/IGVFDO0813DZTW/,/rodent-donors/IGVFDO0751WQHI/,/rodent-donors/IGVFDO5183UZGS/,/rodent-donors/IGVFDO0696DMIA/,/rodent-donors/IGVFDO6112GRYR/,/rodent-donors/IGVFDO9510ILZG/,/rodent-donors/IGVFDO9142EUBJ/,/rodent-donors/IGVFDO3603MEIO/,/rodent-donors/IGVFDO7062NBTQ/,/rodent-donors/IGVFDO7255VZBN/,/rodent-donors/IGVFDO5737FRWD/,/rodent-donors/IGVFDO1477BPVO/,/rodent-donors/IGVFDO0681EHNP/,/rodent-donors/IGVFDO3436ZMLY/,/rodent-donors/IGVFDO3534MDFF/,/rodent-donors/IGVFDO4725SNCJ/,/rodent-donors/IGVFDO6607QZPA/,/rodent-donors/IGVFDO0853BCOL/,/rodent-donors/IGVFDO8958JQIY/,/rodent-donors/IGVFDO8904OIIT/,/rodent-donors/IGVFDO2645GUSC/,/rodent-donors/IGVFDO2319OUEC/,/rodent-donors/IGVFDO0026YRCR/,/rodent-donors/IGVFDO2753JGYS/,/rodent-donors/IGVFDO5523UFUN/,/rodent-donors/IGVFDO6219LVKW/,/rodent-donors/IGVFDO1643VEDI/,/rodent-donors/IGVFDO4707SGWM/,/rodent-donors/IGVFDO6066JIEJ/,/rodent-donors/IGVFDO0430HQIU/,/rodent-donors/IGVFDO5177QEWF/,/rodent-donors/IGVFDO7951JDSP/,/rodent-donors/IGVFDO2292YGGE/,/rodent-donors/IGVFDO2106EEWB/,/rodent-donors/IGVFDO7007WBAX/,/rodent-donors/IGVFDO8322VYDU/,/rodent-donors/IGVFDO6614NNPY/,/rodent-donors/IGVFDO9199TPBC/,/rodent-donors/IGVFDO9560CEGZ/,/rodent-donors/IGVFDO5539RLXJ/,/rodent-donors/IGVFDO7254QNQZ/,/rodent-donors/IGVFDO1744FDIX/,/rodent-donors/IGVFDO4788BIQB/,/rodent-donors/IGVFDO8152XDDC/,/rodent-donors/IGVFDO7610XXRR/,/rodent-donors/IGVFDO9374WXKK/,/rodent-donors/IGVFDO3655FKMR/,/rodent-donors/IGVFDO3662UKFW/,/rodent-donors/IGVFDO3207TERA/,/rodent-donors/IGVFDO2301HIUQ/,/rodent-donors/IGVFDO5502NJPS/,/rodent-donors/IGVFDO3762EAWT/",/labs/ali-mortazavi/,/awards/HG012077/,/assay-terms/OBI_0003109/,Parse SPLiT-seq,"https://www.protocols.io/view/evercode-single-index-pcr-5jyl82k9rl2w/v1, https://www.protocols.io/view/evercode-wt-mega-v2-2-1-8epv5xxrng1b/v1, https://www.protocols.io/view/protocol-to-isolate-and-fix-nuclei-from-flash-froz-36wgq3e3ylk5/v1, https://www.protocols.io/view/protocol-to-isolate-and-fix-nuclei-from-flash-froz-5qpvo3837v4o/v1, https://www.protocols.io/view/protocol-to-isolate-and-fix-nuclei-from-flash-froz-81wgbxzdylpk/v2",mRNA enriched,single-nucleus RNA sequencing assay (Parse SPLiT-seq),Mus musculus,
/measurement-sets/IGVFDS6424OFQK/,IGVFDS6424OFQK,6ae2e5e3-41c0-41ef-a70b-c5b94b9ff79f,ali-mortazavi:008_67H_illumina,9,008,Gonads,Adrenal gland,/multiplexed-samples/IGVFSM0335ZWAN/,"/rodent-donors/IGVFDO2831PZHE/,/rodent-donors/IGVFDO5258MBVH/,/rodent-donors/IGVFDO9340WGNV/,/rodent-donors/IGVFDO6141KSSQ/,/rodent-donors/IGVFDO3640WUBU/,/rodent-donors/IGVFDO5085MJSP/,/rodent-donors/IGVFDO9202WGJZ/,/rodent-donors/IGVFDO9890MXGN/,/rodent-donors/IGVFDO5872DFML/,/rodent-donors/IGVFDO4469VYEZ/,/rodent-donors/IGVFDO7957DMLJ/,/rodent-donors/IGVFDO0624KKTV/,/rodent-donors/IGVFDO1452VDIT/,/rodent-donors/IGVFDO0813DZTW/,/rodent-donors/IGVFDO0751WQHI/,/rodent-donors/IGVFDO5183UZGS/,/rodent-donors/IGVFDO0696DMIA/,/rodent-donors/IGVFDO6112GRYR/,/rodent-donors/IGVFDO9510ILZG/,/rodent-donors/IGVFDO9142EUBJ/,/rodent-donors/IGVFDO3603MEIO/,/rodent-donors/IGVFDO7062NBTQ/,/rodent-donors/IGVFDO7255VZBN/,/rodent-donors/IGVFDO5737FRWD/,/rodent-donors/IGVFDO1477BPVO/,/rodent-donors/IGVFDO0681EHNP/,/rodent-donors/IGVFDO3436ZMLY/,/rodent-donors/IGVFDO3534MDFF/,/rodent-donors/IGVFDO4725SNCJ/,/rodent-donors/IGVFDO6607QZPA/,/rodent-donors/IGVFDO0853BCOL/,/rodent-donors/IGVFDO8958JQIY/,/rodent-donors/IGVFDO8904OIIT/,/rodent-donors/IGVFDO2645GUSC/,/rodent-donors/IGVFDO2319OUEC/,/rodent-donors/IGVFDO0026YRCR/,/rodent-donors/IGVFDO2753JGYS/,/rodent-donors/IGVFDO5523UFUN/,/rodent-donors/IGVFDO6219LVKW/,/rodent-donors/IGVFDO1643VEDI/,/rodent-donors/IGVFDO4707SGWM/,/rodent-donors/IGVFDO6066JIEJ/,/rodent-donors/IGVFDO0430HQIU/,/rodent-donors/IGVFDO5177QEWF/,/rodent-donors/IGVFDO7951JDSP/,/rodent-donors/IGVFDO2292YGGE/,/rodent-donors/IGVFDO2106EEWB/,/rodent-donors/IGVFDO7007WBAX/,/rodent-donors/IGVFDO8322VYDU/,/rodent-donors/IGVFDO6614NNPY/,/rodent-donors/IGVFDO9199TPBC/,/rodent-donors/IGVFDO9560CEGZ/,/rodent-donors/IGVFDO5539RLXJ/,/rodent-donors/IGVFDO7254QNQZ/,/rodent-donors/IGVFDO1744FDIX/,/rodent-donors/IGVFDO4788BIQB/,/rodent-donors/IGVFDO8152XDDC/,/rodent-donors/IGVFDO7610XXRR/,/rodent-donors/IGVFDO9374WXKK/,/rodent-donors/IGVFDO3655FKMR/,/rodent-donors/IGVFDO3662UKFW/,/rodent-donors/IGVFDO3207TERA/,/rodent-donors/IGVFDO2301HIUQ/,/rodent-donors/IGVFDO5502NJPS/,/rodent-donors/IGVFDO3762EAWT/",/labs/ali-mortazavi/,/awards/HG012077/,/assay-terms/OBI_0003109/,Parse SPLiT-seq,"https://www.protocols.io/view/evercode-single-index-pcr-5jyl82k9rl2w/v1, https://www.protocols.io/view/evercode-wt-mega-v2-2-1-8epv5xxrng1b/v1, https://www.protocols.io/view/protocol-to-isolate-and-fix-nuclei-from-flash-froz-36wgq3e3ylk5/v1, https://www.protocols.io/view/protocol-to-isolate-and-fix-nuclei-from-flash-froz-5qpvo3837v4o/v1, https://www.protocols.io/view/protocol-to-isolate-and-fix-nuclei-from-flash-froz-81wgbxzdylpk/v2",mRNA enriched,single-nucleus RNA sequencing assay (Parse SPLiT-seq),Mus musculus,
/measurement-sets/IGVFDS6810FMTN/,IGVFDS6810FMTN,85263af8-c898-46e5-b8bb-61040c1cdec2,ali-mortazavi:008_67I_illumina,10,008,Gonads,Adrenal gland,/multiplexed-samples/IGVFSM9819GEDB/,"/rodent-donors/IGVFDO2831PZHE/,/rodent-donors/IGVFDO5258MBVH/,/rodent-donors/IGVFDO9340WGNV/,/rodent-donors/IGVFDO6141KSSQ/,/rodent-donors/IGVFDO3640WUBU/,/rodent-donors/IGVFDO5085MJSP/,/rodent-donors/IGVFDO9202WGJZ/,/rodent-donors/IGVFDO9890MXGN/,/rodent-donors/IGVFDO5872DFML/,/rodent-donors/IGVFDO4469VYEZ/,/rodent-donors/IGVFDO7957DMLJ/,/rodent-donors/IGVFDO0624KKTV/,/rodent-donors/IGVFDO1452VDIT/,/rodent-donors/IGVFDO0813DZTW/,/rodent-donors/IGVFDO0751WQHI/,/rodent-donors/IGVFDO5183UZGS/,/rodent-donors/IGVFDO0696DMIA/,/rodent-donors/IGVFDO6112GRYR/,/rodent-donors/IGVFDO9510ILZG/,/rodent-donors/IGVFDO9142EUBJ/,/rodent-donors/IGVFDO3603MEIO/,/rodent-donors/IGVFDO7062NBTQ/,/rodent-donors/IGVFDO7255VZBN/,/rodent-donors/IGVFDO5737FRWD/,/rodent-donors/IGVFDO1477BPVO/,/rodent-donors/IGVFDO0681EHNP/,/rodent-donors/IGVFDO3436ZMLY/,/rodent-donors/IGVFDO3534MDFF/,/rodent-donors/IGVFDO4725SNCJ/,/rodent-donors/IGVFDO6607QZPA/,/rodent-donors/IGVFDO0853BCOL/,/rodent-donors/IGVFDO8958JQIY/,/rodent-donors/IGVFDO8904OIIT/,/rodent-donors/IGVFDO2645GUSC/,/rodent-donors/IGVFDO2319OUEC/,/rodent-donors/IGVFDO0026YRCR/,/rodent-donors/IGVFDO2753JGYS/,/rodent-donors/IGVFDO5523UFUN/,/rodent-donors/IGVFDO6219LVKW/,/rodent-donors/IGVFDO1643VEDI/,/rodent-donors/IGVFDO4707SGWM/,/rodent-donors/IGVFDO6066JIEJ/,/rodent-donors/IGVFDO0430HQIU/,/rodent-donors/IGVFDO5177QEWF/,/rodent-donors/IGVFDO7951JDSP/,/rodent-donors/IGVFDO2292YGGE/,/rodent-donors/IGVFDO2106EEWB/,/rodent-donors/IGVFDO7007WBAX/,/rodent-donors/IGVFDO8322VYDU/,/rodent-donors/IGVFDO6614NNPY/,/rodent-donors/IGVFDO9199TPBC/,/rodent-donors/IGVFDO9560CEGZ/,/rodent-donors/IGVFDO5539RLXJ/,/rodent-donors/IGVFDO7254QNQZ/,/rodent-donors/IGVFDO1744FDIX/,/rodent-donors/IGVFDO4788BIQB/,/rodent-donors/IGVFDO8152XDDC/,/rodent-donors/IGVFDO7610XXRR/,/rodent-donors/IGVFDO9374WXKK/,/rodent-donors/IGVFDO3655FKMR/,/rodent-donors/IGVFDO3662UKFW/,/rodent-donors/IGVFDO3207TERA/,/rodent-donors/IGVFDO2301HIUQ/,/rodent-donors/IGVFDO5502NJPS/,/rodent-donors/IGVFDO3762EAWT/",/labs/ali-mortazavi/,/awards/HG012077/,/assay-terms/OBI_0003109/,Parse SPLiT-seq,"https://www.protocols.io/view/evercode-single-index-pcr-5jyl82k9rl2w/v1, https://www.protocols.io/view/evercode-wt-mega-v2-2-1-8epv5xxrng1b/v1, https://www.protocols.io/view/protocol-to-isolate-and-fix-nuclei-from-flash-froz-36wgq3e3ylk5/v1, https://www.protocols.io/view/protocol-to-isolate-and-fix-nuclei-from-flash-froz-5qpvo3837v4o/v1, https://www.protocols.io/view/protocol-to-isolate-and-fix-nuclei-from-flash-froz-81wgbxzdylpk/v2",mRNA enriched,single-nucleus RNA sequencing assay (Parse SPLiT-seq),Mus musculus,
/measurement-sets/IGVFDS1771HEWD/,IGVFDS1771HEWD,73fbdc11-d216-4520-b2f3-43062c334215,ali-mortazavi:008B_67A_illumina,2,008b,Gonads,Adrenal gland,/multiplexed-samples/IGVFSM7124LAJZ/,"/rodent-donors/IGVFDO4469VYEZ/,/rodent-donors/IGVFDO6066JIEJ/,/rodent-donors/IGVFDO1477BPVO/,/rodent-donors/IGVFDO2106EEWB/,/rodent-donors/IGVFDO0813DZTW/,/rodent-donors/IGVFDO5183UZGS/,/rodent-donors/IGVFDO2301HIUQ/,/rodent-donors/IGVFDO4707SGWM/,/rodent-donors/IGVFDO2319OUEC/,/rodent-donors/IGVFDO2645GUSC/,/rodent-donors/IGVFDO3534MDFF/,/rodent-donors/IGVFDO2831PZHE/,/rodent-donors/IGVFDO5177QEWF/,/rodent-donors/IGVFDO7957DMLJ/,/rodent-donors/IGVFDO4725SNCJ/,/rodent-donors/IGVFDO7254QNQZ/,/rodent-donors/IGVFDO9142EUBJ/,/rodent-donors/IGVFDO1643VEDI/,/rodent-donors/IGVFDO9340WGNV/,/rodent-donors/IGVFDO9560CEGZ/,/rodent-donors/IGVFDO0681EHNP/,/rodent-donors/IGVFDO9202WGJZ/,/rodent-donors/IGVFDO7007WBAX/,/rodent-donors/IGVFDO7255VZBN/,/rodent-donors/IGVFDO9374WXKK/,/rodent-donors/IGVFDO8322VYDU/,/rodent-donors/IGVFDO5502NJPS/,/rodent-donors/IGVFDO5085MJSP/,/rodent-donors/IGVFDO4788BIQB/,/rodent-donors/IGVFDO5523UFUN/,/rodent-donors/IGVFDO6607QZPA/,/rodent-donors/IGVFDO7610XXRR/,/rodent-donors/IGVFDO2753JGYS/,/rodent-donors/IGVFDO1744FDIX/,/rodent-donors/IGVFDO3436ZMLY/,/rodent-donors/IGVFDO3655FKMR/,/rodent-donors/IGVFDO8904OIIT/,/rodent-donors/IGVFDO2292YGGE/,/rodent-donors/IGVFDO9510ILZG/,/rodent-donors/IGVFDO7062NBTQ/,/rodent-donors/IGVFDO3603MEIO/,/rodent-donors/IGVFDO9199TPBC/,/rodent-donors/IGVFDO0751WQHI/,/rodent-donors/IGVFDO6112GRYR/,/rodent-donors/IGVFDO1452VDIT/,/rodent-donors/IGVFDO6141KSSQ/,/rodent-donors/IGVFDO8152XDDC/,/rodent-donors/IGVFDO7951JDSP/,/rodent-donors/IGVFDO5539RLXJ/,/rodent-donors/IGVFDO0853BCOL/,/rodent-donors/IGVFDO0696DMIA/,/rodent-donors/IGVFDO8958JQIY/,/rodent-donors/IGVFDO0624KKTV/,/rodent-donors/IGVFDO3762EAWT/,/rodent-donors/IGVFDO6219LVKW/,/rodent-donors/IGVFDO0026YRCR/,/rodent-donors/IGVFDO3207TERA/,/rodent-donors/IGVFDO5872DFML/,/rodent-donors/IGVFDO5737FRWD/,/rodent-donors/IGVFDO6614NNPY/,/rodent-donors/IGVFDO9890MXGN/,/rodent-donors/IGVFDO0430HQIU/,/rodent-donors/IGVFDO5258MBVH/,/rodent-donors/IGVFDO3662UKFW/,/rodent-donors/IGVFDO3640WUBU/",/labs/ali-mortazavi/,/awards/HG012077/,/assay-terms/OBI_0003109/,Parse SPLiT-seq,"https://www.protocols.io/view/evercode-single-index-pcr-5jyl82k9rl2w/v1, https://www.protocols.io/view/evercode-wt-mega-v2-2-1-8epv5xxrng1b/v1, https://www.protocols.io/view/protocol-to-isolate-and-fix-nuclei-from-flash-froz-36wgq3e3ylk5/v1, https://www.protocols.io/view/protocol-to-isolate-and-fix-nuclei-from-flash-froz-5qpvo3837v4o/v1, https://www.protocols.io/view/protocol-to-isolate-and-fix-nuclei-from-flash-froz-81wgbxzdylpk/v2",mRNA enriched,single-nucleus RNA sequencing assay (Parse SPLiT-seq),Mus musculus,Repeat of 008 with additional nuclei from the same samples
/measurement-sets/IGVFDS4560LMBT/,IGVFDS4560LMBT,c608eac7-cc4a-4019-8f3b-af4d4a6450ce,ali-mortazavi:008B_67B_illumina,3,008b,Gonads,Adrenal gland,/multiplexed-samples/IGVFSM7809BDCE/,"/rodent-donors/IGVFDO4469VYEZ/,/rodent-donors/IGVFDO6066JIEJ/,/rodent-donors/IGVFDO1477BPVO/,/rodent-donors/IGVFDO2106EEWB/,/rodent-donors/IGVFDO0813DZTW/,/rodent-donors/IGVFDO5183UZGS/,/rodent-donors/IGVFDO2301HIUQ/,/rodent-donors/IGVFDO4707SGWM/,/rodent-donors/IGVFDO2319OUEC/,/rodent-donors/IGVFDO2645GUSC/,/rodent-donors/IGVFDO3534MDFF/,/rodent-donors/IGVFDO2831PZHE/,/rodent-donors/IGVFDO5177QEWF/,/rodent-donors/IGVFDO7957DMLJ/,/rodent-donors/IGVFDO4725SNCJ/,/rodent-donors/IGVFDO7254QNQZ/,/rodent-donors/IGVFDO9142EUBJ/,/rodent-donors/IGVFDO1643VEDI/,/rodent-donors/IGVFDO9340WGNV/,/rodent-donors/IGVFDO9560CEGZ/,/rodent-donors/IGVFDO0681EHNP/,/rodent-donors/IGVFDO9202WGJZ/,/rodent-donors/IGVFDO7007WBAX/,/rodent-donors/IGVFDO7255VZBN/,/rodent-donors/IGVFDO9374WXKK/,/rodent-donors/IGVFDO8322VYDU/,/rodent-donors/IGVFDO5502NJPS/,/rodent-donors/IGVFDO5085MJSP/,/rodent-donors/IGVFDO4788BIQB/,/rodent-donors/IGVFDO5523UFUN/,/rodent-donors/IGVFDO6607QZPA/,/rodent-donors/IGVFDO7610XXRR/,/rodent-donors/IGVFDO2753JGYS/,/rodent-donors/IGVFDO1744FDIX/,/rodent-donors/IGVFDO3436ZMLY/,/rodent-donors/IGVFDO3655FKMR/,/rodent-donors/IGVFDO8904OIIT/,/rodent-donors/IGVFDO2292YGGE/,/rodent-donors/IGVFDO9510ILZG/,/rodent-donors/IGVFDO7062NBTQ/,/rodent-donors/IGVFDO3603MEIO/,/rodent-donors/IGVFDO9199TPBC/,/rodent-donors/IGVFDO0751WQHI/,/rodent-donors/IGVFDO6112GRYR/,/rodent-donors/IGVFDO1452VDIT/,/rodent-donors/IGVFDO6141KSSQ/,/rodent-donors/IGVFDO8152XDDC/,/rodent-donors/IGVFDO7951JDSP/,/rodent-donors/IGVFDO5539RLXJ/,/rodent-donors/IGVFDO0853BCOL/,/rodent-donors/IGVFDO0696DMIA/,/rodent-donors/IGVFDO8958JQIY/,/rodent-donors/IGVFDO0624KKTV/,/rodent-donors/IGVFDO3762EAWT/,/rodent-donors/IGVFDO6219LVKW/,/rodent-donors/IGVFDO0026YRCR/,/rodent-donors/IGVFDO3207TERA/,/rodent-donors/IGVFDO5872DFML/,/rodent-donors/IGVFDO5737FRWD/,/rodent-donors/IGVFDO6614NNPY/,/rodent-donors/IGVFDO9890MXGN/,/rodent-donors/IGVFDO0430HQIU/,/rodent-donors/IGVFDO5258MBVH/,/rodent-donors/IGVFDO3662UKFW/,/rodent-donors/IGVFDO3640WUBU/",/labs/ali-mortazavi/,/awards/HG012077/,/assay-terms/OBI_0003109/,Parse SPLiT-seq,"https://www.protocols.io/view/evercode-single-index-pcr-5jyl82k9rl2w/v1, https://www.protocols.io/view/evercode-wt-mega-v2-2-1-8epv5xxrng1b/v1, https://www.protocols.io/view/protocol-to-isolate-and-fix-nuclei-from-flash-froz-36wgq3e3ylk5/v1, https://www.protocols.io/view/protocol-to-isolate-and-fix-nuclei-from-flash-froz-5qpvo3837v4o/v1, https://www.protocols.io/view/protocol-to-isolate-and-fix-nuclei-from-flash-froz-81wgbxzdylpk/v2",mRNA enriched,single-nucleus RNA sequencing assay (Parse SPLiT-seq),Mus musculus,Repeat of 008 with additional nuclei from the same samples
/measurement-sets/IGVFDS8576ZOGO/,IGVFDS8576ZOGO,c20eb325-098d-4b98-a8b7-69a39ec93171,ali-mortazavi:008B_67C_illumina,4,008b,Gonads,Adrenal gland,/multiplexed-samples/IGVFSM5088KSEO/,"/rodent-donors/IGVFDO2831PZHE/,/rodent-donors/IGVFDO5258MBVH/,/rodent-donors/IGVFDO9340WGNV/,/rodent-donors/IGVFDO6141KSSQ/,/rodent-donors/IGVFDO3640WUBU/,/rodent-donors/IGVFDO5085MJSP/,/rodent-donors/IGVFDO9202WGJZ/,/rodent-donors/IGVFDO9890MXGN/,/rodent-donors/IGVFDO5872DFML/,/rodent-donors/IGVFDO4469VYEZ/,/rodent-donors/IGVFDO7957DMLJ/,/rodent-donors/IGVFDO0624KKTV/,/rodent-donors/IGVFDO1452VDIT/,/rodent-donors/IGVFDO0813DZTW/,/rodent-donors/IGVFDO0751WQHI/,/rodent-donors/IGVFDO5183UZGS/,/rodent-donors/IGVFDO0696DMIA/,/rodent-donors/IGVFDO6112GRYR/,/rodent-donors/IGVFDO9510ILZG/,/rodent-donors/IGVFDO9142EUBJ/,/rodent-donors/IGVFDO3603MEIO/,/rodent-donors/IGVFDO7062NBTQ/,/rodent-donors/IGVFDO7255VZBN/,/rodent-donors/IGVFDO5737FRWD/,/rodent-donors/IGVFDO1477BPVO/,/rodent-donors/IGVFDO0681EHNP/,/rodent-donors/IGVFDO3436ZMLY/,/rodent-donors/IGVFDO3534MDFF/,/rodent-donors/IGVFDO4725SNCJ/,/rodent-donors/IGVFDO6607QZPA/,/rodent-donors/IGVFDO0853BCOL/,/rodent-donors/IGVFDO8958JQIY/,/rodent-donors/IGVFDO8904OIIT/,/rodent-donors/IGVFDO2645GUSC/,/rodent-donors/IGVFDO2319OUEC/,/rodent-donors/IGVFDO0026YRCR/,/rodent-donors/IGVFDO2753JGYS/,/rodent-donors/IGVFDO5523UFUN/,/rodent-donors/IGVFDO6219LVKW/,/rodent-donors/IGVFDO1643VEDI/,/rodent-donors/IGVFDO4707SGWM/,/rodent-donors/IGVFDO6066JIEJ/,/rodent-donors/IGVFDO0430HQIU/,/rodent-donors/IGVFDO5177QEWF/,/rodent-donors/IGVFDO7951JDSP/,/rodent-donors/IGVFDO2292YGGE/,/rodent-donors/IGVFDO2106EEWB/,/rodent-donors/IGVFDO7007WBAX/,/rodent-donors/IGVFDO8322VYDU/,/rodent-donors/IGVFDO6614NNPY/,/rodent-donors/IGVFDO9199TPBC/,/rodent-donors/IGVFDO9560CEGZ/,/rodent-donors/IGVFDO5539RLXJ/,/rodent-donors/IGVFDO7254QNQZ/,/rodent-donors/IGVFDO1744FDIX/,/rodent-donors/IGVFDO4788BIQB/,/rodent-donors/IGVFDO8152XDDC/,/rodent-donors/IGVFDO7610XXRR/,/rodent-donors/IGVFDO9374WXKK/,/rodent-donors/IGVFDO3655FKMR/,/rodent-donors/IGVFDO3662UKFW/,/rodent-donors/IGVFDO3207TERA/,/rodent-donors/IGVFDO2301HIUQ/,/rodent-donors/IGVFDO5502NJPS/,/rodent-donors/IGVFDO3762EAWT/",/labs/ali-mortazavi/,/awards/HG012077/,/assay-terms/OBI_0003109/,Parse SPLiT-seq,"https://www.protocols.io/view/evercode-single-index-pcr-5jyl82k9rl2w/v1, https://www.protocols.io/view/evercode-wt-mega-v2-2-1-8epv5xxrng1b/v1, https://www.protocols.io/view/protocol-to-isolate-and-fix-nuclei-from-flash-froz-36wgq3e3ylk5/v1, https://www.protocols.io/view/protocol-to-isolate-and-fix-nuclei-from-flash-froz-5qpvo3837v4o/v1, https://www.protocols.io/view/protocol-to-isolate-and-fix-nuclei-from-flash-froz-81wgbxzdylpk/v2",mRNA enriched,single-nucleus RNA sequencing assay (Parse SPLiT-seq),Mus musculus,Repeat of 008 with additional nuclei from the same samples
/measurement-sets/IGVFDS7926JPWQ/,IGVFDS7926JPWQ,22639b77-d03d-4000-829e-2f6401759b1c,ali-mortazavi:008B_67D_illumina,5,008b,Gonads,Adrenal gland,/multiplexed-samples/IGVFSM9772GRDY/,"/rodent-donors/IGVFDO2831PZHE/,/rodent-donors/IGVFDO5258MBVH/,/rodent-donors/IGVFDO9340WGNV/,/rodent-donors/IGVFDO6141KSSQ/,/rodent-donors/IGVFDO3640WUBU/,/rodent-donors/IGVFDO5085MJSP/,/rodent-donors/IGVFDO9202WGJZ/,/rodent-donors/IGVFDO9890MXGN/,/rodent-donors/IGVFDO5872DFML/,/rodent-donors/IGVFDO4469VYEZ/,/rodent-donors/IGVFDO7957DMLJ/,/rodent-donors/IGVFDO0624KKTV/,/rodent-donors/IGVFDO1452VDIT/,/rodent-donors/IGVFDO0813DZTW/,/rodent-donors/IGVFDO0751WQHI/,/rodent-donors/IGVFDO5183UZGS/,/rodent-donors/IGVFDO0696DMIA/,/rodent-donors/IGVFDO6112GRYR/,/rodent-donors/IGVFDO9510ILZG/,/rodent-donors/IGVFDO9142EUBJ/,/rodent-donors/IGVFDO3603MEIO/,/rodent-donors/IGVFDO7062NBTQ/,/rodent-donors/IGVFDO7255VZBN/,/rodent-donors/IGVFDO5737FRWD/,/rodent-donors/IGVFDO1477BPVO/,/rodent-donors/IGVFDO0681EHNP/,/rodent-donors/IGVFDO3436ZMLY/,/rodent-donors/IGVFDO3534MDFF/,/rodent-donors/IGVFDO4725SNCJ/,/rodent-donors/IGVFDO6607QZPA/,/rodent-donors/IGVFDO0853BCOL/,/rodent-donors/IGVFDO8958JQIY/,/rodent-donors/IGVFDO8904OIIT/,/rodent-donors/IGVFDO2645GUSC/,/rodent-donors/IGVFDO2319OUEC/,/rodent-donors/IGVFDO0026YRCR/,/rodent-donors/IGVFDO2753JGYS/,/rodent-donors/IGVFDO5523UFUN/,/rodent-donors/IGVFDO6219LVKW/,/rodent-donors/IGVFDO1643VEDI/,/rodent-donors/IGVFDO4707SGWM/,/rodent-donors/IGVFDO6066JIEJ/,/rodent-donors/IGVFDO0430HQIU/,/rodent-donors/IGVFDO5177QEWF/,/rodent-donors/IGVFDO7951JDSP/,/rodent-donors/IGVFDO2292YGGE/,/rodent-donors/IGVFDO2106EEWB/,/rodent-donors/IGVFDO7007WBAX/,/rodent-donors/IGVFDO8322VYDU/,/rodent-donors/IGVFDO6614NNPY/,/rodent-donors/IGVFDO9199TPBC/,/rodent-donors/IGVFDO9560CEGZ/,/rodent-donors/IGVFDO5539RLXJ/,/rodent-donors/IGVFDO7254QNQZ/,/rodent-donors/IGVFDO1744FDIX/,/rodent-donors/IGVFDO4788BIQB/,/rodent-donors/IGVFDO8152XDDC/,/rodent-donors/IGVFDO7610XXRR/,/rodent-donors/IGVFDO9374WXKK/,/rodent-donors/IGVFDO3655FKMR/,/rodent-donors/IGVFDO3662UKFW/,/rodent-donors/IGVFDO3207TERA/,/rodent-donors/IGVFDO2301HIUQ/,/rodent-donors/IGVFDO5502NJPS/,/rodent-donors/IGVFDO3762EAWT/",/labs/ali-mortazavi/,/awards/HG012077/,/assay-terms/OBI_0003109/,Parse SPLiT-seq,"https://www.protocols.io/view/evercode-single-index-pcr-5jyl82k9rl2w/v1, https://www.protocols.io/view/evercode-wt-mega-v2-2-1-8epv5xxrng1b/v1, https://www.protocols.io/view/protocol-to-isolate-and-fix-nuclei-from-flash-froz-36wgq3e3ylk5/v1, https://www.protocols.io/view/protocol-to-isolate-and-fix-nuclei-from-flash-froz-5qpvo3837v4o/v1, https://www.protocols.io/view/protocol-to-isolate-and-fix-nuclei-from-flash-froz-81wgbxzdylpk/v2",mRNA enriched,single-nucleus RNA sequencing assay (Parse SPLiT-seq),Mus musculus,Repeat of 008 with additional nuclei from the same samples
/measurement-sets/IGVFDS1552RFWJ/,IGVFDS1552RFWJ,7ae5ea4f-9d98-4068-8c56-d4d241edb1bd,ali-mortazavi:008B_67E_illumina,6,008b,Gonads,Adrenal gland,/multiplexed-samples/IGVFSM4504UTKK/,"/rodent-donors/IGVFDO4469VYEZ/,/rodent-donors/IGVFDO6066JIEJ/,/rodent-donors/IGVFDO1477BPVO/,/rodent-donors/IGVFDO2106EEWB/,/rodent-donors/IGVFDO0813DZTW/,/rodent-donors/IGVFDO5183UZGS/,/rodent-donors/IGVFDO2301HIUQ/,/rodent-donors/IGVFDO4707SGWM/,/rodent-donors/IGVFDO2319OUEC/,/rodent-donors/IGVFDO2645GUSC/,/rodent-donors/IGVFDO3534MDFF/,/rodent-donors/IGVFDO2831PZHE/,/rodent-donors/IGVFDO5177QEWF/,/rodent-donors/IGVFDO7957DMLJ/,/rodent-donors/IGVFDO4725SNCJ/,/rodent-donors/IGVFDO7254QNQZ/,/rodent-donors/IGVFDO9142EUBJ/,/rodent-donors/IGVFDO1643VEDI/,/rodent-donors/IGVFDO9340WGNV/,/rodent-donors/IGVFDO9560CEGZ/,/rodent-donors/IGVFDO0681EHNP/,/rodent-donors/IGVFDO9202WGJZ/,/rodent-donors/IGVFDO7007WBAX/,/rodent-donors/IGVFDO7255VZBN/,/rodent-donors/IGVFDO9374WXKK/,/rodent-donors/IGVFDO8322VYDU/,/rodent-donors/IGVFDO5502NJPS/,/rodent-donors/IGVFDO5085MJSP/,/rodent-donors/IGVFDO4788BIQB/,/rodent-donors/IGVFDO5523UFUN/,/rodent-donors/IGVFDO6607QZPA/,/rodent-donors/IGVFDO7610XXRR/,/rodent-donors/IGVFDO2753JGYS/,/rodent-donors/IGVFDO1744FDIX/,/rodent-donors/IGVFDO3436ZMLY/,/rodent-donors/IGVFDO3655FKMR/,/rodent-donors/IGVFDO8904OIIT/,/rodent-donors/IGVFDO2292YGGE/,/rodent-donors/IGVFDO9510ILZG/,/rodent-donors/IGVFDO7062NBTQ/,/rodent-donors/IGVFDO3603MEIO/,/rodent-donors/IGVFDO9199TPBC/,/rodent-donors/IGVFDO0751WQHI/,/rodent-donors/IGVFDO6112GRYR/,/rodent-donors/IGVFDO1452VDIT/,/rodent-donors/IGVFDO6141KSSQ/,/rodent-donors/IGVFDO8152XDDC/,/rodent-donors/IGVFDO7951JDSP/,/rodent-donors/IGVFDO5539RLXJ/,/rodent-donors/IGVFDO0853BCOL/,/rodent-donors/IGVFDO0696DMIA/,/rodent-donors/IGVFDO8958JQIY/,/rodent-donors/IGVFDO0624KKTV/,/rodent-donors/IGVFDO3762EAWT/,/rodent-donors/IGVFDO6219LVKW/,/rodent-donors/IGVFDO0026YRCR/,/rodent-donors/IGVFDO3207TERA/,/rodent-donors/IGVFDO5872DFML/,/rodent-donors/IGVFDO5737FRWD/,/rodent-donors/IGVFDO6614NNPY/,/rodent-donors/IGVFDO9890MXGN/,/rodent-donors/IGVFDO0430HQIU/,/rodent-donors/IGVFDO5258MBVH/,/rodent-donors/IGVFDO3662UKFW/,/rodent-donors/IGVFDO3640WUBU/",/labs/ali-mortazavi/,/awards/HG012077/,/assay-terms/OBI_0003109/,Parse SPLiT-seq,"https://www.protocols.io/view/evercode-single-index-pcr-5jyl82k9rl2w/v1, https://www.protocols.io/view/evercode-wt-mega-v2-2-1-8epv5xxrng1b/v1, https://www.protocols.io/view/protocol-to-isolate-and-fix-nuclei-from-flash-froz-36wgq3e3ylk5/v1, https://www.protocols.io/view/protocol-to-isolate-and-fix-nuclei-from-flash-froz-5qpvo3837v4o/v1, https://www.protocols.io/view/protocol-to-isolate-and-fix-nuclei-from-flash-froz-81wgbxzdylpk/v2",mRNA enriched,single-nucleus RNA sequencing assay (Parse SPLiT-seq),Mus musculus,Repeat of 008 with additional nuclei from the same samples
/measurement-sets/IGVFDS3094RLKY/,IGVFDS3094RLKY,5cc2ede1-03e4-4014-aa74-6474e6ce5f16,ali-mortazavi:008B_67F_illumina,7,008b,Gonads,Adrenal gland,/multiplexed-samples/IGVFSM4764PYNK/,"/rodent-donors/IGVFDO2831PZHE/,/rodent-donors/IGVFDO5258MBVH/,/rodent-donors/IGVFDO9340WGNV/,/rodent-donors/IGVFDO6141KSSQ/,/rodent-donors/IGVFDO3640WUBU/,/rodent-donors/IGVFDO5085MJSP/,/rodent-donors/IGVFDO9202WGJZ/,/rodent-donors/IGVFDO9890MXGN/,/rodent-donors/IGVFDO5872DFML/,/rodent-donors/IGVFDO4469VYEZ/,/rodent-donors/IGVFDO7957DMLJ/,/rodent-donors/IGVFDO0624KKTV/,/rodent-donors/IGVFDO1452VDIT/,/rodent-donors/IGVFDO0813DZTW/,/rodent-donors/IGVFDO0751WQHI/,/rodent-donors/IGVFDO5183UZGS/,/rodent-donors/IGVFDO0696DMIA/,/rodent-donors/IGVFDO6112GRYR/,/rodent-donors/IGVFDO9510ILZG/,/rodent-donors/IGVFDO9142EUBJ/,/rodent-donors/IGVFDO3603MEIO/,/rodent-donors/IGVFDO7062NBTQ/,/rodent-donors/IGVFDO7255VZBN/,/rodent-donors/IGVFDO5737FRWD/,/rodent-donors/IGVFDO1477BPVO/,/rodent-donors/IGVFDO0681EHNP/,/rodent-donors/IGVFDO3436ZMLY/,/rodent-donors/IGVFDO3534MDFF/,/rodent-donors/IGVFDO4725SNCJ/,/rodent-donors/IGVFDO6607QZPA/,/rodent-donors/IGVFDO0853BCOL/,/rodent-donors/IGVFDO8958JQIY/,/rodent-donors/IGVFDO8904OIIT/,/rodent-donors/IGVFDO2645GUSC/,/rodent-donors/IGVFDO2319OUEC/,/rodent-donors/IGVFDO0026YRCR/,/rodent-donors/IGVFDO2753JGYS/,/rodent-donors/IGVFDO5523UFUN/,/rodent-donors/IGVFDO6219LVKW/,/rodent-donors/IGVFDO1643VEDI/,/rodent-donors/IGVFDO4707SGWM/,/rodent-donors/IGVFDO6066JIEJ/,/rodent-donors/IGVFDO0430HQIU/,/rodent-donors/IGVFDO5177QEWF/,/rodent-donors/IGVFDO7951JDSP/,/rodent-donors/IGVFDO2292YGGE/,/rodent-donors/IGVFDO2106EEWB/,/rodent-donors/IGVFDO7007WBAX/,/rodent-donors/IGVFDO8322VYDU/,/rodent-donors/IGVFDO6614NNPY/,/rodent-donors/IGVFDO9199TPBC/,/rodent-donors/IGVFDO9560CEGZ/,/rodent-donors/IGVFDO5539RLXJ/,/rodent-donors/IGVFDO7254QNQZ/,/rodent-donors/IGVFDO1744FDIX/,/rodent-donors/IGVFDO4788BIQB/,/rodent-donors/IGVFDO8152XDDC/,/rodent-donors/IGVFDO7610XXRR/,/rodent-donors/IGVFDO9374WXKK/,/rodent-donors/IGVFDO3655FKMR/,/rodent-donors/IGVFDO3662UKFW/,/rodent-donors/IGVFDO3207TERA/,/rodent-donors/IGVFDO2301HIUQ/,/rodent-donors/IGVFDO5502NJPS/,/rodent-donors/IGVFDO3762EAWT/",/labs/ali-mortazavi/,/awards/HG012077/,/assay-terms/OBI_0003109/,Parse SPLiT-seq,"https://www.protocols.io/view/evercode-single-index-pcr-5jyl82k9rl2w/v1, https://www.protocols.io/view/evercode-wt-mega-v2-2-1-8epv5xxrng1b/v1, https://www.protocols.io/view/protocol-to-isolate-and-fix-nuclei-from-flash-froz-36wgq3e3ylk5/v1, https://www.protocols.io/view/protocol-to-isolate-and-fix-nuclei-from-flash-froz-5qpvo3837v4o/v1, https://www.protocols.io/view/protocol-to-isolate-and-fix-nuclei-from-flash-froz-81wgbxzdylpk/v2",mRNA enriched,single-nucleus RNA sequencing assay (Parse SPLiT-seq),Mus musculus,Repeat of 008 with additional nuclei from the same samples
/measurement-sets/IGVFDS1725LJAN/,IGVFDS1725LJAN,e22ddecf-9145-4f08-b97e-7b828e021d2f,ali-mortazavi:008B_67G_illumina,8,008b,Gonads,Adrenal gland,/multiplexed-samples/IGVFSM2522ZIEZ/,"/rodent-donors/IGVFDO2831PZHE/,/rodent-donors/IGVFDO5258MBVH/,/rodent-donors/IGVFDO9340WGNV/,/rodent-donors/IGVFDO6141KSSQ/,/rodent-donors/IGVFDO3640WUBU/,/rodent-donors/IGVFDO5085MJSP/,/rodent-donors/IGVFDO9202WGJZ/,/rodent-donors/IGVFDO9890MXGN/,/rodent-donors/IGVFDO5872DFML/,/rodent-donors/IGVFDO4469VYEZ/,/rodent-donors/IGVFDO7957DMLJ/,/rodent-donors/IGVFDO0624KKTV/,/rodent-donors/IGVFDO1452VDIT/,/rodent-donors/IGVFDO0813DZTW/,/rodent-donors/IGVFDO0751WQHI/,/rodent-donors/IGVFDO5183UZGS/,/rodent-donors/IGVFDO0696DMIA/,/rodent-donors/IGVFDO6112GRYR/,/rodent-donors/IGVFDO9510ILZG/,/rodent-donors/IGVFDO9142EUBJ/,/rodent-donors/IGVFDO3603MEIO/,/rodent-donors/IGVFDO7062NBTQ/,/rodent-donors/IGVFDO7255VZBN/,/rodent-donors/IGVFDO5737FRWD/,/rodent-donors/IGVFDO1477BPVO/,/rodent-donors/IGVFDO0681EHNP/,/rodent-donors/IGVFDO3436ZMLY/,/rodent-donors/IGVFDO3534MDFF/,/rodent-donors/IGVFDO4725SNCJ/,/rodent-donors/IGVFDO6607QZPA/,/rodent-donors/IGVFDO0853BCOL/,/rodent-donors/IGVFDO8958JQIY/,/rodent-donors/IGVFDO8904OIIT/,/rodent-donors/IGVFDO2645GUSC/,/rodent-donors/IGVFDO2319OUEC/,/rodent-donors/IGVFDO0026YRCR/,/rodent-donors/IGVFDO2753JGYS/,/rodent-donors/IGVFDO5523UFUN/,/rodent-donors/IGVFDO6219LVKW/,/rodent-donors/IGVFDO1643VEDI/,/rodent-donors/IGVFDO4707SGWM/,/rodent-donors/IGVFDO6066JIEJ/,/rodent-donors/IGVFDO0430HQIU/,/rodent-donors/IGVFDO5177QEWF/,/rodent-donors/IGVFDO7951JDSP/,/rodent-donors/IGVFDO2292YGGE/,/rodent-donors/IGVFDO2106EEWB/,/rodent-donors/IGVFDO7007WBAX/,/rodent-donors/IGVFDO8322VYDU/,/rodent-donors/IGVFDO6614NNPY/,/rodent-donors/IGVFDO9199TPBC/,/rodent-donors/IGVFDO9560CEGZ/,/rodent-donors/IGVFDO5539RLXJ/,/rodent-donors/IGVFDO7254QNQZ/,/rodent-donors/IGVFDO1744FDIX/,/rodent-donors/IGVFDO4788BIQB/,/rodent-donors/IGVFDO8152XDDC/,/rodent-donors/IGVFDO7610XXRR/,/rodent-donors/IGVFDO9374WXKK/,/rodent-donors/IGVFDO3655FKMR/,/rodent-donors/IGVFDO3662UKFW/,/rodent-donors/IGVFDO3207TERA/,/rodent-donors/IGVFDO2301HIUQ/,/rodent-donors/IGVFDO5502NJPS/,/rodent-donors/IGVFDO3762EAWT/",/labs/ali-mortazavi/,/awards/HG012077/,/assay-terms/OBI_0003109/,Parse SPLiT-seq,"https://www.protocols.io/view/evercode-single-index-pcr-5jyl82k9rl2w/v1, https://www.protocols.io/view/evercode-wt-mega-v2-2-1-8epv5xxrng1b/v1, https://www.protocols.io/view/protocol-to-isolate-and-fix-nuclei-from-flash-froz-36wgq3e3ylk5/v1, https://www.protocols.io/view/protocol-to-isolate-and-fix-nuclei-from-flash-froz-5qpvo3837v4o/v1, https://www.protocols.io/view/protocol-to-isolate-and-fix-nuclei-from-flash-froz-81wgbxzdylpk/v2",mRNA enriched,single-nucleus RNA sequencing assay (Parse SPLiT-seq),Mus musculus,Repeat of 008 with additional nuclei from the same samples
/measurement-sets/IGVFDS5358BMMQ/,IGVFDS5358BMMQ,74a82210-d783-47b1-8261-aa658d918816,ali-mortazavi:008B_67H_illumina,9,008b,Gonads,Adrenal gland,/multiplexed-samples/IGVFSM4171FXJC/,"/rodent-donors/IGVFDO4469VYEZ/,/rodent-donors/IGVFDO6066JIEJ/,/rodent-donors/IGVFDO1477BPVO/,/rodent-donors/IGVFDO2106EEWB/,/rodent-donors/IGVFDO0813DZTW/,/rodent-donors/IGVFDO5183UZGS/,/rodent-donors/IGVFDO2301HIUQ/,/rodent-donors/IGVFDO4707SGWM/,/rodent-donors/IGVFDO2319OUEC/,/rodent-donors/IGVFDO2645GUSC/,/rodent-donors/IGVFDO3534MDFF/,/rodent-donors/IGVFDO2831PZHE/,/rodent-donors/IGVFDO5177QEWF/,/rodent-donors/IGVFDO7957DMLJ/,/rodent-donors/IGVFDO4725SNCJ/,/rodent-donors/IGVFDO7254QNQZ/,/rodent-donors/IGVFDO9142EUBJ/,/rodent-donors/IGVFDO1643VEDI/,/rodent-donors/IGVFDO9340WGNV/,/rodent-donors/IGVFDO9560CEGZ/,/rodent-donors/IGVFDO0681EHNP/,/rodent-donors/IGVFDO9202WGJZ/,/rodent-donors/IGVFDO7007WBAX/,/rodent-donors/IGVFDO7255VZBN/,/rodent-donors/IGVFDO9374WXKK/,/rodent-donors/IGVFDO8322VYDU/,/rodent-donors/IGVFDO5502NJPS/,/rodent-donors/IGVFDO5085MJSP/,/rodent-donors/IGVFDO4788BIQB/,/rodent-donors/IGVFDO5523UFUN/,/rodent-donors/IGVFDO6607QZPA/,/rodent-donors/IGVFDO7610XXRR/,/rodent-donors/IGVFDO2753JGYS/,/rodent-donors/IGVFDO1744FDIX/,/rodent-donors/IGVFDO3436ZMLY/,/rodent-donors/IGVFDO3655FKMR/,/rodent-donors/IGVFDO8904OIIT/,/rodent-donors/IGVFDO2292YGGE/,/rodent-donors/IGVFDO9510ILZG/,/rodent-donors/IGVFDO7062NBTQ/,/rodent-donors/IGVFDO3603MEIO/,/rodent-donors/IGVFDO9199TPBC/,/rodent-donors/IGVFDO0751WQHI/,/rodent-donors/IGVFDO6112GRYR/,/rodent-donors/IGVFDO1452VDIT/,/rodent-donors/IGVFDO6141KSSQ/,/rodent-donors/IGVFDO8152XDDC/,/rodent-donors/IGVFDO7951JDSP/,/rodent-donors/IGVFDO5539RLXJ/,/rodent-donors/IGVFDO0853BCOL/,/rodent-donors/IGVFDO0696DMIA/,/rodent-donors/IGVFDO8958JQIY/,/rodent-donors/IGVFDO0624KKTV/,/rodent-donors/IGVFDO3762EAWT/,/rodent-donors/IGVFDO6219LVKW/,/rodent-donors/IGVFDO0026YRCR/,/rodent-donors/IGVFDO3207TERA/,/rodent-donors/IGVFDO5872DFML/,/rodent-donors/IGVFDO5737FRWD/,/rodent-donors/IGVFDO6614NNPY/,/rodent-donors/IGVFDO9890MXGN/,/rodent-donors/IGVFDO0430HQIU/,/rodent-donors/IGVFDO5258MBVH/,/rodent-donors/IGVFDO3662UKFW/,/rodent-donors/IGVFDO3640WUBU/",/labs/ali-mortazavi/,/awards/HG012077/,/assay-terms/OBI_0003109/,Parse SPLiT-seq,"https://www.protocols.io/view/evercode-single-index-pcr-5jyl82k9rl2w/v1, https://www.protocols.io/view/evercode-wt-mega-v2-2-1-8epv5xxrng1b/v1, https://www.protocols.io/view/protocol-to-isolate-and-fix-nuclei-from-flash-froz-36wgq3e3ylk5/v1, https://www.protocols.io/view/protocol-to-isolate-and-fix-nuclei-from-flash-froz-5qpvo3837v4o/v1, https://www.protocols.io/view/protocol-to-isolate-and-fix-nuclei-from-flash-froz-81wgbxzdylpk/v2",mRNA enriched,single-nucleus RNA sequencing assay (Parse SPLiT-seq),Mus musculus,Repeat of 008 with additional nuclei from the same samples
/measurement-sets/IGVFDS4228ZELA/,IGVFDS4228ZELA,8c12ae2c-b7a3-4262-bfb6-2585892500e0,ali-mortazavi:008B_67I_illumina,10,008b,Gonads,Adrenal gland,/multiplexed-samples/IGVFSM3194MGZD/,"/rodent-donors/IGVFDO4469VYEZ/,/rodent-donors/IGVFDO6066JIEJ/,/rodent-donors/IGVFDO1477BPVO/,/rodent-donors/IGVFDO2106EEWB/,/rodent-donors/IGVFDO0813DZTW/,/rodent-donors/IGVFDO5183UZGS/,/rodent-donors/IGVFDO2301HIUQ/,/rodent-donors/IGVFDO4707SGWM/,/rodent-donors/IGVFDO2319OUEC/,/rodent-donors/IGVFDO2645GUSC/,/rodent-donors/IGVFDO3534MDFF/,/rodent-donors/IGVFDO2831PZHE/,/rodent-donors/IGVFDO5177QEWF/,/rodent-donors/IGVFDO7957DMLJ/,/rodent-donors/IGVFDO4725SNCJ/,/rodent-donors/IGVFDO7254QNQZ/,/rodent-donors/IGVFDO9142EUBJ/,/rodent-donors/IGVFDO1643VEDI/,/rodent-donors/IGVFDO9340WGNV/,/rodent-donors/IGVFDO9560CEGZ/,/rodent-donors/IGVFDO0681EHNP/,/rodent-donors/IGVFDO9202WGJZ/,/rodent-donors/IGVFDO7007WBAX/,/rodent-donors/IGVFDO7255VZBN/,/rodent-donors/IGVFDO9374WXKK/,/rodent-donors/IGVFDO8322VYDU/,/rodent-donors/IGVFDO5502NJPS/,/rodent-donors/IGVFDO5085MJSP/,/rodent-donors/IGVFDO4788BIQB/,/rodent-donors/IGVFDO5523UFUN/,/rodent-donors/IGVFDO6607QZPA/,/rodent-donors/IGVFDO7610XXRR/,/rodent-donors/IGVFDO2753JGYS/,/rodent-donors/IGVFDO1744FDIX/,/rodent-donors/IGVFDO3436ZMLY/,/rodent-donors/IGVFDO3655FKMR/,/rodent-donors/IGVFDO8904OIIT/,/rodent-donors/IGVFDO2292YGGE/,/rodent-donors/IGVFDO9510ILZG/,/rodent-donors/IGVFDO7062NBTQ/,/rodent-donors/IGVFDO3603MEIO/,/rodent-donors/IGVFDO9199TPBC/,/rodent-donors/IGVFDO0751WQHI/,/rodent-donors/IGVFDO6112GRYR/,/rodent-donors/IGVFDO1452VDIT/,/rodent-donors/IGVFDO6141KSSQ/,/rodent-donors/IGVFDO8152XDDC/,/rodent-donors/IGVFDO7951JDSP/,/rodent-donors/IGVFDO5539RLXJ/,/rodent-donors/IGVFDO0853BCOL/,/rodent-donors/IGVFDO0696DMIA/,/rodent-donors/IGVFDO8958JQIY/,/rodent-donors/IGVFDO0624KKTV/,/rodent-donors/IGVFDO3762EAWT/,/rodent-donors/IGVFDO6219LVKW/,/rodent-donors/IGVFDO0026YRCR/,/rodent-donors/IGVFDO3207TERA/,/rodent-donors/IGVFDO5872DFML/,/rodent-donors/IGVFDO5737FRWD/,/rodent-donors/IGVFDO6614NNPY/,/rodent-donors/IGVFDO9890MXGN/,/rodent-donors/IGVFDO0430HQIU/,/rodent-donors/IGVFDO5258MBVH/,/rodent-donors/IGVFDO3662UKFW/,/rodent-donors/IGVFDO3640WUBU/",/labs/ali-mortazavi/,/awards/HG012077/,/assay-terms/OBI_0003109/,Parse SPLiT-seq,"https://www.protocols.io/view/evercode-single-index-pcr-5jyl82k9rl2w/v1, https://www.protocols.io/view/evercode-wt-mega-v2-2-1-8epv5xxrng1b/v1, https://www.protocols.io/view/protocol-to-isolate-and-fix-nuclei-from-flash-froz-36wgq3e3ylk5/v1, https://www.protocols.io/view/protocol-to-isolate-and-fix-nuclei-from-flash-froz-5qpvo3837v4o/v1, https://www.protocols.io/view/protocol-to-isolate-and-fix-nuclei-from-flash-froz-81wgbxzdylpk/v2",mRNA enriched,single-nucleus RNA sequencing assay (Parse SPLiT-seq),Mus musculus,Repeat of 008 with additional nuclei from the same samples
/measurement-sets/IGVFDS0287TFYK/,IGVFDS0287TFYK,85b41aea-8501-406a-b1bf-19cc249756d0,ali-mortazavi:008B_67J_illumina,11,008b,Gonads,Adrenal gland,/multiplexed-samples/IGVFSM7779KOUO/,"/rodent-donors/IGVFDO4469VYEZ/,/rodent-donors/IGVFDO6066JIEJ/,/rodent-donors/IGVFDO1477BPVO/,/rodent-donors/IGVFDO2106EEWB/,/rodent-donors/IGVFDO0813DZTW/,/rodent-donors/IGVFDO5183UZGS/,/rodent-donors/IGVFDO2301HIUQ/,/rodent-donors/IGVFDO4707SGWM/,/rodent-donors/IGVFDO2319OUEC/,/rodent-donors/IGVFDO2645GUSC/,/rodent-donors/IGVFDO3534MDFF/,/rodent-donors/IGVFDO2831PZHE/,/rodent-donors/IGVFDO5177QEWF/,/rodent-donors/IGVFDO7957DMLJ/,/rodent-donors/IGVFDO4725SNCJ/,/rodent-donors/IGVFDO7254QNQZ/,/rodent-donors/IGVFDO9142EUBJ/,/rodent-donors/IGVFDO1643VEDI/,/rodent-donors/IGVFDO9340WGNV/,/rodent-donors/IGVFDO9560CEGZ/,/rodent-donors/IGVFDO0681EHNP/,/rodent-donors/IGVFDO9202WGJZ/,/rodent-donors/IGVFDO7007WBAX/,/rodent-donors/IGVFDO7255VZBN/,/rodent-donors/IGVFDO9374WXKK/,/rodent-donors/IGVFDO8322VYDU/,/rodent-donors/IGVFDO5502NJPS/,/rodent-donors/IGVFDO5085MJSP/,/rodent-donors/IGVFDO4788BIQB/,/rodent-donors/IGVFDO5523UFUN/,/rodent-donors/IGVFDO6607QZPA/,/rodent-donors/IGVFDO7610XXRR/,/rodent-donors/IGVFDO2753JGYS/,/rodent-donors/IGVFDO1744FDIX/,/rodent-donors/IGVFDO3436ZMLY/,/rodent-donors/IGVFDO3655FKMR/,/rodent-donors/IGVFDO8904OIIT/,/rodent-donors/IGVFDO2292YGGE/,/rodent-donors/IGVFDO9510ILZG/,/rodent-donors/IGVFDO7062NBTQ/,/rodent-donors/IGVFDO3603MEIO/,/rodent-donors/IGVFDO9199TPBC/,/rodent-donors/IGVFDO0751WQHI/,/rodent-donors/IGVFDO6112GRYR/,/rodent-donors/IGVFDO1452VDIT/,/rodent-donors/IGVFDO6141KSSQ/,/rodent-donors/IGVFDO8152XDDC/,/rodent-donors/IGVFDO7951JDSP/,/rodent-donors/IGVFDO5539RLXJ/,/rodent-donors/IGVFDO0853BCOL/,/rodent-donors/IGVFDO0696DMIA/,/rodent-donors/IGVFDO8958JQIY/,/rodent-donors/IGVFDO0624KKTV/,/rodent-donors/IGVFDO3762EAWT/,/rodent-donors/IGVFDO6219LVKW/,/rodent-donors/IGVFDO0026YRCR/,/rodent-donors/IGVFDO3207TERA/,/rodent-donors/IGVFDO5872DFML/,/rodent-donors/IGVFDO5737FRWD/,/rodent-donors/IGVFDO6614NNPY/,/rodent-donors/IGVFDO9890MXGN/,/rodent-donors/IGVFDO0430HQIU/,/rodent-donors/IGVFDO5258MBVH/,/rodent-donors/IGVFDO3662UKFW/,/rodent-donors/IGVFDO3640WUBU/",/labs/ali-mortazavi/,/awards/HG012077/,/assay-terms/OBI_0003109/,Parse SPLiT-seq,"https://www.protocols.io/view/evercode-single-index-pcr-5jyl82k9rl2w/v1, https://www.protocols.io/view/evercode-wt-mega-v2-2-1-8epv5xxrng1b/v1, https://www.protocols.io/view/protocol-to-isolate-and-fix-nuclei-from-flash-froz-36wgq3e3ylk5/v1, https://www.protocols.io/view/protocol-to-isolate-and-fix-nuclei-from-flash-froz-5qpvo3837v4o/v1, https://www.protocols.io/view/protocol-to-isolate-and-fix-nuclei-from-flash-froz-81wgbxzdylpk/v2",mRNA enriched,single-nucleus RNA sequencing assay (Parse SPLiT-seq),Mus musculus,Repeat of 008 with additional nuclei from the same samples
/measurement-sets/IGVFDS9574LPGV/,IGVFDS9574LPGV,38984f0e-52e5-4494-9083-d211f5206bf4,ali-mortazavi:008B_13A_illumina,EX,008B,Gonads,Adrenal gland,/multiplexed-samples/IGVFSM1568QWEH/,"/rodent-donors/IGVFDO8152XDDC/,/rodent-donors/IGVFDO4707SGWM/,/rodent-donors/IGVFDO0853BCOL/,/rodent-donors/IGVFDO4725SNCJ/,/rodent-donors/IGVFDO3603MEIO/,/rodent-donors/IGVFDO5539RLXJ/,/rodent-donors/IGVFDO9510ILZG/,/rodent-donors/IGVFDO0624KKTV/,/rodent-donors/IGVFDO1643VEDI/,/rodent-donors/IGVFDO7062NBTQ/,/rodent-donors/IGVFDO0751WQHI/,/rodent-donors/IGVFDO5183UZGS/,/rodent-donors/IGVFDO5502NJPS/,/rodent-donors/IGVFDO5737FRWD/,/rodent-donors/IGVFDO7255VZBN/,/rodent-donors/IGVFDO3762EAWT/,/rodent-donors/IGVFDO5085MJSP/,/rodent-donors/IGVFDO6614NNPY/,/rodent-donors/IGVFDO3640WUBU/,/rodent-donors/IGVFDO9202WGJZ/,/rodent-donors/IGVFDO0026YRCR/,/rodent-donors/IGVFDO2319OUEC/,/rodent-donors/IGVFDO3436ZMLY/,/rodent-donors/IGVFDO6607QZPA/,/rodent-donors/IGVFDO9374WXKK/,/rodent-donors/IGVFDO7254QNQZ/,/rodent-donors/IGVFDO9199TPBC/,/rodent-donors/IGVFDO2753JGYS/,/rodent-donors/IGVFDO5523UFUN/,/rodent-donors/IGVFDO3534MDFF/,/rodent-donors/IGVFDO9142EUBJ/,/rodent-donors/IGVFDO0696DMIA/,/rodent-donors/IGVFDO2292YGGE/,/rodent-donors/IGVFDO6219LVKW/,/rodent-donors/IGVFDO7957DMLJ/,/rodent-donors/IGVFDO9560CEGZ/,/rodent-donors/IGVFDO3207TERA/,/rodent-donors/IGVFDO8322VYDU/,/rodent-donors/IGVFDO5872DFML/,/rodent-donors/IGVFDO7610XXRR/,/rodent-donors/IGVFDO1744FDIX/,/rodent-donors/IGVFDO0681EHNP/,/rodent-donors/IGVFDO8958JQIY/,/rodent-donors/IGVFDO9340WGNV/,/rodent-donors/IGVFDO1452VDIT/,/rodent-donors/IGVFDO5258MBVH/,/rodent-donors/IGVFDO3655FKMR/,/rodent-donors/IGVFDO3662UKFW/,/rodent-donors/IGVFDO2106EEWB/,/rodent-donors/IGVFDO2301HIUQ/,/rodent-donors/IGVFDO2645GUSC/,/rodent-donors/IGVFDO5177QEWF/,/rodent-donors/IGVFDO2831PZHE/,/rodent-donors/IGVFDO7007WBAX/,/rodent-donors/IGVFDO6112GRYR/,/rodent-donors/IGVFDO7951JDSP/,/rodent-donors/IGVFDO8904OIIT/,/rodent-donors/IGVFDO6141KSSQ/,/rodent-donors/IGVFDO0430HQIU/,/rodent-donors/IGVFDO6066JIEJ/,/rodent-donors/IGVFDO9890MXGN/,/rodent-donors/IGVFDO4469VYEZ/,/rodent-donors/IGVFDO4788BIQB/,/rodent-donors/IGVFDO0813DZTW/,/rodent-donors/IGVFDO1477BPVO/",/labs/ali-mortazavi/,/awards/HG012077/,/assay-terms/OBI_0003109/,Parse SPLiT-seq,"https://www.protocols.io/view/cdna-exome-capture-v1-0-1-36wgq3b83lk5/v1, https://www.protocols.io/view/evercode-single-index-pcr-5jyl82k9rl2w/v1, https://www.protocols.io/view/evercode-wt-mega-v2-2-1-8epv5xxrng1b/v1, https://www.protocols.io/view/ont-library-prep-for-split-seq-cdna-eq2lyj1xmlx9/v1, https://www.protocols.io/view/protocol-to-isolate-and-fix-nuclei-from-flash-froz-36wgq3e3ylk5/v1, https://www.protocols.io/view/protocol-to-isolate-and-fix-nuclei-from-flash-froz-5qpvo3837v4o/v1, https://www.protocols.io/view/protocol-to-isolate-and-fix-nuclei-from-flash-froz-81wgbxzdylpk/v2",exome capture,single-nucleus RNA sequencing assay (Parse SPLiT-seq),Mus musculus,Exome capture subpool
/measurement-sets/IGVFDS1813UKUP/,IGVFDS1813UKUP,66a22bab-bb48-4901-9be6-fe5b301ac783,ali-mortazavi:009_67A_illumina,2,009,Adrenal gland,Kidney,/multiplexed-samples/IGVFSM9611AGDB/,"/rodent-donors/IGVFDO2831PZHE/,/rodent-donors/IGVFDO5258MBVH/,/rodent-donors/IGVFDO9340WGNV/,/rodent-donors/IGVFDO6141KSSQ/,/rodent-donors/IGVFDO3640WUBU/,/rodent-donors/IGVFDO5085MJSP/,/rodent-donors/IGVFDO9202WGJZ/,/rodent-donors/IGVFDO9890MXGN/,/rodent-donors/IGVFDO5872DFML/,/rodent-donors/IGVFDO4469VYEZ/,/rodent-donors/IGVFDO7957DMLJ/,/rodent-donors/IGVFDO0624KKTV/,/rodent-donors/IGVFDO1452VDIT/,/rodent-donors/IGVFDO0813DZTW/,/rodent-donors/IGVFDO0751WQHI/,/rodent-donors/IGVFDO5183UZGS/,/rodent-donors/IGVFDO0696DMIA/,/rodent-donors/IGVFDO6112GRYR/,/rodent-donors/IGVFDO9510ILZG/,/rodent-donors/IGVFDO9142EUBJ/,/rodent-donors/IGVFDO3603MEIO/,/rodent-donors/IGVFDO7062NBTQ/,/rodent-donors/IGVFDO7255VZBN/,/rodent-donors/IGVFDO5737FRWD/,/rodent-donors/IGVFDO1477BPVO/,/rodent-donors/IGVFDO0681EHNP/,/rodent-donors/IGVFDO3436ZMLY/,/rodent-donors/IGVFDO3534MDFF/,/rodent-donors/IGVFDO4725SNCJ/,/rodent-donors/IGVFDO6607QZPA/,/rodent-donors/IGVFDO0853BCOL/,/rodent-donors/IGVFDO8958JQIY/,/rodent-donors/IGVFDO8904OIIT/,/rodent-donors/IGVFDO2645GUSC/,/rodent-donors/IGVFDO2319OUEC/,/rodent-donors/IGVFDO0026YRCR/,/rodent-donors/IGVFDO2753JGYS/,/rodent-donors/IGVFDO5523UFUN/,/rodent-donors/IGVFDO6219LVKW/,/rodent-donors/IGVFDO1643VEDI/,/rodent-donors/IGVFDO4707SGWM/,/rodent-donors/IGVFDO6066JIEJ/,/rodent-donors/IGVFDO0430HQIU/,/rodent-donors/IGVFDO5177QEWF/,/rodent-donors/IGVFDO7951JDSP/,/rodent-donors/IGVFDO2292YGGE/,/rodent-donors/IGVFDO2106EEWB/,/rodent-donors/IGVFDO7007WBAX/,/rodent-donors/IGVFDO8322VYDU/,/rodent-donors/IGVFDO6614NNPY/,/rodent-donors/IGVFDO9199TPBC/,/rodent-donors/IGVFDO9560CEGZ/,/rodent-donors/IGVFDO5539RLXJ/,/rodent-donors/IGVFDO7254QNQZ/,/rodent-donors/IGVFDO1744FDIX/,/rodent-donors/IGVFDO4788BIQB/,/rodent-donors/IGVFDO8152XDDC/,/rodent-donors/IGVFDO7610XXRR/,/rodent-donors/IGVFDO9374WXKK/,/rodent-donors/IGVFDO3655FKMR/,/rodent-donors/IGVFDO3662UKFW/,/rodent-donors/IGVFDO3207TERA/,/rodent-donors/IGVFDO2301HIUQ/,/rodent-donors/IGVFDO5502NJPS/,/rodent-donors/IGVFDO3762EAWT/",/labs/ali-mortazavi/,/awards/HG012077/,/assay-terms/OBI_0003109/,Parse SPLiT-seq,"https://www.protocols.io/view/evercode-single-index-pcr-5jyl82k9rl2w/v1, https://www.protocols.io/view/evercode-wt-mega-v2-2-1-8epv5xxrng1b/v1, https://www.protocols.io/view/protocol-to-isolate-and-fix-nuclei-from-flash-froz-14egn334ml5d/v2, https://www.protocols.io/view/protocol-to-isolate-and-fix-nuclei-from-flash-froz-81wgbxzdylpk/v2",mRNA enriched,single-nucleus RNA sequencing assay (Parse SPLiT-seq),Mus musculus,
/measurement-sets/IGVFDS8285ZBBZ/,IGVFDS8285ZBBZ,b4e031b2-a955-4323-8312-c3cdb14d4cd3,ali-mortazavi:009_67B_illumina,3,009,Adrenal gland,Kidney,/multiplexed-samples/IGVFSM2763CYLD/,"/rodent-donors/IGVFDO4469VYEZ/,/rodent-donors/IGVFDO6066JIEJ/,/rodent-donors/IGVFDO1477BPVO/,/rodent-donors/IGVFDO2106EEWB/,/rodent-donors/IGVFDO0813DZTW/,/rodent-donors/IGVFDO5183UZGS/,/rodent-donors/IGVFDO2301HIUQ/,/rodent-donors/IGVFDO4707SGWM/,/rodent-donors/IGVFDO2319OUEC/,/rodent-donors/IGVFDO2645GUSC/,/rodent-donors/IGVFDO3534MDFF/,/rodent-donors/IGVFDO2831PZHE/,/rodent-donors/IGVFDO5177QEWF/,/rodent-donors/IGVFDO7957DMLJ/,/rodent-donors/IGVFDO4725SNCJ/,/rodent-donors/IGVFDO7254QNQZ/,/rodent-donors/IGVFDO9142EUBJ/,/rodent-donors/IGVFDO1643VEDI/,/rodent-donors/IGVFDO9340WGNV/,/rodent-donors/IGVFDO9560CEGZ/,/rodent-donors/IGVFDO0681EHNP/,/rodent-donors/IGVFDO9202WGJZ/,/rodent-donors/IGVFDO7007WBAX/,/rodent-donors/IGVFDO7255VZBN/,/rodent-donors/IGVFDO9374WXKK/,/rodent-donors/IGVFDO8322VYDU/,/rodent-donors/IGVFDO5502NJPS/,/rodent-donors/IGVFDO5085MJSP/,/rodent-donors/IGVFDO4788BIQB/,/rodent-donors/IGVFDO5523UFUN/,/rodent-donors/IGVFDO6607QZPA/,/rodent-donors/IGVFDO7610XXRR/,/rodent-donors/IGVFDO2753JGYS/,/rodent-donors/IGVFDO1744FDIX/,/rodent-donors/IGVFDO3436ZMLY/,/rodent-donors/IGVFDO3655FKMR/,/rodent-donors/IGVFDO8904OIIT/,/rodent-donors/IGVFDO2292YGGE/,/rodent-donors/IGVFDO9510ILZG/,/rodent-donors/IGVFDO7062NBTQ/,/rodent-donors/IGVFDO3603MEIO/,/rodent-donors/IGVFDO9199TPBC/,/rodent-donors/IGVFDO0751WQHI/,/rodent-donors/IGVFDO6112GRYR/,/rodent-donors/IGVFDO1452VDIT/,/rodent-donors/IGVFDO6141KSSQ/,/rodent-donors/IGVFDO8152XDDC/,/rodent-donors/IGVFDO7951JDSP/,/rodent-donors/IGVFDO5539RLXJ/,/rodent-donors/IGVFDO0853BCOL/,/rodent-donors/IGVFDO0696DMIA/,/rodent-donors/IGVFDO8958JQIY/,/rodent-donors/IGVFDO0624KKTV/,/rodent-donors/IGVFDO3762EAWT/,/rodent-donors/IGVFDO6219LVKW/,/rodent-donors/IGVFDO0026YRCR/,/rodent-donors/IGVFDO3207TERA/,/rodent-donors/IGVFDO5872DFML/,/rodent-donors/IGVFDO5737FRWD/,/rodent-donors/IGVFDO6614NNPY/,/rodent-donors/IGVFDO9890MXGN/,/rodent-donors/IGVFDO0430HQIU/,/rodent-donors/IGVFDO5258MBVH/,/rodent-donors/IGVFDO3662UKFW/,/rodent-donors/IGVFDO3640WUBU/",/labs/ali-mortazavi/,/awards/HG012077/,/assay-terms/OBI_0003109/,Parse SPLiT-seq,"https://www.protocols.io/view/evercode-single-index-pcr-5jyl82k9rl2w/v1, https://www.protocols.io/view/evercode-wt-mega-v2-2-1-8epv5xxrng1b/v1, https://www.protocols.io/view/protocol-to-isolate-and-fix-nuclei-from-flash-froz-14egn334ml5d/v2, https://www.protocols.io/view/protocol-to-isolate-and-fix-nuclei-from-flash-froz-81wgbxzdylpk/v2",mRNA enriched,single-nucleus RNA sequencing assay (Parse SPLiT-seq),Mus musculus,
/measurement-sets/IGVFDS8517BJPP/,IGVFDS8517BJPP,7c5ecd04-32ae-4871-8d7d-10b675401afc,ali-mortazavi:009_67C_illumina,4,009,Adrenal gland,Kidney,/multiplexed-samples/IGVFSM5040DLXV/,"/rodent-donors/IGVFDO4469VYEZ/,/rodent-donors/IGVFDO6066JIEJ/,/rodent-donors/IGVFDO1477BPVO/,/rodent-donors/IGVFDO2106EEWB/,/rodent-donors/IGVFDO0813DZTW/,/rodent-donors/IGVFDO5183UZGS/,/rodent-donors/IGVFDO2301HIUQ/,/rodent-donors/IGVFDO4707SGWM/,/rodent-donors/IGVFDO2319OUEC/,/rodent-donors/IGVFDO2645GUSC/,/rodent-donors/IGVFDO3534MDFF/,/rodent-donors/IGVFDO2831PZHE/,/rodent-donors/IGVFDO5177QEWF/,/rodent-donors/IGVFDO7957DMLJ/,/rodent-donors/IGVFDO4725SNCJ/,/rodent-donors/IGVFDO7254QNQZ/,/rodent-donors/IGVFDO9142EUBJ/,/rodent-donors/IGVFDO1643VEDI/,/rodent-donors/IGVFDO9340WGNV/,/rodent-donors/IGVFDO9560CEGZ/,/rodent-donors/IGVFDO0681EHNP/,/rodent-donors/IGVFDO9202WGJZ/,/rodent-donors/IGVFDO7007WBAX/,/rodent-donors/IGVFDO7255VZBN/,/rodent-donors/IGVFDO9374WXKK/,/rodent-donors/IGVFDO8322VYDU/,/rodent-donors/IGVFDO5502NJPS/,/rodent-donors/IGVFDO5085MJSP/,/rodent-donors/IGVFDO4788BIQB/,/rodent-donors/IGVFDO5523UFUN/,/rodent-donors/IGVFDO6607QZPA/,/rodent-donors/IGVFDO7610XXRR/,/rodent-donors/IGVFDO2753JGYS/,/rodent-donors/IGVFDO1744FDIX/,/rodent-donors/IGVFDO3436ZMLY/,/rodent-donors/IGVFDO3655FKMR/,/rodent-donors/IGVFDO8904OIIT/,/rodent-donors/IGVFDO2292YGGE/,/rodent-donors/IGVFDO9510ILZG/,/rodent-donors/IGVFDO7062NBTQ/,/rodent-donors/IGVFDO3603MEIO/,/rodent-donors/IGVFDO9199TPBC/,/rodent-donors/IGVFDO0751WQHI/,/rodent-donors/IGVFDO6112GRYR/,/rodent-donors/IGVFDO1452VDIT/,/rodent-donors/IGVFDO6141KSSQ/,/rodent-donors/IGVFDO8152XDDC/,/rodent-donors/IGVFDO7951JDSP/,/rodent-donors/IGVFDO5539RLXJ/,/rodent-donors/IGVFDO0853BCOL/,/rodent-donors/IGVFDO0696DMIA/,/rodent-donors/IGVFDO8958JQIY/,/rodent-donors/IGVFDO0624KKTV/,/rodent-donors/IGVFDO3762EAWT/,/rodent-donors/IGVFDO6219LVKW/,/rodent-donors/IGVFDO0026YRCR/,/rodent-donors/IGVFDO3207TERA/,/rodent-donors/IGVFDO5872DFML/,/rodent-donors/IGVFDO5737FRWD/,/rodent-donors/IGVFDO6614NNPY/,/rodent-donors/IGVFDO9890MXGN/,/rodent-donors/IGVFDO0430HQIU/,/rodent-donors/IGVFDO5258MBVH/,/rodent-donors/IGVFDO3662UKFW/,/rodent-donors/IGVFDO3640WUBU/",/labs/ali-mortazavi/,/awards/HG012077/,/assay-terms/OBI_0003109/,Parse SPLiT-seq,"https://www.protocols.io/view/evercode-single-index-pcr-5jyl82k9rl2w/v1, https://www.protocols.io/view/evercode-wt-mega-v2-2-1-8epv5xxrng1b/v1, https://www.protocols.io/view/protocol-to-isolate-and-fix-nuclei-from-flash-froz-14egn334ml5d/v2, https://www.protocols.io/view/protocol-to-isolate-and-fix-nuclei-from-flash-froz-81wgbxzdylpk/v2",mRNA enriched,single-nucleus RNA sequencing assay (Parse SPLiT-seq),Mus musculus,
/measurement-sets/IGVFDS5934LTVM/,IGVFDS5934LTVM,9163687f-58ec-46d9-a019-7333a0ff2813,ali-mortazavi:009_67D_illumina,5,009,Adrenal gland,Kidney,/multiplexed-samples/IGVFSM1354VRSV/,"/rodent-donors/IGVFDO2831PZHE/,/rodent-donors/IGVFDO5258MBVH/,/rodent-donors/IGVFDO9340WGNV/,/rodent-donors/IGVFDO6141KSSQ/,/rodent-donors/IGVFDO3640WUBU/,/rodent-donors/IGVFDO5085MJSP/,/rodent-donors/IGVFDO9202WGJZ/,/rodent-donors/IGVFDO9890MXGN/,/rodent-donors/IGVFDO5872DFML/,/rodent-donors/IGVFDO4469VYEZ/,/rodent-donors/IGVFDO7957DMLJ/,/rodent-donors/IGVFDO0624KKTV/,/rodent-donors/IGVFDO1452VDIT/,/rodent-donors/IGVFDO0813DZTW/,/rodent-donors/IGVFDO0751WQHI/,/rodent-donors/IGVFDO5183UZGS/,/rodent-donors/IGVFDO0696DMIA/,/rodent-donors/IGVFDO6112GRYR/,/rodent-donors/IGVFDO9510ILZG/,/rodent-donors/IGVFDO9142EUBJ/,/rodent-donors/IGVFDO3603MEIO/,/rodent-donors/IGVFDO7062NBTQ/,/rodent-donors/IGVFDO7255VZBN/,/rodent-donors/IGVFDO5737FRWD/,/rodent-donors/IGVFDO1477BPVO/,/rodent-donors/IGVFDO0681EHNP/,/rodent-donors/IGVFDO3436ZMLY/,/rodent-donors/IGVFDO3534MDFF/,/rodent-donors/IGVFDO4725SNCJ/,/rodent-donors/IGVFDO6607QZPA/,/rodent-donors/IGVFDO0853BCOL/,/rodent-donors/IGVFDO8958JQIY/,/rodent-donors/IGVFDO8904OIIT/,/rodent-donors/IGVFDO2645GUSC/,/rodent-donors/IGVFDO2319OUEC/,/rodent-donors/IGVFDO0026YRCR/,/rodent-donors/IGVFDO2753JGYS/,/rodent-donors/IGVFDO5523UFUN/,/rodent-donors/IGVFDO6219LVKW/,/rodent-donors/IGVFDO1643VEDI/,/rodent-donors/IGVFDO4707SGWM/,/rodent-donors/IGVFDO6066JIEJ/,/rodent-donors/IGVFDO0430HQIU/,/rodent-donors/IGVFDO5177QEWF/,/rodent-donors/IGVFDO7951JDSP/,/rodent-donors/IGVFDO2292YGGE/,/rodent-donors/IGVFDO2106EEWB/,/rodent-donors/IGVFDO7007WBAX/,/rodent-donors/IGVFDO8322VYDU/,/rodent-donors/IGVFDO6614NNPY/,/rodent-donors/IGVFDO9199TPBC/,/rodent-donors/IGVFDO9560CEGZ/,/rodent-donors/IGVFDO5539RLXJ/,/rodent-donors/IGVFDO7254QNQZ/,/rodent-donors/IGVFDO1744FDIX/,/rodent-donors/IGVFDO4788BIQB/,/rodent-donors/IGVFDO8152XDDC/,/rodent-donors/IGVFDO7610XXRR/,/rodent-donors/IGVFDO9374WXKK/,/rodent-donors/IGVFDO3655FKMR/,/rodent-donors/IGVFDO3662UKFW/,/rodent-donors/IGVFDO3207TERA/,/rodent-donors/IGVFDO2301HIUQ/,/rodent-donors/IGVFDO5502NJPS/,/rodent-donors/IGVFDO3762EAWT/",/labs/ali-mortazavi/,/awards/HG012077/,/assay-terms/OBI_0003109/,Parse SPLiT-seq,"https://www.protocols.io/view/evercode-single-index-pcr-5jyl82k9rl2w/v1, https://www.protocols.io/view/evercode-wt-mega-v2-2-1-8epv5xxrng1b/v1, https://www.protocols.io/view/protocol-to-isolate-and-fix-nuclei-from-flash-froz-14egn334ml5d/v2, https://www.protocols.io/view/protocol-to-isolate-and-fix-nuclei-from-flash-froz-81wgbxzdylpk/v2",mRNA enriched,single-nucleus RNA sequencing assay (Parse SPLiT-seq),Mus musculus,
/measurement-sets/IGVFDS4993AQUF/,IGVFDS4993AQUF,70a2fbe0-ac59-4c7f-860e-82046bf8f824,ali-mortazavi:009_67E_illumina,6,009,Adrenal gland,Kidney,/multiplexed-samples/IGVFSM4177UWKS/,"/rodent-donors/IGVFDO4469VYEZ/,/rodent-donors/IGVFDO6066JIEJ/,/rodent-donors/IGVFDO1477BPVO/,/rodent-donors/IGVFDO2106EEWB/,/rodent-donors/IGVFDO0813DZTW/,/rodent-donors/IGVFDO5183UZGS/,/rodent-donors/IGVFDO2301HIUQ/,/rodent-donors/IGVFDO4707SGWM/,/rodent-donors/IGVFDO2319OUEC/,/rodent-donors/IGVFDO2645GUSC/,/rodent-donors/IGVFDO3534MDFF/,/rodent-donors/IGVFDO2831PZHE/,/rodent-donors/IGVFDO5177QEWF/,/rodent-donors/IGVFDO7957DMLJ/,/rodent-donors/IGVFDO4725SNCJ/,/rodent-donors/IGVFDO7254QNQZ/,/rodent-donors/IGVFDO9142EUBJ/,/rodent-donors/IGVFDO1643VEDI/,/rodent-donors/IGVFDO9340WGNV/,/rodent-donors/IGVFDO9560CEGZ/,/rodent-donors/IGVFDO0681EHNP/,/rodent-donors/IGVFDO9202WGJZ/,/rodent-donors/IGVFDO7007WBAX/,/rodent-donors/IGVFDO7255VZBN/,/rodent-donors/IGVFDO9374WXKK/,/rodent-donors/IGVFDO8322VYDU/,/rodent-donors/IGVFDO5502NJPS/,/rodent-donors/IGVFDO5085MJSP/,/rodent-donors/IGVFDO4788BIQB/,/rodent-donors/IGVFDO5523UFUN/,/rodent-donors/IGVFDO6607QZPA/,/rodent-donors/IGVFDO7610XXRR/,/rodent-donors/IGVFDO2753JGYS/,/rodent-donors/IGVFDO1744FDIX/,/rodent-donors/IGVFDO3436ZMLY/,/rodent-donors/IGVFDO3655FKMR/,/rodent-donors/IGVFDO8904OIIT/,/rodent-donors/IGVFDO2292YGGE/,/rodent-donors/IGVFDO9510ILZG/,/rodent-donors/IGVFDO7062NBTQ/,/rodent-donors/IGVFDO3603MEIO/,/rodent-donors/IGVFDO9199TPBC/,/rodent-donors/IGVFDO0751WQHI/,/rodent-donors/IGVFDO6112GRYR/,/rodent-donors/IGVFDO1452VDIT/,/rodent-donors/IGVFDO6141KSSQ/,/rodent-donors/IGVFDO8152XDDC/,/rodent-donors/IGVFDO7951JDSP/,/rodent-donors/IGVFDO5539RLXJ/,/rodent-donors/IGVFDO0853BCOL/,/rodent-donors/IGVFDO0696DMIA/,/rodent-donors/IGVFDO8958JQIY/,/rodent-donors/IGVFDO0624KKTV/,/rodent-donors/IGVFDO3762EAWT/,/rodent-donors/IGVFDO6219LVKW/,/rodent-donors/IGVFDO0026YRCR/,/rodent-donors/IGVFDO3207TERA/,/rodent-donors/IGVFDO5872DFML/,/rodent-donors/IGVFDO5737FRWD/,/rodent-donors/IGVFDO6614NNPY/,/rodent-donors/IGVFDO9890MXGN/,/rodent-donors/IGVFDO0430HQIU/,/rodent-donors/IGVFDO5258MBVH/,/rodent-donors/IGVFDO3662UKFW/,/rodent-donors/IGVFDO3640WUBU/",/labs/ali-mortazavi/,/awards/HG012077/,/assay-terms/OBI_0003109/,Parse SPLiT-seq,"https://www.protocols.io/view/evercode-single-index-pcr-5jyl82k9rl2w/v1, https://www.protocols.io/view/evercode-wt-mega-v2-2-1-8epv5xxrng1b/v1, https://www.protocols.io/view/protocol-to-isolate-and-fix-nuclei-from-flash-froz-14egn334ml5d/v2, https://www.protocols.io/view/protocol-to-isolate-and-fix-nuclei-from-flash-froz-81wgbxzdylpk/v2",mRNA enriched,single-nucleus RNA sequencing assay (Parse SPLiT-seq),Mus musculus,
/measurement-sets/IGVFDS7019WXPW/,IGVFDS7019WXPW,be3f93a6-9a31-4023-b1e3-be263b30f17f,ali-mortazavi:009_67F_illumina,7,009,Adrenal gland,Kidney,/multiplexed-samples/IGVFSM9250IOWY/,"/rodent-donors/IGVFDO2831PZHE/,/rodent-donors/IGVFDO5258MBVH/,/rodent-donors/IGVFDO9340WGNV/,/rodent-donors/IGVFDO6141KSSQ/,/rodent-donors/IGVFDO3640WUBU/,/rodent-donors/IGVFDO5085MJSP/,/rodent-donors/IGVFDO9202WGJZ/,/rodent-donors/IGVFDO9890MXGN/,/rodent-donors/IGVFDO5872DFML/,/rodent-donors/IGVFDO4469VYEZ/,/rodent-donors/IGVFDO7957DMLJ/,/rodent-donors/IGVFDO0624KKTV/,/rodent-donors/IGVFDO1452VDIT/,/rodent-donors/IGVFDO0813DZTW/,/rodent-donors/IGVFDO0751WQHI/,/rodent-donors/IGVFDO5183UZGS/,/rodent-donors/IGVFDO0696DMIA/,/rodent-donors/IGVFDO6112GRYR/,/rodent-donors/IGVFDO9510ILZG/,/rodent-donors/IGVFDO9142EUBJ/,/rodent-donors/IGVFDO3603MEIO/,/rodent-donors/IGVFDO7062NBTQ/,/rodent-donors/IGVFDO7255VZBN/,/rodent-donors/IGVFDO5737FRWD/,/rodent-donors/IGVFDO1477BPVO/,/rodent-donors/IGVFDO0681EHNP/,/rodent-donors/IGVFDO3436ZMLY/,/rodent-donors/IGVFDO3534MDFF/,/rodent-donors/IGVFDO4725SNCJ/,/rodent-donors/IGVFDO6607QZPA/,/rodent-donors/IGVFDO0853BCOL/,/rodent-donors/IGVFDO8958JQIY/,/rodent-donors/IGVFDO8904OIIT/,/rodent-donors/IGVFDO2645GUSC/,/rodent-donors/IGVFDO2319OUEC/,/rodent-donors/IGVFDO0026YRCR/,/rodent-donors/IGVFDO2753JGYS/,/rodent-donors/IGVFDO5523UFUN/,/rodent-donors/IGVFDO6219LVKW/,/rodent-donors/IGVFDO1643VEDI/,/rodent-donors/IGVFDO4707SGWM/,/rodent-donors/IGVFDO6066JIEJ/,/rodent-donors/IGVFDO0430HQIU/,/rodent-donors/IGVFDO5177QEWF/,/rodent-donors/IGVFDO7951JDSP/,/rodent-donors/IGVFDO2292YGGE/,/rodent-donors/IGVFDO2106EEWB/,/rodent-donors/IGVFDO7007WBAX/,/rodent-donors/IGVFDO8322VYDU/,/rodent-donors/IGVFDO6614NNPY/,/rodent-donors/IGVFDO9199TPBC/,/rodent-donors/IGVFDO9560CEGZ/,/rodent-donors/IGVFDO5539RLXJ/,/rodent-donors/IGVFDO7254QNQZ/,/rodent-donors/IGVFDO1744FDIX/,/rodent-donors/IGVFDO4788BIQB/,/rodent-donors/IGVFDO8152XDDC/,/rodent-donors/IGVFDO7610XXRR/,/rodent-donors/IGVFDO9374WXKK/,/rodent-donors/IGVFDO3655FKMR/,/rodent-donors/IGVFDO3662UKFW/,/rodent-donors/IGVFDO3207TERA/,/rodent-donors/IGVFDO2301HIUQ/,/rodent-donors/IGVFDO5502NJPS/,/rodent-donors/IGVFDO3762EAWT/",/labs/ali-mortazavi/,/awards/HG012077/,/assay-terms/OBI_0003109/,Parse SPLiT-seq,"https://www.protocols.io/view/evercode-single-index-pcr-5jyl82k9rl2w/v1, https://www.protocols.io/view/evercode-wt-mega-v2-2-1-8epv5xxrng1b/v1, https://www.protocols.io/view/protocol-to-isolate-and-fix-nuclei-from-flash-froz-14egn334ml5d/v2, https://www.protocols.io/view/protocol-to-isolate-and-fix-nuclei-from-flash-froz-81wgbxzdylpk/v2",mRNA enriched,single-nucleus RNA sequencing assay (Parse SPLiT-seq),Mus musculus,
/measurement-sets/IGVFDS2794LUBH/,IGVFDS2794LUBH,5772d3c9-375b-4784-af11-4315aa5f6216,ali-mortazavi:009_67G_illumina,8,009,Adrenal gland,Kidney,/multiplexed-samples/IGVFSM4527KYNB/,"/rodent-donors/IGVFDO2831PZHE/,/rodent-donors/IGVFDO5258MBVH/,/rodent-donors/IGVFDO9340WGNV/,/rodent-donors/IGVFDO6141KSSQ/,/rodent-donors/IGVFDO3640WUBU/,/rodent-donors/IGVFDO5085MJSP/,/rodent-donors/IGVFDO9202WGJZ/,/rodent-donors/IGVFDO9890MXGN/,/rodent-donors/IGVFDO5872DFML/,/rodent-donors/IGVFDO4469VYEZ/,/rodent-donors/IGVFDO7957DMLJ/,/rodent-donors/IGVFDO0624KKTV/,/rodent-donors/IGVFDO1452VDIT/,/rodent-donors/IGVFDO0813DZTW/,/rodent-donors/IGVFDO0751WQHI/,/rodent-donors/IGVFDO5183UZGS/,/rodent-donors/IGVFDO0696DMIA/,/rodent-donors/IGVFDO6112GRYR/,/rodent-donors/IGVFDO9510ILZG/,/rodent-donors/IGVFDO9142EUBJ/,/rodent-donors/IGVFDO3603MEIO/,/rodent-donors/IGVFDO7062NBTQ/,/rodent-donors/IGVFDO7255VZBN/,/rodent-donors/IGVFDO5737FRWD/,/rodent-donors/IGVFDO1477BPVO/,/rodent-donors/IGVFDO0681EHNP/,/rodent-donors/IGVFDO3436ZMLY/,/rodent-donors/IGVFDO3534MDFF/,/rodent-donors/IGVFDO4725SNCJ/,/rodent-donors/IGVFDO6607QZPA/,/rodent-donors/IGVFDO0853BCOL/,/rodent-donors/IGVFDO8958JQIY/,/rodent-donors/IGVFDO8904OIIT/,/rodent-donors/IGVFDO2645GUSC/,/rodent-donors/IGVFDO2319OUEC/,/rodent-donors/IGVFDO0026YRCR/,/rodent-donors/IGVFDO2753JGYS/,/rodent-donors/IGVFDO5523UFUN/,/rodent-donors/IGVFDO6219LVKW/,/rodent-donors/IGVFDO1643VEDI/,/rodent-donors/IGVFDO4707SGWM/,/rodent-donors/IGVFDO6066JIEJ/,/rodent-donors/IGVFDO0430HQIU/,/rodent-donors/IGVFDO5177QEWF/,/rodent-donors/IGVFDO7951JDSP/,/rodent-donors/IGVFDO2292YGGE/,/rodent-donors/IGVFDO2106EEWB/,/rodent-donors/IGVFDO7007WBAX/,/rodent-donors/IGVFDO8322VYDU/,/rodent-donors/IGVFDO6614NNPY/,/rodent-donors/IGVFDO9199TPBC/,/rodent-donors/IGVFDO9560CEGZ/,/rodent-donors/IGVFDO5539RLXJ/,/rodent-donors/IGVFDO7254QNQZ/,/rodent-donors/IGVFDO1744FDIX/,/rodent-donors/IGVFDO4788BIQB/,/rodent-donors/IGVFDO8152XDDC/,/rodent-donors/IGVFDO7610XXRR/,/rodent-donors/IGVFDO9374WXKK/,/rodent-donors/IGVFDO3655FKMR/,/rodent-donors/IGVFDO3662UKFW/,/rodent-donors/IGVFDO3207TERA/,/rodent-donors/IGVFDO2301HIUQ/,/rodent-donors/IGVFDO5502NJPS/,/rodent-donors/IGVFDO3762EAWT/",/labs/ali-mortazavi/,/awards/HG012077/,/assay-terms/OBI_0003109/,Parse SPLiT-seq,"https://www.protocols.io/view/evercode-single-index-pcr-5jyl82k9rl2w/v1, https://www.protocols.io/view/evercode-wt-mega-v2-2-1-8epv5xxrng1b/v1, https://www.protocols.io/view/protocol-to-isolate-and-fix-nuclei-from-flash-froz-14egn334ml5d/v2, https://www.protocols.io/view/protocol-to-isolate-and-fix-nuclei-from-flash-froz-81wgbxzdylpk/v2",mRNA enriched,single-nucleus RNA sequencing assay (Parse SPLiT-seq),Mus musculus,
/measurement-sets/IGVFDS6986CTKT/,IGVFDS6986CTKT,1eb1d863-620f-4c04-afff-319fba7c3cdb,ali-mortazavi:009_67H_illumina,9,009,Adrenal gland,Kidney,/multiplexed-samples/IGVFSM2096VJSO/,"/rodent-donors/IGVFDO4469VYEZ/,/rodent-donors/IGVFDO6066JIEJ/,/rodent-donors/IGVFDO1477BPVO/,/rodent-donors/IGVFDO2106EEWB/,/rodent-donors/IGVFDO0813DZTW/,/rodent-donors/IGVFDO5183UZGS/,/rodent-donors/IGVFDO2301HIUQ/,/rodent-donors/IGVFDO4707SGWM/,/rodent-donors/IGVFDO2319OUEC/,/rodent-donors/IGVFDO2645GUSC/,/rodent-donors/IGVFDO3534MDFF/,/rodent-donors/IGVFDO2831PZHE/,/rodent-donors/IGVFDO5177QEWF/,/rodent-donors/IGVFDO7957DMLJ/,/rodent-donors/IGVFDO4725SNCJ/,/rodent-donors/IGVFDO7254QNQZ/,/rodent-donors/IGVFDO9142EUBJ/,/rodent-donors/IGVFDO1643VEDI/,/rodent-donors/IGVFDO9340WGNV/,/rodent-donors/IGVFDO9560CEGZ/,/rodent-donors/IGVFDO0681EHNP/,/rodent-donors/IGVFDO9202WGJZ/,/rodent-donors/IGVFDO7007WBAX/,/rodent-donors/IGVFDO7255VZBN/,/rodent-donors/IGVFDO9374WXKK/,/rodent-donors/IGVFDO8322VYDU/,/rodent-donors/IGVFDO5502NJPS/,/rodent-donors/IGVFDO5085MJSP/,/rodent-donors/IGVFDO4788BIQB/,/rodent-donors/IGVFDO5523UFUN/,/rodent-donors/IGVFDO6607QZPA/,/rodent-donors/IGVFDO7610XXRR/,/rodent-donors/IGVFDO2753JGYS/,/rodent-donors/IGVFDO1744FDIX/,/rodent-donors/IGVFDO3436ZMLY/,/rodent-donors/IGVFDO3655FKMR/,/rodent-donors/IGVFDO8904OIIT/,/rodent-donors/IGVFDO2292YGGE/,/rodent-donors/IGVFDO9510ILZG/,/rodent-donors/IGVFDO7062NBTQ/,/rodent-donors/IGVFDO3603MEIO/,/rodent-donors/IGVFDO9199TPBC/,/rodent-donors/IGVFDO0751WQHI/,/rodent-donors/IGVFDO6112GRYR/,/rodent-donors/IGVFDO1452VDIT/,/rodent-donors/IGVFDO6141KSSQ/,/rodent-donors/IGVFDO8152XDDC/,/rodent-donors/IGVFDO7951JDSP/,/rodent-donors/IGVFDO5539RLXJ/,/rodent-donors/IGVFDO0853BCOL/,/rodent-donors/IGVFDO0696DMIA/,/rodent-donors/IGVFDO8958JQIY/,/rodent-donors/IGVFDO0624KKTV/,/rodent-donors/IGVFDO3762EAWT/,/rodent-donors/IGVFDO6219LVKW/,/rodent-donors/IGVFDO0026YRCR/,/rodent-donors/IGVFDO3207TERA/,/rodent-donors/IGVFDO5872DFML/,/rodent-donors/IGVFDO5737FRWD/,/rodent-donors/IGVFDO6614NNPY/,/rodent-donors/IGVFDO9890MXGN/,/rodent-donors/IGVFDO0430HQIU/,/rodent-donors/IGVFDO5258MBVH/,/rodent-donors/IGVFDO3662UKFW/,/rodent-donors/IGVFDO3640WUBU/",/labs/ali-mortazavi/,/awards/HG012077/,/assay-terms/OBI_0003109/,Parse SPLiT-seq,"https://www.protocols.io/view/evercode-single-index-pcr-5jyl82k9rl2w/v1, https://www.protocols.io/view/evercode-wt-mega-v2-2-1-8epv5xxrng1b/v1, https://www.protocols.io/view/protocol-to-isolate-and-fix-nuclei-from-flash-froz-14egn334ml5d/v2, https://www.protocols.io/view/protocol-to-isolate-and-fix-nuclei-from-flash-froz-81wgbxzdylpk/v2",mRNA enriched,single-nucleus RNA sequencing assay (Parse SPLiT-seq),Mus musculus,
/measurement-sets/IGVFDS1684WYLJ/,IGVFDS1684WYLJ,bef0baea-89a6-4fc8-a58b-7e68caa8aa2a,ali-mortazavi:009_67I_illumina,10,009,Adrenal gland,Kidney,/multiplexed-samples/IGVFSM0757RVYG/,"/rodent-donors/IGVFDO4469VYEZ/,/rodent-donors/IGVFDO6066JIEJ/,/rodent-donors/IGVFDO1477BPVO/,/rodent-donors/IGVFDO2106EEWB/,/rodent-donors/IGVFDO0813DZTW/,/rodent-donors/IGVFDO5183UZGS/,/rodent-donors/IGVFDO2301HIUQ/,/rodent-donors/IGVFDO4707SGWM/,/rodent-donors/IGVFDO2319OUEC/,/rodent-donors/IGVFDO2645GUSC/,/rodent-donors/IGVFDO3534MDFF/,/rodent-donors/IGVFDO2831PZHE/,/rodent-donors/IGVFDO5177QEWF/,/rodent-donors/IGVFDO7957DMLJ/,/rodent-donors/IGVFDO4725SNCJ/,/rodent-donors/IGVFDO7254QNQZ/,/rodent-donors/IGVFDO9142EUBJ/,/rodent-donors/IGVFDO1643VEDI/,/rodent-donors/IGVFDO9340WGNV/,/rodent-donors/IGVFDO9560CEGZ/,/rodent-donors/IGVFDO0681EHNP/,/rodent-donors/IGVFDO9202WGJZ/,/rodent-donors/IGVFDO7007WBAX/,/rodent-donors/IGVFDO7255VZBN/,/rodent-donors/IGVFDO9374WXKK/,/rodent-donors/IGVFDO8322VYDU/,/rodent-donors/IGVFDO5502NJPS/,/rodent-donors/IGVFDO5085MJSP/,/rodent-donors/IGVFDO4788BIQB/,/rodent-donors/IGVFDO5523UFUN/,/rodent-donors/IGVFDO6607QZPA/,/rodent-donors/IGVFDO7610XXRR/,/rodent-donors/IGVFDO2753JGYS/,/rodent-donors/IGVFDO1744FDIX/,/rodent-donors/IGVFDO3436ZMLY/,/rodent-donors/IGVFDO3655FKMR/,/rodent-donors/IGVFDO8904OIIT/,/rodent-donors/IGVFDO2292YGGE/,/rodent-donors/IGVFDO9510ILZG/,/rodent-donors/IGVFDO7062NBTQ/,/rodent-donors/IGVFDO3603MEIO/,/rodent-donors/IGVFDO9199TPBC/,/rodent-donors/IGVFDO0751WQHI/,/rodent-donors/IGVFDO6112GRYR/,/rodent-donors/IGVFDO1452VDIT/,/rodent-donors/IGVFDO6141KSSQ/,/rodent-donors/IGVFDO8152XDDC/,/rodent-donors/IGVFDO7951JDSP/,/rodent-donors/IGVFDO5539RLXJ/,/rodent-donors/IGVFDO0853BCOL/,/rodent-donors/IGVFDO0696DMIA/,/rodent-donors/IGVFDO8958JQIY/,/rodent-donors/IGVFDO0624KKTV/,/rodent-donors/IGVFDO3762EAWT/,/rodent-donors/IGVFDO6219LVKW/,/rodent-donors/IGVFDO0026YRCR/,/rodent-donors/IGVFDO3207TERA/,/rodent-donors/IGVFDO5872DFML/,/rodent-donors/IGVFDO5737FRWD/,/rodent-donors/IGVFDO6614NNPY/,/rodent-donors/IGVFDO9890MXGN/,/rodent-donors/IGVFDO0430HQIU/,/rodent-donors/IGVFDO5258MBVH/,/rodent-donors/IGVFDO3662UKFW/,/rodent-donors/IGVFDO3640WUBU/",/labs/ali-mortazavi/,/awards/HG012077/,/assay-terms/OBI_0003109/,Parse SPLiT-seq,"https://www.protocols.io/view/evercode-single-index-pcr-5jyl82k9rl2w/v1, https://www.protocols.io/view/evercode-wt-mega-v2-2-1-8epv5xxrng1b/v1, https://www.protocols.io/view/protocol-to-isolate-and-fix-nuclei-from-flash-froz-14egn334ml5d/v2, https://www.protocols.io/view/protocol-to-isolate-and-fix-nuclei-from-flash-froz-81wgbxzdylpk/v2",mRNA enriched,single-nucleus RNA sequencing assay (Parse SPLiT-seq),Mus musculus,
/measurement-sets/IGVFDS4176ROKL/,IGVFDS4176ROKL,5ebbe034-9d9e-434b-a04d-5a41da71c284,ali-mortazavi:009_67J_illumina,11,009,Adrenal gland,Kidney,/multiplexed-samples/IGVFSM1243KPHG/,"/rodent-donors/IGVFDO2831PZHE/,/rodent-donors/IGVFDO5258MBVH/,/rodent-donors/IGVFDO9340WGNV/,/rodent-donors/IGVFDO6141KSSQ/,/rodent-donors/IGVFDO3640WUBU/,/rodent-donors/IGVFDO5085MJSP/,/rodent-donors/IGVFDO9202WGJZ/,/rodent-donors/IGVFDO9890MXGN/,/rodent-donors/IGVFDO5872DFML/,/rodent-donors/IGVFDO4469VYEZ/,/rodent-donors/IGVFDO7957DMLJ/,/rodent-donors/IGVFDO0624KKTV/,/rodent-donors/IGVFDO1452VDIT/,/rodent-donors/IGVFDO0813DZTW/,/rodent-donors/IGVFDO0751WQHI/,/rodent-donors/IGVFDO5183UZGS/,/rodent-donors/IGVFDO0696DMIA/,/rodent-donors/IGVFDO6112GRYR/,/rodent-donors/IGVFDO9510ILZG/,/rodent-donors/IGVFDO9142EUBJ/,/rodent-donors/IGVFDO3603MEIO/,/rodent-donors/IGVFDO7062NBTQ/,/rodent-donors/IGVFDO7255VZBN/,/rodent-donors/IGVFDO5737FRWD/,/rodent-donors/IGVFDO1477BPVO/,/rodent-donors/IGVFDO0681EHNP/,/rodent-donors/IGVFDO3436ZMLY/,/rodent-donors/IGVFDO3534MDFF/,/rodent-donors/IGVFDO4725SNCJ/,/rodent-donors/IGVFDO6607QZPA/,/rodent-donors/IGVFDO0853BCOL/,/rodent-donors/IGVFDO8958JQIY/,/rodent-donors/IGVFDO8904OIIT/,/rodent-donors/IGVFDO2645GUSC/,/rodent-donors/IGVFDO2319OUEC/,/rodent-donors/IGVFDO0026YRCR/,/rodent-donors/IGVFDO2753JGYS/,/rodent-donors/IGVFDO5523UFUN/,/rodent-donors/IGVFDO6219LVKW/,/rodent-donors/IGVFDO1643VEDI/,/rodent-donors/IGVFDO4707SGWM/,/rodent-donors/IGVFDO6066JIEJ/,/rodent-donors/IGVFDO0430HQIU/,/rodent-donors/IGVFDO5177QEWF/,/rodent-donors/IGVFDO7951JDSP/,/rodent-donors/IGVFDO2292YGGE/,/rodent-donors/IGVFDO2106EEWB/,/rodent-donors/IGVFDO7007WBAX/,/rodent-donors/IGVFDO8322VYDU/,/rodent-donors/IGVFDO6614NNPY/,/rodent-donors/IGVFDO9199TPBC/,/rodent-donors/IGVFDO9560CEGZ/,/rodent-donors/IGVFDO5539RLXJ/,/rodent-donors/IGVFDO7254QNQZ/,/rodent-donors/IGVFDO1744FDIX/,/rodent-donors/IGVFDO4788BIQB/,/rodent-donors/IGVFDO8152XDDC/,/rodent-donors/IGVFDO7610XXRR/,/rodent-donors/IGVFDO9374WXKK/,/rodent-donors/IGVFDO3655FKMR/,/rodent-donors/IGVFDO3662UKFW/,/rodent-donors/IGVFDO3207TERA/,/rodent-donors/IGVFDO2301HIUQ/,/rodent-donors/IGVFDO5502NJPS/,/rodent-donors/IGVFDO3762EAWT/",/labs/ali-mortazavi/,/awards/HG012077/,/assay-terms/OBI_0003109/,Parse SPLiT-seq,"https://www.protocols.io/view/evercode-single-index-pcr-5jyl82k9rl2w/v1, https://www.protocols.io/view/evercode-wt-mega-v2-2-1-8epv5xxrng1b/v1, https://www.protocols.io/view/protocol-to-isolate-and-fix-nuclei-from-flash-froz-14egn334ml5d/v2, https://www.protocols.io/view/protocol-to-isolate-and-fix-nuclei-from-flash-froz-81wgbxzdylpk/v2",mRNA enriched,single-nucleus RNA sequencing assay (Parse SPLiT-seq),Mus musculus,
/measurement-sets/IGVFDS4540ZJSV/,IGVFDS4540ZJSV,df6bed88-deef-41d7-9635-279d59ca7bb6,ali-mortazavi:009_67K_illumina,12,009,Adrenal gland,Kidney,/multiplexed-samples/IGVFSM1192CTOQ/,"/rodent-donors/IGVFDO2831PZHE/,/rodent-donors/IGVFDO5258MBVH/,/rodent-donors/IGVFDO9340WGNV/,/rodent-donors/IGVFDO6141KSSQ/,/rodent-donors/IGVFDO3640WUBU/,/rodent-donors/IGVFDO5085MJSP/,/rodent-donors/IGVFDO9202WGJZ/,/rodent-donors/IGVFDO9890MXGN/,/rodent-donors/IGVFDO5872DFML/,/rodent-donors/IGVFDO4469VYEZ/,/rodent-donors/IGVFDO7957DMLJ/,/rodent-donors/IGVFDO0624KKTV/,/rodent-donors/IGVFDO1452VDIT/,/rodent-donors/IGVFDO0813DZTW/,/rodent-donors/IGVFDO0751WQHI/,/rodent-donors/IGVFDO5183UZGS/,/rodent-donors/IGVFDO0696DMIA/,/rodent-donors/IGVFDO6112GRYR/,/rodent-donors/IGVFDO9510ILZG/,/rodent-donors/IGVFDO9142EUBJ/,/rodent-donors/IGVFDO3603MEIO/,/rodent-donors/IGVFDO7062NBTQ/,/rodent-donors/IGVFDO7255VZBN/,/rodent-donors/IGVFDO5737FRWD/,/rodent-donors/IGVFDO1477BPVO/,/rodent-donors/IGVFDO0681EHNP/,/rodent-donors/IGVFDO3436ZMLY/,/rodent-donors/IGVFDO3534MDFF/,/rodent-donors/IGVFDO4725SNCJ/,/rodent-donors/IGVFDO6607QZPA/,/rodent-donors/IGVFDO0853BCOL/,/rodent-donors/IGVFDO8958JQIY/,/rodent-donors/IGVFDO8904OIIT/,/rodent-donors/IGVFDO2645GUSC/,/rodent-donors/IGVFDO2319OUEC/,/rodent-donors/IGVFDO0026YRCR/,/rodent-donors/IGVFDO2753JGYS/,/rodent-donors/IGVFDO5523UFUN/,/rodent-donors/IGVFDO6219LVKW/,/rodent-donors/IGVFDO1643VEDI/,/rodent-donors/IGVFDO4707SGWM/,/rodent-donors/IGVFDO6066JIEJ/,/rodent-donors/IGVFDO0430HQIU/,/rodent-donors/IGVFDO5177QEWF/,/rodent-donors/IGVFDO7951JDSP/,/rodent-donors/IGVFDO2292YGGE/,/rodent-donors/IGVFDO2106EEWB/,/rodent-donors/IGVFDO7007WBAX/,/rodent-donors/IGVFDO8322VYDU/,/rodent-donors/IGVFDO6614NNPY/,/rodent-donors/IGVFDO9199TPBC/,/rodent-donors/IGVFDO9560CEGZ/,/rodent-donors/IGVFDO5539RLXJ/,/rodent-donors/IGVFDO7254QNQZ/,/rodent-donors/IGVFDO1744FDIX/,/rodent-donors/IGVFDO4788BIQB/,/rodent-donors/IGVFDO8152XDDC/,/rodent-donors/IGVFDO7610XXRR/,/rodent-donors/IGVFDO9374WXKK/,/rodent-donors/IGVFDO3655FKMR/,/rodent-donors/IGVFDO3662UKFW/,/rodent-donors/IGVFDO3207TERA/,/rodent-donors/IGVFDO2301HIUQ/,/rodent-donors/IGVFDO5502NJPS/,/rodent-donors/IGVFDO3762EAWT/",/labs/ali-mortazavi/,/awards/HG012077/,/assay-terms/OBI_0003109/,Parse SPLiT-seq,"https://www.protocols.io/view/evercode-single-index-pcr-5jyl82k9rl2w/v1, https://www.protocols.io/view/evercode-wt-mega-v2-2-1-8epv5xxrng1b/v1, https://www.protocols.io/view/protocol-to-isolate-and-fix-nuclei-from-flash-froz-14egn334ml5d/v2, https://www.protocols.io/view/protocol-to-isolate-and-fix-nuclei-from-flash-froz-81wgbxzdylpk/v2",mRNA enriched,single-nucleus RNA sequencing assay (Parse SPLiT-seq),Mus musculus,
/measurement-sets/IGVFDS1851VUFY/,IGVFDS1851VUFY,ed7c73e1-aa4e-4783-b894-195dce056aed,ali-mortazavi:009_67L_illumina,13,009,Adrenal gland,Kidney,/multiplexed-samples/IGVFSM2329KREU/,"/rodent-donors/IGVFDO2831PZHE/,/rodent-donors/IGVFDO5258MBVH/,/rodent-donors/IGVFDO9340WGNV/,/rodent-donors/IGVFDO6141KSSQ/,/rodent-donors/IGVFDO3640WUBU/,/rodent-donors/IGVFDO5085MJSP/,/rodent-donors/IGVFDO9202WGJZ/,/rodent-donors/IGVFDO9890MXGN/,/rodent-donors/IGVFDO5872DFML/,/rodent-donors/IGVFDO4469VYEZ/,/rodent-donors/IGVFDO7957DMLJ/,/rodent-donors/IGVFDO0624KKTV/,/rodent-donors/IGVFDO1452VDIT/,/rodent-donors/IGVFDO0813DZTW/,/rodent-donors/IGVFDO0751WQHI/,/rodent-donors/IGVFDO5183UZGS/,/rodent-donors/IGVFDO0696DMIA/,/rodent-donors/IGVFDO6112GRYR/,/rodent-donors/IGVFDO9510ILZG/,/rodent-donors/IGVFDO9142EUBJ/,/rodent-donors/IGVFDO3603MEIO/,/rodent-donors/IGVFDO7062NBTQ/,/rodent-donors/IGVFDO7255VZBN/,/rodent-donors/IGVFDO5737FRWD/,/rodent-donors/IGVFDO1477BPVO/,/rodent-donors/IGVFDO0681EHNP/,/rodent-donors/IGVFDO3436ZMLY/,/rodent-donors/IGVFDO3534MDFF/,/rodent-donors/IGVFDO4725SNCJ/,/rodent-donors/IGVFDO6607QZPA/,/rodent-donors/IGVFDO0853BCOL/,/rodent-donors/IGVFDO8958JQIY/,/rodent-donors/IGVFDO8904OIIT/,/rodent-donors/IGVFDO2645GUSC/,/rodent-donors/IGVFDO2319OUEC/,/rodent-donors/IGVFDO0026YRCR/,/rodent-donors/IGVFDO2753JGYS/,/rodent-donors/IGVFDO5523UFUN/,/rodent-donors/IGVFDO6219LVKW/,/rodent-donors/IGVFDO1643VEDI/,/rodent-donors/IGVFDO4707SGWM/,/rodent-donors/IGVFDO6066JIEJ/,/rodent-donors/IGVFDO0430HQIU/,/rodent-donors/IGVFDO5177QEWF/,/rodent-donors/IGVFDO7951JDSP/,/rodent-donors/IGVFDO2292YGGE/,/rodent-donors/IGVFDO2106EEWB/,/rodent-donors/IGVFDO7007WBAX/,/rodent-donors/IGVFDO8322VYDU/,/rodent-donors/IGVFDO6614NNPY/,/rodent-donors/IGVFDO9199TPBC/,/rodent-donors/IGVFDO9560CEGZ/,/rodent-donors/IGVFDO5539RLXJ/,/rodent-donors/IGVFDO7254QNQZ/,/rodent-donors/IGVFDO1744FDIX/,/rodent-donors/IGVFDO4788BIQB/,/rodent-donors/IGVFDO8152XDDC/,/rodent-donors/IGVFDO7610XXRR/,/rodent-donors/IGVFDO9374WXKK/,/rodent-donors/IGVFDO3655FKMR/,/rodent-donors/IGVFDO3662UKFW/,/rodent-donors/IGVFDO3207TERA/,/rodent-donors/IGVFDO2301HIUQ/,/rodent-donors/IGVFDO5502NJPS/,/rodent-donors/IGVFDO3762EAWT/",/labs/ali-mortazavi/,/awards/HG012077/,/assay-terms/OBI_0003109/,Parse SPLiT-seq,"https://www.protocols.io/view/evercode-single-index-pcr-5jyl82k9rl2w/v1, https://www.protocols.io/view/evercode-wt-mega-v2-2-1-8epv5xxrng1b/v1, https://www.protocols.io/view/protocol-to-isolate-and-fix-nuclei-from-flash-froz-14egn334ml5d/v2, https://www.protocols.io/view/protocol-to-isolate-and-fix-nuclei-from-flash-froz-81wgbxzdylpk/v2",mRNA enriched,single-nucleus RNA sequencing assay (Parse SPLiT-seq),Mus musculus,
/measurement-sets/IGVFDS3643MTVJ/,IGVFDS3643MTVJ,f9b3e8a0-617b-4387-91ef-2cae9b62d0e9,ali-mortazavi:009_67M_illumina,14,009,Adrenal gland,Kidney,/multiplexed-samples/IGVFSM5833WIAF/,"/rodent-donors/IGVFDO2831PZHE/,/rodent-donors/IGVFDO5258MBVH/,/rodent-donors/IGVFDO9340WGNV/,/rodent-donors/IGVFDO6141KSSQ/,/rodent-donors/IGVFDO3640WUBU/,/rodent-donors/IGVFDO5085MJSP/,/rodent-donors/IGVFDO9202WGJZ/,/rodent-donors/IGVFDO9890MXGN/,/rodent-donors/IGVFDO5872DFML/,/rodent-donors/IGVFDO4469VYEZ/,/rodent-donors/IGVFDO7957DMLJ/,/rodent-donors/IGVFDO0624KKTV/,/rodent-donors/IGVFDO1452VDIT/,/rodent-donors/IGVFDO0813DZTW/,/rodent-donors/IGVFDO0751WQHI/,/rodent-donors/IGVFDO5183UZGS/,/rodent-donors/IGVFDO0696DMIA/,/rodent-donors/IGVFDO6112GRYR/,/rodent-donors/IGVFDO9510ILZG/,/rodent-donors/IGVFDO9142EUBJ/,/rodent-donors/IGVFDO3603MEIO/,/rodent-donors/IGVFDO7062NBTQ/,/rodent-donors/IGVFDO7255VZBN/,/rodent-donors/IGVFDO5737FRWD/,/rodent-donors/IGVFDO1477BPVO/,/rodent-donors/IGVFDO0681EHNP/,/rodent-donors/IGVFDO3436ZMLY/,/rodent-donors/IGVFDO3534MDFF/,/rodent-donors/IGVFDO4725SNCJ/,/rodent-donors/IGVFDO6607QZPA/,/rodent-donors/IGVFDO0853BCOL/,/rodent-donors/IGVFDO8958JQIY/,/rodent-donors/IGVFDO8904OIIT/,/rodent-donors/IGVFDO2645GUSC/,/rodent-donors/IGVFDO2319OUEC/,/rodent-donors/IGVFDO0026YRCR/,/rodent-donors/IGVFDO2753JGYS/,/rodent-donors/IGVFDO5523UFUN/,/rodent-donors/IGVFDO6219LVKW/,/rodent-donors/IGVFDO1643VEDI/,/rodent-donors/IGVFDO4707SGWM/,/rodent-donors/IGVFDO6066JIEJ/,/rodent-donors/IGVFDO0430HQIU/,/rodent-donors/IGVFDO5177QEWF/,/rodent-donors/IGVFDO7951JDSP/,/rodent-donors/IGVFDO2292YGGE/,/rodent-donors/IGVFDO2106EEWB/,/rodent-donors/IGVFDO7007WBAX/,/rodent-donors/IGVFDO8322VYDU/,/rodent-donors/IGVFDO6614NNPY/,/rodent-donors/IGVFDO9199TPBC/,/rodent-donors/IGVFDO9560CEGZ/,/rodent-donors/IGVFDO5539RLXJ/,/rodent-donors/IGVFDO7254QNQZ/,/rodent-donors/IGVFDO1744FDIX/,/rodent-donors/IGVFDO4788BIQB/,/rodent-donors/IGVFDO8152XDDC/,/rodent-donors/IGVFDO7610XXRR/,/rodent-donors/IGVFDO9374WXKK/,/rodent-donors/IGVFDO3655FKMR/,/rodent-donors/IGVFDO3662UKFW/,/rodent-donors/IGVFDO3207TERA/,/rodent-donors/IGVFDO2301HIUQ/,/rodent-donors/IGVFDO5502NJPS/,/rodent-donors/IGVFDO3762EAWT/",/labs/ali-mortazavi/,/awards/HG012077/,/assay-terms/OBI_0003109/,Parse SPLiT-seq,"https://www.protocols.io/view/evercode-single-index-pcr-5jyl82k9rl2w/v1, https://www.protocols.io/view/evercode-wt-mega-v2-2-1-8epv5xxrng1b/v1, https://www.protocols.io/view/protocol-to-isolate-and-fix-nuclei-from-flash-froz-14egn334ml5d/v2, https://www.protocols.io/view/protocol-to-isolate-and-fix-nuclei-from-flash-froz-81wgbxzdylpk/v2",mRNA enriched,single-nucleus RNA sequencing assay (Parse SPLiT-seq),Mus musculus,
/measurement-sets/IGVFDS7908VMTV/,IGVFDS7908VMTV,71463d67-1b75-4824-8e78-3baec59ddb34,ali-mortazavi:009_67N_illumina,15,009,Adrenal gland,Kidney,/multiplexed-samples/IGVFSM1137BDHM/,"/rodent-donors/IGVFDO2831PZHE/,/rodent-donors/IGVFDO5258MBVH/,/rodent-donors/IGVFDO9340WGNV/,/rodent-donors/IGVFDO6141KSSQ/,/rodent-donors/IGVFDO3640WUBU/,/rodent-donors/IGVFDO5085MJSP/,/rodent-donors/IGVFDO9202WGJZ/,/rodent-donors/IGVFDO9890MXGN/,/rodent-donors/IGVFDO5872DFML/,/rodent-donors/IGVFDO4469VYEZ/,/rodent-donors/IGVFDO7957DMLJ/,/rodent-donors/IGVFDO0624KKTV/,/rodent-donors/IGVFDO1452VDIT/,/rodent-donors/IGVFDO0813DZTW/,/rodent-donors/IGVFDO0751WQHI/,/rodent-donors/IGVFDO5183UZGS/,/rodent-donors/IGVFDO0696DMIA/,/rodent-donors/IGVFDO6112GRYR/,/rodent-donors/IGVFDO9510ILZG/,/rodent-donors/IGVFDO9142EUBJ/,/rodent-donors/IGVFDO3603MEIO/,/rodent-donors/IGVFDO7062NBTQ/,/rodent-donors/IGVFDO7255VZBN/,/rodent-donors/IGVFDO5737FRWD/,/rodent-donors/IGVFDO1477BPVO/,/rodent-donors/IGVFDO0681EHNP/,/rodent-donors/IGVFDO3436ZMLY/,/rodent-donors/IGVFDO3534MDFF/,/rodent-donors/IGVFDO4725SNCJ/,/rodent-donors/IGVFDO6607QZPA/,/rodent-donors/IGVFDO0853BCOL/,/rodent-donors/IGVFDO8958JQIY/,/rodent-donors/IGVFDO8904OIIT/,/rodent-donors/IGVFDO2645GUSC/,/rodent-donors/IGVFDO2319OUEC/,/rodent-donors/IGVFDO0026YRCR/,/rodent-donors/IGVFDO2753JGYS/,/rodent-donors/IGVFDO5523UFUN/,/rodent-donors/IGVFDO6219LVKW/,/rodent-donors/IGVFDO1643VEDI/,/rodent-donors/IGVFDO4707SGWM/,/rodent-donors/IGVFDO6066JIEJ/,/rodent-donors/IGVFDO0430HQIU/,/rodent-donors/IGVFDO5177QEWF/,/rodent-donors/IGVFDO7951JDSP/,/rodent-donors/IGVFDO2292YGGE/,/rodent-donors/IGVFDO2106EEWB/,/rodent-donors/IGVFDO7007WBAX/,/rodent-donors/IGVFDO8322VYDU/,/rodent-donors/IGVFDO6614NNPY/,/rodent-donors/IGVFDO9199TPBC/,/rodent-donors/IGVFDO9560CEGZ/,/rodent-donors/IGVFDO5539RLXJ/,/rodent-donors/IGVFDO7254QNQZ/,/rodent-donors/IGVFDO1744FDIX/,/rodent-donors/IGVFDO4788BIQB/,/rodent-donors/IGVFDO8152XDDC/,/rodent-donors/IGVFDO7610XXRR/,/rodent-donors/IGVFDO9374WXKK/,/rodent-donors/IGVFDO3655FKMR/,/rodent-donors/IGVFDO3662UKFW/,/rodent-donors/IGVFDO3207TERA/,/rodent-donors/IGVFDO2301HIUQ/,/rodent-donors/IGVFDO5502NJPS/,/rodent-donors/IGVFDO3762EAWT/",/labs/ali-mortazavi/,/awards/HG012077/,/assay-terms/OBI_0003109/,Parse SPLiT-seq,"https://www.protocols.io/view/evercode-single-index-pcr-5jyl82k9rl2w/v1, https://www.protocols.io/view/evercode-wt-mega-v2-2-1-8epv5xxrng1b/v1, https://www.protocols.io/view/protocol-to-isolate-and-fix-nuclei-from-flash-froz-14egn334ml5d/v2, https://www.protocols.io/view/protocol-to-isolate-and-fix-nuclei-from-flash-froz-81wgbxzdylpk/v2",mRNA enriched,single-nucleus RNA sequencing assay (Parse SPLiT-seq),Mus musculus,
/measurement-sets/IGVFDS9567UTEC/,IGVFDS9567UTEC,930903a3-75e2-43d5-89e1-6e2ed71c3c48,ali-mortazavi:009_67O_illumina,16,009,Adrenal gland,Kidney,/multiplexed-samples/IGVFSM9954PZQC/,"/rodent-donors/IGVFDO2831PZHE/,/rodent-donors/IGVFDO5258MBVH/,/rodent-donors/IGVFDO9340WGNV/,/rodent-donors/IGVFDO6141KSSQ/,/rodent-donors/IGVFDO3640WUBU/,/rodent-donors/IGVFDO5085MJSP/,/rodent-donors/IGVFDO9202WGJZ/,/rodent-donors/IGVFDO9890MXGN/,/rodent-donors/IGVFDO5872DFML/,/rodent-donors/IGVFDO4469VYEZ/,/rodent-donors/IGVFDO7957DMLJ/,/rodent-donors/IGVFDO0624KKTV/,/rodent-donors/IGVFDO1452VDIT/,/rodent-donors/IGVFDO0813DZTW/,/rodent-donors/IGVFDO0751WQHI/,/rodent-donors/IGVFDO5183UZGS/,/rodent-donors/IGVFDO0696DMIA/,/rodent-donors/IGVFDO6112GRYR/,/rodent-donors/IGVFDO9510ILZG/,/rodent-donors/IGVFDO9142EUBJ/,/rodent-donors/IGVFDO3603MEIO/,/rodent-donors/IGVFDO7062NBTQ/,/rodent-donors/IGVFDO7255VZBN/,/rodent-donors/IGVFDO5737FRWD/,/rodent-donors/IGVFDO1477BPVO/,/rodent-donors/IGVFDO0681EHNP/,/rodent-donors/IGVFDO3436ZMLY/,/rodent-donors/IGVFDO3534MDFF/,/rodent-donors/IGVFDO4725SNCJ/,/rodent-donors/IGVFDO6607QZPA/,/rodent-donors/IGVFDO0853BCOL/,/rodent-donors/IGVFDO8958JQIY/,/rodent-donors/IGVFDO8904OIIT/,/rodent-donors/IGVFDO2645GUSC/,/rodent-donors/IGVFDO2319OUEC/,/rodent-donors/IGVFDO0026YRCR/,/rodent-donors/IGVFDO2753JGYS/,/rodent-donors/IGVFDO5523UFUN/,/rodent-donors/IGVFDO6219LVKW/,/rodent-donors/IGVFDO1643VEDI/,/rodent-donors/IGVFDO4707SGWM/,/rodent-donors/IGVFDO6066JIEJ/,/rodent-donors/IGVFDO0430HQIU/,/rodent-donors/IGVFDO5177QEWF/,/rodent-donors/IGVFDO7951JDSP/,/rodent-donors/IGVFDO2292YGGE/,/rodent-donors/IGVFDO2106EEWB/,/rodent-donors/IGVFDO7007WBAX/,/rodent-donors/IGVFDO8322VYDU/,/rodent-donors/IGVFDO6614NNPY/,/rodent-donors/IGVFDO9199TPBC/,/rodent-donors/IGVFDO9560CEGZ/,/rodent-donors/IGVFDO5539RLXJ/,/rodent-donors/IGVFDO7254QNQZ/,/rodent-donors/IGVFDO1744FDIX/,/rodent-donors/IGVFDO4788BIQB/,/rodent-donors/IGVFDO8152XDDC/,/rodent-donors/IGVFDO7610XXRR/,/rodent-donors/IGVFDO9374WXKK/,/rodent-donors/IGVFDO3655FKMR/,/rodent-donors/IGVFDO3662UKFW/,/rodent-donors/IGVFDO3207TERA/,/rodent-donors/IGVFDO2301HIUQ/,/rodent-donors/IGVFDO5502NJPS/,/rodent-donors/IGVFDO3762EAWT/",/labs/ali-mortazavi/,/awards/HG012077/,/assay-terms/OBI_0003109/,Parse SPLiT-seq,"https://www.protocols.io/view/evercode-single-index-pcr-5jyl82k9rl2w/v1, https://www.protocols.io/view/evercode-wt-mega-v2-2-1-8epv5xxrng1b/v1, https://www.protocols.io/view/protocol-to-isolate-and-fix-nuclei-from-flash-froz-14egn334ml5d/v2, https://www.protocols.io/view/protocol-to-isolate-and-fix-nuclei-from-flash-froz-81wgbxzdylpk/v2",mRNA enriched,single-nucleus RNA sequencing assay (Parse SPLiT-seq),Mus musculus,
/measurement-sets/IGVFDS6987KXAW/,IGVFDS6987KXAW,3fdceb1a-b83d-4dc4-a942-6ba3d9e766d8,ali-mortazavi:009_13A_illumina,EX,009,Adrenal gland,Kidney,/multiplexed-samples/IGVFSM3745KMDW/,"/rodent-donors/IGVFDO0813DZTW/,/rodent-donors/IGVFDO7254QNQZ/,/rodent-donors/IGVFDO0430HQIU/,/rodent-donors/IGVFDO6614NNPY/,/rodent-donors/IGVFDO0624KKTV/,/rodent-donors/IGVFDO0853BCOL/,/rodent-donors/IGVFDO1452VDIT/,/rodent-donors/IGVFDO6219LVKW/,/rodent-donors/IGVFDO8152XDDC/,/rodent-donors/IGVFDO5183UZGS/,/rodent-donors/IGVFDO9142EUBJ/,/rodent-donors/IGVFDO5523UFUN/,/rodent-donors/IGVFDO9202WGJZ/,/rodent-donors/IGVFDO6112GRYR/,/rodent-donors/IGVFDO2106EEWB/,/rodent-donors/IGVFDO7957DMLJ/,/rodent-donors/IGVFDO3640WUBU/,/rodent-donors/IGVFDO5085MJSP/,/rodent-donors/IGVFDO2831PZHE/,/rodent-donors/IGVFDO3662UKFW/,/rodent-donors/IGVFDO5539RLXJ/,/rodent-donors/IGVFDO1744FDIX/,/rodent-donors/IGVFDO7610XXRR/,/rodent-donors/IGVFDO6607QZPA/,/rodent-donors/IGVFDO8904OIIT/,/rodent-donors/IGVFDO0681EHNP/,/rodent-donors/IGVFDO5177QEWF/,/rodent-donors/IGVFDO3603MEIO/,/rodent-donors/IGVFDO5258MBVH/,/rodent-donors/IGVFDO9510ILZG/,/rodent-donors/IGVFDO1477BPVO/,/rodent-donors/IGVFDO2292YGGE/,/rodent-donors/IGVFDO0026YRCR/,/rodent-donors/IGVFDO5502NJPS/,/rodent-donors/IGVFDO2319OUEC/,/rodent-donors/IGVFDO9199TPBC/,/rodent-donors/IGVFDO3534MDFF/,/rodent-donors/IGVFDO7951JDSP/,/rodent-donors/IGVFDO9890MXGN/,/rodent-donors/IGVFDO2301HIUQ/,/rodent-donors/IGVFDO3655FKMR/,/rodent-donors/IGVFDO3207TERA/,/rodent-donors/IGVFDO7007WBAX/,/rodent-donors/IGVFDO4707SGWM/,/rodent-donors/IGVFDO3436ZMLY/,/rodent-donors/IGVFDO5737FRWD/,/rodent-donors/IGVFDO7062NBTQ/,/rodent-donors/IGVFDO4788BIQB/,/rodent-donors/IGVFDO7255VZBN/,/rodent-donors/IGVFDO5872DFML/,/rodent-donors/IGVFDO2645GUSC/,/rodent-donors/IGVFDO3762EAWT/,/rodent-donors/IGVFDO2753JGYS/,/rodent-donors/IGVFDO1643VEDI/,/rodent-donors/IGVFDO4725SNCJ/,/rodent-donors/IGVFDO6141KSSQ/,/rodent-donors/IGVFDO9560CEGZ/,/rodent-donors/IGVFDO9374WXKK/,/rodent-donors/IGVFDO9340WGNV/,/rodent-donors/IGVFDO0751WQHI/,/rodent-donors/IGVFDO8958JQIY/,/rodent-donors/IGVFDO0696DMIA/,/rodent-donors/IGVFDO8322VYDU/,/rodent-donors/IGVFDO6066JIEJ/,/rodent-donors/IGVFDO4469VYEZ/",/labs/ali-mortazavi/,/awards/HG012077/,/assay-terms/OBI_0003109/,Parse SPLiT-seq,"https://www.protocols.io/view/cdna-exome-capture-v1-0-1-36wgq3b83lk5/v1, https://www.protocols.io/view/evercode-single-index-pcr-5jyl82k9rl2w/v1, https://www.protocols.io/view/evercode-wt-mega-v2-2-1-8epv5xxrng1b/v1, https://www.protocols.io/view/ont-library-prep-for-split-seq-cdna-eq2lyj1xmlx9/v1, https://www.protocols.io/view/protocol-to-isolate-and-fix-nuclei-from-flash-froz-14egn334ml5d/v2, https://www.protocols.io/view/protocol-to-isolate-and-fix-nuclei-from-flash-froz-81wgbxzdylpk/v2",exome capture,single-nucleus RNA sequencing assay (Parse SPLiT-seq),Mus musculus,Exome capture subpool
/measurement-sets/IGVFDS4866EOBI/,IGVFDS4866EOBI,db46e4f1-da9f-4d3f-8108-592c23fd251c,ali-mortazavi:010_67A_illumina,2,010,Kidney,Gastrocnemius,/multiplexed-samples/IGVFSM9053HKTX/,"/rodent-donors/IGVFDO4469VYEZ/,/rodent-donors/IGVFDO6066JIEJ/,/rodent-donors/IGVFDO1477BPVO/,/rodent-donors/IGVFDO2106EEWB/,/rodent-donors/IGVFDO0813DZTW/,/rodent-donors/IGVFDO5183UZGS/,/rodent-donors/IGVFDO2301HIUQ/,/rodent-donors/IGVFDO4707SGWM/,/rodent-donors/IGVFDO8698PVAJ/,/rodent-donors/IGVFDO2319OUEC/,/rodent-donors/IGVFDO2645GUSC/,/rodent-donors/IGVFDO3534MDFF/,/rodent-donors/IGVFDO2831PZHE/,/rodent-donors/IGVFDO5810HOHC/,/rodent-donors/IGVFDO5177QEWF/,/rodent-donors/IGVFDO7957DMLJ/,/rodent-donors/IGVFDO4725SNCJ/,/rodent-donors/IGVFDO7254QNQZ/,/rodent-donors/IGVFDO9142EUBJ/,/rodent-donors/IGVFDO1643VEDI/,/rodent-donors/IGVFDO4546RHSG/,/rodent-donors/IGVFDO9340WGNV/,/rodent-donors/IGVFDO9560CEGZ/,/rodent-donors/IGVFDO0681EHNP/,/rodent-donors/IGVFDO7007WBAX/,/rodent-donors/IGVFDO7255VZBN/,/rodent-donors/IGVFDO9374WXKK/,/rodent-donors/IGVFDO8322VYDU/,/rodent-donors/IGVFDO5502NJPS/,/rodent-donors/IGVFDO5085MJSP/,/rodent-donors/IGVFDO4788BIQB/,/rodent-donors/IGVFDO5523UFUN/,/rodent-donors/IGVFDO6607QZPA/,/rodent-donors/IGVFDO7610XXRR/,/rodent-donors/IGVFDO8904OIIT/,/rodent-donors/IGVFDO1744FDIX/,/rodent-donors/IGVFDO3436ZMLY/,/rodent-donors/IGVFDO3655FKMR/,/rodent-donors/IGVFDO9202WGJZ/,/rodent-donors/IGVFDO2292YGGE/,/rodent-donors/IGVFDO8276XXVT/,/rodent-donors/IGVFDO7062NBTQ/,/rodent-donors/IGVFDO3603MEIO/,/rodent-donors/IGVFDO9199TPBC/,/rodent-donors/IGVFDO9510ILZG/,/rodent-donors/IGVFDO0751WQHI/,/rodent-donors/IGVFDO6112GRYR/,/rodent-donors/IGVFDO1452VDIT/,/rodent-donors/IGVFDO6141KSSQ/,/rodent-donors/IGVFDO2517TXOT/,/rodent-donors/IGVFDO7951JDSP/,/rodent-donors/IGVFDO8152XDDC/,/rodent-donors/IGVFDO5539RLXJ/,/rodent-donors/IGVFDO0853BCOL/,/rodent-donors/IGVFDO0696DMIA/,/rodent-donors/IGVFDO8958JQIY/,/rodent-donors/IGVFDO0624KKTV/,/rodent-donors/IGVFDO3762EAWT/,/rodent-donors/IGVFDO6219LVKW/,/rodent-donors/IGVFDO0026YRCR/,/rodent-donors/IGVFDO3207TERA/,/rodent-donors/IGVFDO5872DFML/,/rodent-donors/IGVFDO5737FRWD/,/rodent-donors/IGVFDO6614NNPY/,/rodent-donors/IGVFDO6124WGNO/,/rodent-donors/IGVFDO0430HQIU/,/rodent-donors/IGVFDO9890MXGN/,/rodent-donors/IGVFDO5258MBVH/,/rodent-donors/IGVFDO3662UKFW/,/rodent-donors/IGVFDO3640WUBU/",/labs/ali-mortazavi/,/awards/HG012077/,/assay-terms/OBI_0003109/,Parse SPLiT-seq,"https://www.protocols.io/view/evercode-single-index-pcr-5jyl82k9rl2w/v1, https://www.protocols.io/view/evercode-wt-mega-v2-2-1-8epv5xxrng1b/v1, https://www.protocols.io/view/protocol-to-isolate-and-fix-nuclei-from-flash-froz-14egn334ml5d/v2, https://www.protocols.io/view/protocol-to-isolate-and-fix-nuclei-from-flash-froz-n2bvj3noplk5/v2",mRNA enriched,single-nucleus RNA sequencing assay (Parse SPLiT-seq),Mus musculus,
/measurement-sets/IGVFDS8657TVHG/,IGVFDS8657TVHG,89f4e7ac-79b1-497b-b82f-9a1bb3da1a1b,ali-mortazavi:010_67B_illumina,3,010,Kidney,Gastrocnemius,/multiplexed-samples/IGVFSM4857GMKY/,"/rodent-donors/IGVFDO2831PZHE/,/rodent-donors/IGVFDO5258MBVH/,/rodent-donors/IGVFDO9340WGNV/,/rodent-donors/IGVFDO6141KSSQ/,/rodent-donors/IGVFDO3640WUBU/,/rodent-donors/IGVFDO5085MJSP/,/rodent-donors/IGVFDO9202WGJZ/,/rodent-donors/IGVFDO9890MXGN/,/rodent-donors/IGVFDO5872DFML/,/rodent-donors/IGVFDO4469VYEZ/,/rodent-donors/IGVFDO7957DMLJ/,/rodent-donors/IGVFDO8698PVAJ/,/rodent-donors/IGVFDO0624KKTV/,/rodent-donors/IGVFDO1452VDIT/,/rodent-donors/IGVFDO0813DZTW/,/rodent-donors/IGVFDO0751WQHI/,/rodent-donors/IGVFDO4546RHSG/,/rodent-donors/IGVFDO0696DMIA/,/rodent-donors/IGVFDO5183UZGS/,/rodent-donors/IGVFDO6112GRYR/,/rodent-donors/IGVFDO6124WGNO/,/rodent-donors/IGVFDO9142EUBJ/,/rodent-donors/IGVFDO3603MEIO/,/rodent-donors/IGVFDO7062NBTQ/,/rodent-donors/IGVFDO7255VZBN/,/rodent-donors/IGVFDO9510ILZG/,/rodent-donors/IGVFDO5737FRWD/,/rodent-donors/IGVFDO1477BPVO/,/rodent-donors/IGVFDO0681EHNP/,/rodent-donors/IGVFDO3436ZMLY/,/rodent-donors/IGVFDO3534MDFF/,/rodent-donors/IGVFDO4725SNCJ/,/rodent-donors/IGVFDO6607QZPA/,/rodent-donors/IGVFDO0853BCOL/,/rodent-donors/IGVFDO8958JQIY/,/rodent-donors/IGVFDO8904OIIT/,/rodent-donors/IGVFDO2645GUSC/,/rodent-donors/IGVFDO2319OUEC/,/rodent-donors/IGVFDO0026YRCR/,/rodent-donors/IGVFDO5523UFUN/,/rodent-donors/IGVFDO6219LVKW/,/rodent-donors/IGVFDO8276XXVT/,/rodent-donors/IGVFDO1643VEDI/,/rodent-donors/IGVFDO4707SGWM/,/rodent-donors/IGVFDO6066JIEJ/,/rodent-donors/IGVFDO0430HQIU/,/rodent-donors/IGVFDO2517TXOT/,/rodent-donors/IGVFDO5177QEWF/,/rodent-donors/IGVFDO7951JDSP/,/rodent-donors/IGVFDO2292YGGE/,/rodent-donors/IGVFDO2106EEWB/,/rodent-donors/IGVFDO7007WBAX/,/rodent-donors/IGVFDO8322VYDU/,/rodent-donors/IGVFDO6614NNPY/,/rodent-donors/IGVFDO9199TPBC/,/rodent-donors/IGVFDO9560CEGZ/,/rodent-donors/IGVFDO5539RLXJ/,/rodent-donors/IGVFDO5810HOHC/,/rodent-donors/IGVFDO1744FDIX/,/rodent-donors/IGVFDO4788BIQB/,/rodent-donors/IGVFDO7254QNQZ/,/rodent-donors/IGVFDO7610XXRR/,/rodent-donors/IGVFDO8152XDDC/,/rodent-donors/IGVFDO9374WXKK/,/rodent-donors/IGVFDO3655FKMR/,/rodent-donors/IGVFDO3662UKFW/,/rodent-donors/IGVFDO3207TERA/,/rodent-donors/IGVFDO2301HIUQ/,/rodent-donors/IGVFDO5502NJPS/,/rodent-donors/IGVFDO3762EAWT/",/labs/ali-mortazavi/,/awards/HG012077/,/assay-terms/OBI_0003109/,Parse SPLiT-seq,"https://www.protocols.io/view/evercode-single-index-pcr-5jyl82k9rl2w/v1, https://www.protocols.io/view/evercode-wt-mega-v2-2-1-8epv5xxrng1b/v1, https://www.protocols.io/view/protocol-to-isolate-and-fix-nuclei-from-flash-froz-14egn334ml5d/v2, https://www.protocols.io/view/protocol-to-isolate-and-fix-nuclei-from-flash-froz-n2bvj3noplk5/v2",mRNA enriched,single-nucleus RNA sequencing assay (Parse SPLiT-seq),Mus musculus,
/measurement-sets/IGVFDS6137XZMZ/,IGVFDS6137XZMZ,e52b963d-837e-4590-9558-f3f783d879de,ali-mortazavi:010_67C_illumina,4,010,Kidney,Gastrocnemius,/multiplexed-samples/IGVFSM3696HRUN/,"/rodent-donors/IGVFDO4469VYEZ/,/rodent-donors/IGVFDO6066JIEJ/,/rodent-donors/IGVFDO1477BPVO/,/rodent-donors/IGVFDO2106EEWB/,/rodent-donors/IGVFDO0813DZTW/,/rodent-donors/IGVFDO5183UZGS/,/rodent-donors/IGVFDO2301HIUQ/,/rodent-donors/IGVFDO4707SGWM/,/rodent-donors/IGVFDO8698PVAJ/,/rodent-donors/IGVFDO2319OUEC/,/rodent-donors/IGVFDO2645GUSC/,/rodent-donors/IGVFDO3534MDFF/,/rodent-donors/IGVFDO2831PZHE/,/rodent-donors/IGVFDO5810HOHC/,/rodent-donors/IGVFDO5177QEWF/,/rodent-donors/IGVFDO7957DMLJ/,/rodent-donors/IGVFDO4725SNCJ/,/rodent-donors/IGVFDO7254QNQZ/,/rodent-donors/IGVFDO9142EUBJ/,/rodent-donors/IGVFDO1643VEDI/,/rodent-donors/IGVFDO4546RHSG/,/rodent-donors/IGVFDO9340WGNV/,/rodent-donors/IGVFDO9560CEGZ/,/rodent-donors/IGVFDO0681EHNP/,/rodent-donors/IGVFDO7007WBAX/,/rodent-donors/IGVFDO7255VZBN/,/rodent-donors/IGVFDO9374WXKK/,/rodent-donors/IGVFDO8322VYDU/,/rodent-donors/IGVFDO5502NJPS/,/rodent-donors/IGVFDO5085MJSP/,/rodent-donors/IGVFDO4788BIQB/,/rodent-donors/IGVFDO5523UFUN/,/rodent-donors/IGVFDO6607QZPA/,/rodent-donors/IGVFDO7610XXRR/,/rodent-donors/IGVFDO8904OIIT/,/rodent-donors/IGVFDO1744FDIX/,/rodent-donors/IGVFDO3436ZMLY/,/rodent-donors/IGVFDO3655FKMR/,/rodent-donors/IGVFDO9202WGJZ/,/rodent-donors/IGVFDO2292YGGE/,/rodent-donors/IGVFDO8276XXVT/,/rodent-donors/IGVFDO7062NBTQ/,/rodent-donors/IGVFDO3603MEIO/,/rodent-donors/IGVFDO9199TPBC/,/rodent-donors/IGVFDO9510ILZG/,/rodent-donors/IGVFDO0751WQHI/,/rodent-donors/IGVFDO6112GRYR/,/rodent-donors/IGVFDO1452VDIT/,/rodent-donors/IGVFDO6141KSSQ/,/rodent-donors/IGVFDO2517TXOT/,/rodent-donors/IGVFDO7951JDSP/,/rodent-donors/IGVFDO8152XDDC/,/rodent-donors/IGVFDO5539RLXJ/,/rodent-donors/IGVFDO0853BCOL/,/rodent-donors/IGVFDO0696DMIA/,/rodent-donors/IGVFDO8958JQIY/,/rodent-donors/IGVFDO0624KKTV/,/rodent-donors/IGVFDO3762EAWT/,/rodent-donors/IGVFDO6219LVKW/,/rodent-donors/IGVFDO0026YRCR/,/rodent-donors/IGVFDO3207TERA/,/rodent-donors/IGVFDO5872DFML/,/rodent-donors/IGVFDO5737FRWD/,/rodent-donors/IGVFDO6614NNPY/,/rodent-donors/IGVFDO6124WGNO/,/rodent-donors/IGVFDO0430HQIU/,/rodent-donors/IGVFDO9890MXGN/,/rodent-donors/IGVFDO5258MBVH/,/rodent-donors/IGVFDO3662UKFW/,/rodent-donors/IGVFDO3640WUBU/",/labs/ali-mortazavi/,/awards/HG012077/,/assay-terms/OBI_0003109/,Parse SPLiT-seq,"https://www.protocols.io/view/evercode-single-index-pcr-5jyl82k9rl2w/v1, https://www.protocols.io/view/evercode-wt-mega-v2-2-1-8epv5xxrng1b/v1, https://www.protocols.io/view/protocol-to-isolate-and-fix-nuclei-from-flash-froz-14egn334ml5d/v2, https://www.protocols.io/view/protocol-to-isolate-and-fix-nuclei-from-flash-froz-n2bvj3noplk5/v2",mRNA enriched,single-nucleus RNA sequencing assay (Parse SPLiT-seq),Mus musculus,
/measurement-sets/IGVFDS8876RYUV/,IGVFDS8876RYUV,f580672e-4f2b-4796-954f-7c8788e693a6,ali-mortazavi:010_67D_illumina,5,010,Kidney,Gastrocnemius,/multiplexed-samples/IGVFSM8942TOPJ/,"/rodent-donors/IGVFDO4469VYEZ/,/rodent-donors/IGVFDO6066JIEJ/,/rodent-donors/IGVFDO1477BPVO/,/rodent-donors/IGVFDO2106EEWB/,/rodent-donors/IGVFDO0813DZTW/,/rodent-donors/IGVFDO5183UZGS/,/rodent-donors/IGVFDO2301HIUQ/,/rodent-donors/IGVFDO4707SGWM/,/rodent-donors/IGVFDO8698PVAJ/,/rodent-donors/IGVFDO2319OUEC/,/rodent-donors/IGVFDO2645GUSC/,/rodent-donors/IGVFDO3534MDFF/,/rodent-donors/IGVFDO2831PZHE/,/rodent-donors/IGVFDO5810HOHC/,/rodent-donors/IGVFDO5177QEWF/,/rodent-donors/IGVFDO7957DMLJ/,/rodent-donors/IGVFDO4725SNCJ/,/rodent-donors/IGVFDO7254QNQZ/,/rodent-donors/IGVFDO9142EUBJ/,/rodent-donors/IGVFDO1643VEDI/,/rodent-donors/IGVFDO4546RHSG/,/rodent-donors/IGVFDO9340WGNV/,/rodent-donors/IGVFDO9560CEGZ/,/rodent-donors/IGVFDO0681EHNP/,/rodent-donors/IGVFDO7007WBAX/,/rodent-donors/IGVFDO7255VZBN/,/rodent-donors/IGVFDO9374WXKK/,/rodent-donors/IGVFDO8322VYDU/,/rodent-donors/IGVFDO5502NJPS/,/rodent-donors/IGVFDO5085MJSP/,/rodent-donors/IGVFDO4788BIQB/,/rodent-donors/IGVFDO5523UFUN/,/rodent-donors/IGVFDO6607QZPA/,/rodent-donors/IGVFDO7610XXRR/,/rodent-donors/IGVFDO8904OIIT/,/rodent-donors/IGVFDO1744FDIX/,/rodent-donors/IGVFDO3436ZMLY/,/rodent-donors/IGVFDO3655FKMR/,/rodent-donors/IGVFDO9202WGJZ/,/rodent-donors/IGVFDO2292YGGE/,/rodent-donors/IGVFDO8276XXVT/,/rodent-donors/IGVFDO7062NBTQ/,/rodent-donors/IGVFDO3603MEIO/,/rodent-donors/IGVFDO9199TPBC/,/rodent-donors/IGVFDO9510ILZG/,/rodent-donors/IGVFDO0751WQHI/,/rodent-donors/IGVFDO6112GRYR/,/rodent-donors/IGVFDO1452VDIT/,/rodent-donors/IGVFDO6141KSSQ/,/rodent-donors/IGVFDO2517TXOT/,/rodent-donors/IGVFDO7951JDSP/,/rodent-donors/IGVFDO8152XDDC/,/rodent-donors/IGVFDO5539RLXJ/,/rodent-donors/IGVFDO0853BCOL/,/rodent-donors/IGVFDO0696DMIA/,/rodent-donors/IGVFDO8958JQIY/,/rodent-donors/IGVFDO0624KKTV/,/rodent-donors/IGVFDO3762EAWT/,/rodent-donors/IGVFDO6219LVKW/,/rodent-donors/IGVFDO0026YRCR/,/rodent-donors/IGVFDO3207TERA/,/rodent-donors/IGVFDO5872DFML/,/rodent-donors/IGVFDO5737FRWD/,/rodent-donors/IGVFDO6614NNPY/,/rodent-donors/IGVFDO6124WGNO/,/rodent-donors/IGVFDO0430HQIU/,/rodent-donors/IGVFDO9890MXGN/,/rodent-donors/IGVFDO5258MBVH/,/rodent-donors/IGVFDO3662UKFW/,/rodent-donors/IGVFDO3640WUBU/",/labs/ali-mortazavi/,/awards/HG012077/,/assay-terms/OBI_0003109/,Parse SPLiT-seq,"https://www.protocols.io/view/evercode-single-index-pcr-5jyl82k9rl2w/v1, https://www.protocols.io/view/evercode-wt-mega-v2-2-1-8epv5xxrng1b/v1, https://www.protocols.io/view/protocol-to-isolate-and-fix-nuclei-from-flash-froz-14egn334ml5d/v2, https://www.protocols.io/view/protocol-to-isolate-and-fix-nuclei-from-flash-froz-n2bvj3noplk5/v2",mRNA enriched,single-nucleus RNA sequencing assay (Parse SPLiT-seq),Mus musculus,
/measurement-sets/IGVFDS2004SFUP/,IGVFDS2004SFUP,dc8ad4a3-42e1-4ff1-bc77-7096b5e5c035,ali-mortazavi:010_67E_illumina,6,010,Kidney,Gastrocnemius,/multiplexed-samples/IGVFSM9196BYCA/,"/rodent-donors/IGVFDO4469VYEZ/,/rodent-donors/IGVFDO6066JIEJ/,/rodent-donors/IGVFDO1477BPVO/,/rodent-donors/IGVFDO2106EEWB/,/rodent-donors/IGVFDO0813DZTW/,/rodent-donors/IGVFDO5183UZGS/,/rodent-donors/IGVFDO2301HIUQ/,/rodent-donors/IGVFDO4707SGWM/,/rodent-donors/IGVFDO8698PVAJ/,/rodent-donors/IGVFDO2319OUEC/,/rodent-donors/IGVFDO2645GUSC/,/rodent-donors/IGVFDO3534MDFF/,/rodent-donors/IGVFDO2831PZHE/,/rodent-donors/IGVFDO5810HOHC/,/rodent-donors/IGVFDO5177QEWF/,/rodent-donors/IGVFDO7957DMLJ/,/rodent-donors/IGVFDO4725SNCJ/,/rodent-donors/IGVFDO7254QNQZ/,/rodent-donors/IGVFDO9142EUBJ/,/rodent-donors/IGVFDO1643VEDI/,/rodent-donors/IGVFDO4546RHSG/,/rodent-donors/IGVFDO9340WGNV/,/rodent-donors/IGVFDO9560CEGZ/,/rodent-donors/IGVFDO0681EHNP/,/rodent-donors/IGVFDO7007WBAX/,/rodent-donors/IGVFDO7255VZBN/,/rodent-donors/IGVFDO9374WXKK/,/rodent-donors/IGVFDO8322VYDU/,/rodent-donors/IGVFDO5502NJPS/,/rodent-donors/IGVFDO5085MJSP/,/rodent-donors/IGVFDO4788BIQB/,/rodent-donors/IGVFDO5523UFUN/,/rodent-donors/IGVFDO6607QZPA/,/rodent-donors/IGVFDO7610XXRR/,/rodent-donors/IGVFDO8904OIIT/,/rodent-donors/IGVFDO1744FDIX/,/rodent-donors/IGVFDO3436ZMLY/,/rodent-donors/IGVFDO3655FKMR/,/rodent-donors/IGVFDO9202WGJZ/,/rodent-donors/IGVFDO2292YGGE/,/rodent-donors/IGVFDO8276XXVT/,/rodent-donors/IGVFDO7062NBTQ/,/rodent-donors/IGVFDO3603MEIO/,/rodent-donors/IGVFDO9199TPBC/,/rodent-donors/IGVFDO9510ILZG/,/rodent-donors/IGVFDO0751WQHI/,/rodent-donors/IGVFDO6112GRYR/,/rodent-donors/IGVFDO1452VDIT/,/rodent-donors/IGVFDO6141KSSQ/,/rodent-donors/IGVFDO2517TXOT/,/rodent-donors/IGVFDO7951JDSP/,/rodent-donors/IGVFDO8152XDDC/,/rodent-donors/IGVFDO5539RLXJ/,/rodent-donors/IGVFDO0853BCOL/,/rodent-donors/IGVFDO0696DMIA/,/rodent-donors/IGVFDO8958JQIY/,/rodent-donors/IGVFDO0624KKTV/,/rodent-donors/IGVFDO3762EAWT/,/rodent-donors/IGVFDO6219LVKW/,/rodent-donors/IGVFDO0026YRCR/,/rodent-donors/IGVFDO3207TERA/,/rodent-donors/IGVFDO5872DFML/,/rodent-donors/IGVFDO5737FRWD/,/rodent-donors/IGVFDO6614NNPY/,/rodent-donors/IGVFDO6124WGNO/,/rodent-donors/IGVFDO0430HQIU/,/rodent-donors/IGVFDO9890MXGN/,/rodent-donors/IGVFDO5258MBVH/,/rodent-donors/IGVFDO3662UKFW/,/rodent-donors/IGVFDO3640WUBU/",/labs/ali-mortazavi/,/awards/HG012077/,/assay-terms/OBI_0003109/,Parse SPLiT-seq,"https://www.protocols.io/view/evercode-single-index-pcr-5jyl82k9rl2w/v1, https://www.protocols.io/view/evercode-wt-mega-v2-2-1-8epv5xxrng1b/v1, https://www.protocols.io/view/protocol-to-isolate-and-fix-nuclei-from-flash-froz-14egn334ml5d/v2, https://www.protocols.io/view/protocol-to-isolate-and-fix-nuclei-from-flash-froz-n2bvj3noplk5/v2",mRNA enriched,single-nucleus RNA sequencing assay (Parse SPLiT-seq),Mus musculus,
/measurement-sets/IGVFDS2176CGLV/,IGVFDS2176CGLV,65f386f6-32ae-45ed-a098-81f05afc789b,ali-mortazavi:010_67F_illumina,7,010,Kidney,Gastrocnemius,/multiplexed-samples/IGVFSM8762UKKH/,"/rodent-donors/IGVFDO4469VYEZ/,/rodent-donors/IGVFDO6066JIEJ/,/rodent-donors/IGVFDO1477BPVO/,/rodent-donors/IGVFDO2106EEWB/,/rodent-donors/IGVFDO0813DZTW/,/rodent-donors/IGVFDO5183UZGS/,/rodent-donors/IGVFDO2301HIUQ/,/rodent-donors/IGVFDO4707SGWM/,/rodent-donors/IGVFDO8698PVAJ/,/rodent-donors/IGVFDO2319OUEC/,/rodent-donors/IGVFDO2645GUSC/,/rodent-donors/IGVFDO3534MDFF/,/rodent-donors/IGVFDO2831PZHE/,/rodent-donors/IGVFDO5810HOHC/,/rodent-donors/IGVFDO5177QEWF/,/rodent-donors/IGVFDO7957DMLJ/,/rodent-donors/IGVFDO4725SNCJ/,/rodent-donors/IGVFDO7254QNQZ/,/rodent-donors/IGVFDO9142EUBJ/,/rodent-donors/IGVFDO1643VEDI/,/rodent-donors/IGVFDO4546RHSG/,/rodent-donors/IGVFDO9340WGNV/,/rodent-donors/IGVFDO9560CEGZ/,/rodent-donors/IGVFDO0681EHNP/,/rodent-donors/IGVFDO7007WBAX/,/rodent-donors/IGVFDO7255VZBN/,/rodent-donors/IGVFDO9374WXKK/,/rodent-donors/IGVFDO8322VYDU/,/rodent-donors/IGVFDO5502NJPS/,/rodent-donors/IGVFDO5085MJSP/,/rodent-donors/IGVFDO4788BIQB/,/rodent-donors/IGVFDO5523UFUN/,/rodent-donors/IGVFDO6607QZPA/,/rodent-donors/IGVFDO7610XXRR/,/rodent-donors/IGVFDO8904OIIT/,/rodent-donors/IGVFDO1744FDIX/,/rodent-donors/IGVFDO3436ZMLY/,/rodent-donors/IGVFDO3655FKMR/,/rodent-donors/IGVFDO9202WGJZ/,/rodent-donors/IGVFDO2292YGGE/,/rodent-donors/IGVFDO8276XXVT/,/rodent-donors/IGVFDO7062NBTQ/,/rodent-donors/IGVFDO3603MEIO/,/rodent-donors/IGVFDO9199TPBC/,/rodent-donors/IGVFDO9510ILZG/,/rodent-donors/IGVFDO0751WQHI/,/rodent-donors/IGVFDO6112GRYR/,/rodent-donors/IGVFDO1452VDIT/,/rodent-donors/IGVFDO6141KSSQ/,/rodent-donors/IGVFDO2517TXOT/,/rodent-donors/IGVFDO7951JDSP/,/rodent-donors/IGVFDO8152XDDC/,/rodent-donors/IGVFDO5539RLXJ/,/rodent-donors/IGVFDO0853BCOL/,/rodent-donors/IGVFDO0696DMIA/,/rodent-donors/IGVFDO8958JQIY/,/rodent-donors/IGVFDO0624KKTV/,/rodent-donors/IGVFDO3762EAWT/,/rodent-donors/IGVFDO6219LVKW/,/rodent-donors/IGVFDO0026YRCR/,/rodent-donors/IGVFDO3207TERA/,/rodent-donors/IGVFDO5872DFML/,/rodent-donors/IGVFDO5737FRWD/,/rodent-donors/IGVFDO6614NNPY/,/rodent-donors/IGVFDO6124WGNO/,/rodent-donors/IGVFDO0430HQIU/,/rodent-donors/IGVFDO9890MXGN/,/rodent-donors/IGVFDO5258MBVH/,/rodent-donors/IGVFDO3662UKFW/,/rodent-donors/IGVFDO3640WUBU/",/labs/ali-mortazavi/,/awards/HG012077/,/assay-terms/OBI_0003109/,Parse SPLiT-seq,"https://www.protocols.io/view/evercode-single-index-pcr-5jyl82k9rl2w/v1, https://www.protocols.io/view/evercode-wt-mega-v2-2-1-8epv5xxrng1b/v1, https://www.protocols.io/view/protocol-to-isolate-and-fix-nuclei-from-flash-froz-14egn334ml5d/v2, https://www.protocols.io/view/protocol-to-isolate-and-fix-nuclei-from-flash-froz-n2bvj3noplk5/v2",mRNA enriched,single-nucleus RNA sequencing assay (Parse SPLiT-seq),Mus musculus,
/measurement-sets/IGVFDS8951NZZP/,IGVFDS8951NZZP,412df45e-d876-49f0-9758-69b81329de8e,ali-mortazavi:010_67G_illumina,8,010,Kidney,Gastrocnemius,/multiplexed-samples/IGVFSM4314DODV/,"/rodent-donors/IGVFDO4469VYEZ/,/rodent-donors/IGVFDO6066JIEJ/,/rodent-donors/IGVFDO1477BPVO/,/rodent-donors/IGVFDO2106EEWB/,/rodent-donors/IGVFDO0813DZTW/,/rodent-donors/IGVFDO5183UZGS/,/rodent-donors/IGVFDO2301HIUQ/,/rodent-donors/IGVFDO4707SGWM/,/rodent-donors/IGVFDO8698PVAJ/,/rodent-donors/IGVFDO2319OUEC/,/rodent-donors/IGVFDO2645GUSC/,/rodent-donors/IGVFDO3534MDFF/,/rodent-donors/IGVFDO2831PZHE/,/rodent-donors/IGVFDO5810HOHC/,/rodent-donors/IGVFDO5177QEWF/,/rodent-donors/IGVFDO7957DMLJ/,/rodent-donors/IGVFDO4725SNCJ/,/rodent-donors/IGVFDO7254QNQZ/,/rodent-donors/IGVFDO9142EUBJ/,/rodent-donors/IGVFDO1643VEDI/,/rodent-donors/IGVFDO4546RHSG/,/rodent-donors/IGVFDO9340WGNV/,/rodent-donors/IGVFDO9560CEGZ/,/rodent-donors/IGVFDO0681EHNP/,/rodent-donors/IGVFDO7007WBAX/,/rodent-donors/IGVFDO7255VZBN/,/rodent-donors/IGVFDO9374WXKK/,/rodent-donors/IGVFDO8322VYDU/,/rodent-donors/IGVFDO5502NJPS/,/rodent-donors/IGVFDO5085MJSP/,/rodent-donors/IGVFDO4788BIQB/,/rodent-donors/IGVFDO5523UFUN/,/rodent-donors/IGVFDO6607QZPA/,/rodent-donors/IGVFDO7610XXRR/,/rodent-donors/IGVFDO8904OIIT/,/rodent-donors/IGVFDO1744FDIX/,/rodent-donors/IGVFDO3436ZMLY/,/rodent-donors/IGVFDO3655FKMR/,/rodent-donors/IGVFDO9202WGJZ/,/rodent-donors/IGVFDO2292YGGE/,/rodent-donors/IGVFDO8276XXVT/,/rodent-donors/IGVFDO7062NBTQ/,/rodent-donors/IGVFDO3603MEIO/,/rodent-donors/IGVFDO9199TPBC/,/rodent-donors/IGVFDO9510ILZG/,/rodent-donors/IGVFDO0751WQHI/,/rodent-donors/IGVFDO6112GRYR/,/rodent-donors/IGVFDO1452VDIT/,/rodent-donors/IGVFDO6141KSSQ/,/rodent-donors/IGVFDO2517TXOT/,/rodent-donors/IGVFDO7951JDSP/,/rodent-donors/IGVFDO8152XDDC/,/rodent-donors/IGVFDO5539RLXJ/,/rodent-donors/IGVFDO0853BCOL/,/rodent-donors/IGVFDO0696DMIA/,/rodent-donors/IGVFDO8958JQIY/,/rodent-donors/IGVFDO0624KKTV/,/rodent-donors/IGVFDO3762EAWT/,/rodent-donors/IGVFDO6219LVKW/,/rodent-donors/IGVFDO0026YRCR/,/rodent-donors/IGVFDO3207TERA/,/rodent-donors/IGVFDO5872DFML/,/rodent-donors/IGVFDO5737FRWD/,/rodent-donors/IGVFDO6614NNPY/,/rodent-donors/IGVFDO6124WGNO/,/rodent-donors/IGVFDO0430HQIU/,/rodent-donors/IGVFDO9890MXGN/,/rodent-donors/IGVFDO5258MBVH/,/rodent-donors/IGVFDO3662UKFW/,/rodent-donors/IGVFDO3640WUBU/",/labs/ali-mortazavi/,/awards/HG012077/,/assay-terms/OBI_0003109/,Parse SPLiT-seq,"https://www.protocols.io/view/evercode-single-index-pcr-5jyl82k9rl2w/v1, https://www.protocols.io/view/evercode-wt-mega-v2-2-1-8epv5xxrng1b/v1, https://www.protocols.io/view/protocol-to-isolate-and-fix-nuclei-from-flash-froz-14egn334ml5d/v2, https://www.protocols.io/view/protocol-to-isolate-and-fix-nuclei-from-flash-froz-n2bvj3noplk5/v2",mRNA enriched,single-nucleus RNA sequencing assay (Parse SPLiT-seq),Mus musculus,
/measurement-sets/IGVFDS5589QOQD/,IGVFDS5589QOQD,4e44c02d-e43b-4649-892a-281935c36cce,ali-mortazavi:010_67H_illumina,9,010,Kidney,Gastrocnemius,/multiplexed-samples/IGVFSM9228OJSD/,"/rodent-donors/IGVFDO4469VYEZ/,/rodent-donors/IGVFDO6066JIEJ/,/rodent-donors/IGVFDO1477BPVO/,/rodent-donors/IGVFDO2106EEWB/,/rodent-donors/IGVFDO0813DZTW/,/rodent-donors/IGVFDO5183UZGS/,/rodent-donors/IGVFDO2301HIUQ/,/rodent-donors/IGVFDO4707SGWM/,/rodent-donors/IGVFDO8698PVAJ/,/rodent-donors/IGVFDO2319OUEC/,/rodent-donors/IGVFDO2645GUSC/,/rodent-donors/IGVFDO3534MDFF/,/rodent-donors/IGVFDO2831PZHE/,/rodent-donors/IGVFDO5810HOHC/,/rodent-donors/IGVFDO5177QEWF/,/rodent-donors/IGVFDO7957DMLJ/,/rodent-donors/IGVFDO4725SNCJ/,/rodent-donors/IGVFDO7254QNQZ/,/rodent-donors/IGVFDO9142EUBJ/,/rodent-donors/IGVFDO1643VEDI/,/rodent-donors/IGVFDO4546RHSG/,/rodent-donors/IGVFDO9340WGNV/,/rodent-donors/IGVFDO9560CEGZ/,/rodent-donors/IGVFDO0681EHNP/,/rodent-donors/IGVFDO7007WBAX/,/rodent-donors/IGVFDO7255VZBN/,/rodent-donors/IGVFDO9374WXKK/,/rodent-donors/IGVFDO8322VYDU/,/rodent-donors/IGVFDO5502NJPS/,/rodent-donors/IGVFDO5085MJSP/,/rodent-donors/IGVFDO4788BIQB/,/rodent-donors/IGVFDO5523UFUN/,/rodent-donors/IGVFDO6607QZPA/,/rodent-donors/IGVFDO7610XXRR/,/rodent-donors/IGVFDO8904OIIT/,/rodent-donors/IGVFDO1744FDIX/,/rodent-donors/IGVFDO3436ZMLY/,/rodent-donors/IGVFDO3655FKMR/,/rodent-donors/IGVFDO9202WGJZ/,/rodent-donors/IGVFDO2292YGGE/,/rodent-donors/IGVFDO8276XXVT/,/rodent-donors/IGVFDO7062NBTQ/,/rodent-donors/IGVFDO3603MEIO/,/rodent-donors/IGVFDO9199TPBC/,/rodent-donors/IGVFDO9510ILZG/,/rodent-donors/IGVFDO0751WQHI/,/rodent-donors/IGVFDO6112GRYR/,/rodent-donors/IGVFDO1452VDIT/,/rodent-donors/IGVFDO6141KSSQ/,/rodent-donors/IGVFDO2517TXOT/,/rodent-donors/IGVFDO7951JDSP/,/rodent-donors/IGVFDO8152XDDC/,/rodent-donors/IGVFDO5539RLXJ/,/rodent-donors/IGVFDO0853BCOL/,/rodent-donors/IGVFDO0696DMIA/,/rodent-donors/IGVFDO8958JQIY/,/rodent-donors/IGVFDO0624KKTV/,/rodent-donors/IGVFDO3762EAWT/,/rodent-donors/IGVFDO6219LVKW/,/rodent-donors/IGVFDO0026YRCR/,/rodent-donors/IGVFDO3207TERA/,/rodent-donors/IGVFDO5872DFML/,/rodent-donors/IGVFDO5737FRWD/,/rodent-donors/IGVFDO6614NNPY/,/rodent-donors/IGVFDO6124WGNO/,/rodent-donors/IGVFDO0430HQIU/,/rodent-donors/IGVFDO9890MXGN/,/rodent-donors/IGVFDO5258MBVH/,/rodent-donors/IGVFDO3662UKFW/,/rodent-donors/IGVFDO3640WUBU/",/labs/ali-mortazavi/,/awards/HG012077/,/assay-terms/OBI_0003109/,Parse SPLiT-seq,"https://www.protocols.io/view/evercode-single-index-pcr-5jyl82k9rl2w/v1, https://www.protocols.io/view/evercode-wt-mega-v2-2-1-8epv5xxrng1b/v1, https://www.protocols.io/view/protocol-to-isolate-and-fix-nuclei-from-flash-froz-14egn334ml5d/v2, https://www.protocols.io/view/protocol-to-isolate-and-fix-nuclei-from-flash-froz-n2bvj3noplk5/v2",mRNA enriched,single-nucleus RNA sequencing assay (Parse SPLiT-seq),Mus musculus,
/measurement-sets/IGVFDS5380BIVB/,IGVFDS5380BIVB,d34bea81-2b85-4639-a43d-32db2674dff7,ali-mortazavi:010_67I_illumina,10,010,Kidney,Gastrocnemius,/multiplexed-samples/IGVFSM3934NLNI/,"/rodent-donors/IGVFDO2831PZHE/,/rodent-donors/IGVFDO5258MBVH/,/rodent-donors/IGVFDO9340WGNV/,/rodent-donors/IGVFDO6141KSSQ/,/rodent-donors/IGVFDO3640WUBU/,/rodent-donors/IGVFDO5085MJSP/,/rodent-donors/IGVFDO9202WGJZ/,/rodent-donors/IGVFDO9890MXGN/,/rodent-donors/IGVFDO5872DFML/,/rodent-donors/IGVFDO4469VYEZ/,/rodent-donors/IGVFDO7957DMLJ/,/rodent-donors/IGVFDO8698PVAJ/,/rodent-donors/IGVFDO0624KKTV/,/rodent-donors/IGVFDO1452VDIT/,/rodent-donors/IGVFDO0813DZTW/,/rodent-donors/IGVFDO0751WQHI/,/rodent-donors/IGVFDO4546RHSG/,/rodent-donors/IGVFDO0696DMIA/,/rodent-donors/IGVFDO5183UZGS/,/rodent-donors/IGVFDO6112GRYR/,/rodent-donors/IGVFDO6124WGNO/,/rodent-donors/IGVFDO9142EUBJ/,/rodent-donors/IGVFDO3603MEIO/,/rodent-donors/IGVFDO7062NBTQ/,/rodent-donors/IGVFDO7255VZBN/,/rodent-donors/IGVFDO9510ILZG/,/rodent-donors/IGVFDO5737FRWD/,/rodent-donors/IGVFDO1477BPVO/,/rodent-donors/IGVFDO0681EHNP/,/rodent-donors/IGVFDO3436ZMLY/,/rodent-donors/IGVFDO3534MDFF/,/rodent-donors/IGVFDO4725SNCJ/,/rodent-donors/IGVFDO6607QZPA/,/rodent-donors/IGVFDO0853BCOL/,/rodent-donors/IGVFDO8958JQIY/,/rodent-donors/IGVFDO8904OIIT/,/rodent-donors/IGVFDO2645GUSC/,/rodent-donors/IGVFDO2319OUEC/,/rodent-donors/IGVFDO0026YRCR/,/rodent-donors/IGVFDO5523UFUN/,/rodent-donors/IGVFDO6219LVKW/,/rodent-donors/IGVFDO8276XXVT/,/rodent-donors/IGVFDO1643VEDI/,/rodent-donors/IGVFDO4707SGWM/,/rodent-donors/IGVFDO6066JIEJ/,/rodent-donors/IGVFDO0430HQIU/,/rodent-donors/IGVFDO2517TXOT/,/rodent-donors/IGVFDO5177QEWF/,/rodent-donors/IGVFDO7951JDSP/,/rodent-donors/IGVFDO2292YGGE/,/rodent-donors/IGVFDO2106EEWB/,/rodent-donors/IGVFDO7007WBAX/,/rodent-donors/IGVFDO8322VYDU/,/rodent-donors/IGVFDO6614NNPY/,/rodent-donors/IGVFDO9199TPBC/,/rodent-donors/IGVFDO9560CEGZ/,/rodent-donors/IGVFDO5539RLXJ/,/rodent-donors/IGVFDO5810HOHC/,/rodent-donors/IGVFDO1744FDIX/,/rodent-donors/IGVFDO4788BIQB/,/rodent-donors/IGVFDO7254QNQZ/,/rodent-donors/IGVFDO7610XXRR/,/rodent-donors/IGVFDO8152XDDC/,/rodent-donors/IGVFDO9374WXKK/,/rodent-donors/IGVFDO3655FKMR/,/rodent-donors/IGVFDO3662UKFW/,/rodent-donors/IGVFDO3207TERA/,/rodent-donors/IGVFDO2301HIUQ/,/rodent-donors/IGVFDO5502NJPS/,/rodent-donors/IGVFDO3762EAWT/",/labs/ali-mortazavi/,/awards/HG012077/,/assay-terms/OBI_0003109/,Parse SPLiT-seq,"https://www.protocols.io/view/evercode-single-index-pcr-5jyl82k9rl2w/v1, https://www.protocols.io/view/evercode-wt-mega-v2-2-1-8epv5xxrng1b/v1, https://www.protocols.io/view/protocol-to-isolate-and-fix-nuclei-from-flash-froz-14egn334ml5d/v2, https://www.protocols.io/view/protocol-to-isolate-and-fix-nuclei-from-flash-froz-n2bvj3noplk5/v2",mRNA enriched,single-nucleus RNA sequencing assay (Parse SPLiT-seq),Mus musculus,
/measurement-sets/IGVFDS6356BAJX/,IGVFDS6356BAJX,50af0e3d-e27b-4478-847d-9dc4a105118a,ali-mortazavi:010_67J_illumina,11,010,Kidney,Gastrocnemius,/multiplexed-samples/IGVFSM5918MBLK/,"/rodent-donors/IGVFDO2831PZHE/,/rodent-donors/IGVFDO5258MBVH/,/rodent-donors/IGVFDO9340WGNV/,/rodent-donors/IGVFDO6141KSSQ/,/rodent-donors/IGVFDO3640WUBU/,/rodent-donors/IGVFDO5085MJSP/,/rodent-donors/IGVFDO9202WGJZ/,/rodent-donors/IGVFDO9890MXGN/,/rodent-donors/IGVFDO5872DFML/,/rodent-donors/IGVFDO4469VYEZ/,/rodent-donors/IGVFDO7957DMLJ/,/rodent-donors/IGVFDO8698PVAJ/,/rodent-donors/IGVFDO0624KKTV/,/rodent-donors/IGVFDO1452VDIT/,/rodent-donors/IGVFDO0813DZTW/,/rodent-donors/IGVFDO0751WQHI/,/rodent-donors/IGVFDO4546RHSG/,/rodent-donors/IGVFDO0696DMIA/,/rodent-donors/IGVFDO5183UZGS/,/rodent-donors/IGVFDO6112GRYR/,/rodent-donors/IGVFDO6124WGNO/,/rodent-donors/IGVFDO9142EUBJ/,/rodent-donors/IGVFDO3603MEIO/,/rodent-donors/IGVFDO7062NBTQ/,/rodent-donors/IGVFDO7255VZBN/,/rodent-donors/IGVFDO9510ILZG/,/rodent-donors/IGVFDO5737FRWD/,/rodent-donors/IGVFDO1477BPVO/,/rodent-donors/IGVFDO0681EHNP/,/rodent-donors/IGVFDO3436ZMLY/,/rodent-donors/IGVFDO3534MDFF/,/rodent-donors/IGVFDO4725SNCJ/,/rodent-donors/IGVFDO6607QZPA/,/rodent-donors/IGVFDO0853BCOL/,/rodent-donors/IGVFDO8958JQIY/,/rodent-donors/IGVFDO8904OIIT/,/rodent-donors/IGVFDO2645GUSC/,/rodent-donors/IGVFDO2319OUEC/,/rodent-donors/IGVFDO0026YRCR/,/rodent-donors/IGVFDO5523UFUN/,/rodent-donors/IGVFDO6219LVKW/,/rodent-donors/IGVFDO8276XXVT/,/rodent-donors/IGVFDO1643VEDI/,/rodent-donors/IGVFDO4707SGWM/,/rodent-donors/IGVFDO6066JIEJ/,/rodent-donors/IGVFDO0430HQIU/,/rodent-donors/IGVFDO2517TXOT/,/rodent-donors/IGVFDO5177QEWF/,/rodent-donors/IGVFDO7951JDSP/,/rodent-donors/IGVFDO2292YGGE/,/rodent-donors/IGVFDO2106EEWB/,/rodent-donors/IGVFDO7007WBAX/,/rodent-donors/IGVFDO8322VYDU/,/rodent-donors/IGVFDO6614NNPY/,/rodent-donors/IGVFDO9199TPBC/,/rodent-donors/IGVFDO9560CEGZ/,/rodent-donors/IGVFDO5539RLXJ/,/rodent-donors/IGVFDO5810HOHC/,/rodent-donors/IGVFDO1744FDIX/,/rodent-donors/IGVFDO4788BIQB/,/rodent-donors/IGVFDO7254QNQZ/,/rodent-donors/IGVFDO7610XXRR/,/rodent-donors/IGVFDO8152XDDC/,/rodent-donors/IGVFDO9374WXKK/,/rodent-donors/IGVFDO3655FKMR/,/rodent-donors/IGVFDO3662UKFW/,/rodent-donors/IGVFDO3207TERA/,/rodent-donors/IGVFDO2301HIUQ/,/rodent-donors/IGVFDO5502NJPS/,/rodent-donors/IGVFDO3762EAWT/",/labs/ali-mortazavi/,/awards/HG012077/,/assay-terms/OBI_0003109/,Parse SPLiT-seq,"https://www.protocols.io/view/evercode-single-index-pcr-5jyl82k9rl2w/v1, https://www.protocols.io/view/evercode-wt-mega-v2-2-1-8epv5xxrng1b/v1, https://www.protocols.io/view/protocol-to-isolate-and-fix-nuclei-from-flash-froz-14egn334ml5d/v2, https://www.protocols.io/view/protocol-to-isolate-and-fix-nuclei-from-flash-froz-n2bvj3noplk5/v2",mRNA enriched,single-nucleus RNA sequencing assay (Parse SPLiT-seq),Mus musculus,
/measurement-sets/IGVFDS2665DDUU/,IGVFDS2665DDUU,2954427e-fc7b-4cba-ab3e-5080d3ecee50,ali-mortazavi:010_67K_illumina,12,010,Kidney,Gastrocnemius,/multiplexed-samples/IGVFSM3766TQRT/,"/rodent-donors/IGVFDO4469VYEZ/,/rodent-donors/IGVFDO6066JIEJ/,/rodent-donors/IGVFDO1477BPVO/,/rodent-donors/IGVFDO2106EEWB/,/rodent-donors/IGVFDO0813DZTW/,/rodent-donors/IGVFDO5183UZGS/,/rodent-donors/IGVFDO2301HIUQ/,/rodent-donors/IGVFDO4707SGWM/,/rodent-donors/IGVFDO8698PVAJ/,/rodent-donors/IGVFDO2319OUEC/,/rodent-donors/IGVFDO2645GUSC/,/rodent-donors/IGVFDO3534MDFF/,/rodent-donors/IGVFDO2831PZHE/,/rodent-donors/IGVFDO5810HOHC/,/rodent-donors/IGVFDO5177QEWF/,/rodent-donors/IGVFDO7957DMLJ/,/rodent-donors/IGVFDO4725SNCJ/,/rodent-donors/IGVFDO7254QNQZ/,/rodent-donors/IGVFDO9142EUBJ/,/rodent-donors/IGVFDO1643VEDI/,/rodent-donors/IGVFDO4546RHSG/,/rodent-donors/IGVFDO9340WGNV/,/rodent-donors/IGVFDO9560CEGZ/,/rodent-donors/IGVFDO0681EHNP/,/rodent-donors/IGVFDO7007WBAX/,/rodent-donors/IGVFDO7255VZBN/,/rodent-donors/IGVFDO9374WXKK/,/rodent-donors/IGVFDO8322VYDU/,/rodent-donors/IGVFDO5502NJPS/,/rodent-donors/IGVFDO5085MJSP/,/rodent-donors/IGVFDO4788BIQB/,/rodent-donors/IGVFDO5523UFUN/,/rodent-donors/IGVFDO6607QZPA/,/rodent-donors/IGVFDO7610XXRR/,/rodent-donors/IGVFDO8904OIIT/,/rodent-donors/IGVFDO1744FDIX/,/rodent-donors/IGVFDO3436ZMLY/,/rodent-donors/IGVFDO3655FKMR/,/rodent-donors/IGVFDO9202WGJZ/,/rodent-donors/IGVFDO2292YGGE/,/rodent-donors/IGVFDO8276XXVT/,/rodent-donors/IGVFDO7062NBTQ/,/rodent-donors/IGVFDO3603MEIO/,/rodent-donors/IGVFDO9199TPBC/,/rodent-donors/IGVFDO9510ILZG/,/rodent-donors/IGVFDO0751WQHI/,/rodent-donors/IGVFDO6112GRYR/,/rodent-donors/IGVFDO1452VDIT/,/rodent-donors/IGVFDO6141KSSQ/,/rodent-donors/IGVFDO2517TXOT/,/rodent-donors/IGVFDO7951JDSP/,/rodent-donors/IGVFDO8152XDDC/,/rodent-donors/IGVFDO5539RLXJ/,/rodent-donors/IGVFDO0853BCOL/,/rodent-donors/IGVFDO0696DMIA/,/rodent-donors/IGVFDO8958JQIY/,/rodent-donors/IGVFDO0624KKTV/,/rodent-donors/IGVFDO3762EAWT/,/rodent-donors/IGVFDO6219LVKW/,/rodent-donors/IGVFDO0026YRCR/,/rodent-donors/IGVFDO3207TERA/,/rodent-donors/IGVFDO5872DFML/,/rodent-donors/IGVFDO5737FRWD/,/rodent-donors/IGVFDO6614NNPY/,/rodent-donors/IGVFDO6124WGNO/,/rodent-donors/IGVFDO0430HQIU/,/rodent-donors/IGVFDO9890MXGN/,/rodent-donors/IGVFDO5258MBVH/,/rodent-donors/IGVFDO3662UKFW/,/rodent-donors/IGVFDO3640WUBU/",/labs/ali-mortazavi/,/awards/HG012077/,/assay-terms/OBI_0003109/,Parse SPLiT-seq,"https://www.protocols.io/view/evercode-single-index-pcr-5jyl82k9rl2w/v1, https://www.protocols.io/view/evercode-wt-mega-v2-2-1-8epv5xxrng1b/v1, https://www.protocols.io/view/protocol-to-isolate-and-fix-nuclei-from-flash-froz-14egn334ml5d/v2, https://www.protocols.io/view/protocol-to-isolate-and-fix-nuclei-from-flash-froz-n2bvj3noplk5/v2",mRNA enriched,single-nucleus RNA sequencing assay (Parse SPLiT-seq),Mus musculus,
/measurement-sets/IGVFDS0378JGOP/,IGVFDS0378JGOP,6be8d2d5-5716-44cd-9626-e112262608a3,ali-mortazavi:010_67L_illumina,13,010,Kidney,Gastrocnemius,/multiplexed-samples/IGVFSM9503ZUAX/,"/rodent-donors/IGVFDO4469VYEZ/,/rodent-donors/IGVFDO6066JIEJ/,/rodent-donors/IGVFDO1477BPVO/,/rodent-donors/IGVFDO2106EEWB/,/rodent-donors/IGVFDO0813DZTW/,/rodent-donors/IGVFDO5183UZGS/,/rodent-donors/IGVFDO2301HIUQ/,/rodent-donors/IGVFDO4707SGWM/,/rodent-donors/IGVFDO8698PVAJ/,/rodent-donors/IGVFDO2319OUEC/,/rodent-donors/IGVFDO2645GUSC/,/rodent-donors/IGVFDO3534MDFF/,/rodent-donors/IGVFDO2831PZHE/,/rodent-donors/IGVFDO5810HOHC/,/rodent-donors/IGVFDO5177QEWF/,/rodent-donors/IGVFDO7957DMLJ/,/rodent-donors/IGVFDO4725SNCJ/,/rodent-donors/IGVFDO7254QNQZ/,/rodent-donors/IGVFDO9142EUBJ/,/rodent-donors/IGVFDO1643VEDI/,/rodent-donors/IGVFDO4546RHSG/,/rodent-donors/IGVFDO9340WGNV/,/rodent-donors/IGVFDO9560CEGZ/,/rodent-donors/IGVFDO0681EHNP/,/rodent-donors/IGVFDO7007WBAX/,/rodent-donors/IGVFDO7255VZBN/,/rodent-donors/IGVFDO9374WXKK/,/rodent-donors/IGVFDO8322VYDU/,/rodent-donors/IGVFDO5502NJPS/,/rodent-donors/IGVFDO5085MJSP/,/rodent-donors/IGVFDO4788BIQB/,/rodent-donors/IGVFDO5523UFUN/,/rodent-donors/IGVFDO6607QZPA/,/rodent-donors/IGVFDO7610XXRR/,/rodent-donors/IGVFDO8904OIIT/,/rodent-donors/IGVFDO1744FDIX/,/rodent-donors/IGVFDO3436ZMLY/,/rodent-donors/IGVFDO3655FKMR/,/rodent-donors/IGVFDO9202WGJZ/,/rodent-donors/IGVFDO2292YGGE/,/rodent-donors/IGVFDO8276XXVT/,/rodent-donors/IGVFDO7062NBTQ/,/rodent-donors/IGVFDO3603MEIO/,/rodent-donors/IGVFDO9199TPBC/,/rodent-donors/IGVFDO9510ILZG/,/rodent-donors/IGVFDO0751WQHI/,/rodent-donors/IGVFDO6112GRYR/,/rodent-donors/IGVFDO1452VDIT/,/rodent-donors/IGVFDO6141KSSQ/,/rodent-donors/IGVFDO2517TXOT/,/rodent-donors/IGVFDO7951JDSP/,/rodent-donors/IGVFDO8152XDDC/,/rodent-donors/IGVFDO5539RLXJ/,/rodent-donors/IGVFDO0853BCOL/,/rodent-donors/IGVFDO0696DMIA/,/rodent-donors/IGVFDO8958JQIY/,/rodent-donors/IGVFDO0624KKTV/,/rodent-donors/IGVFDO3762EAWT/,/rodent-donors/IGVFDO6219LVKW/,/rodent-donors/IGVFDO0026YRCR/,/rodent-donors/IGVFDO3207TERA/,/rodent-donors/IGVFDO5872DFML/,/rodent-donors/IGVFDO5737FRWD/,/rodent-donors/IGVFDO6614NNPY/,/rodent-donors/IGVFDO6124WGNO/,/rodent-donors/IGVFDO0430HQIU/,/rodent-donors/IGVFDO9890MXGN/,/rodent-donors/IGVFDO5258MBVH/,/rodent-donors/IGVFDO3662UKFW/,/rodent-donors/IGVFDO3640WUBU/",/labs/ali-mortazavi/,/awards/HG012077/,/assay-terms/OBI_0003109/,Parse SPLiT-seq,"https://www.protocols.io/view/evercode-single-index-pcr-5jyl82k9rl2w/v1, https://www.protocols.io/view/evercode-wt-mega-v2-2-1-8epv5xxrng1b/v1, https://www.protocols.io/view/protocol-to-isolate-and-fix-nuclei-from-flash-froz-14egn334ml5d/v2, https://www.protocols.io/view/protocol-to-isolate-and-fix-nuclei-from-flash-froz-n2bvj3noplk5/v2",mRNA enriched,single-nucleus RNA sequencing assay (Parse SPLiT-seq),Mus musculus,
/measurement-sets/IGVFDS9787SUBA/,IGVFDS9787SUBA,3bf153e3-8fea-40e8-80f1-b5303f094aea,ali-mortazavi:010_67M_illumina,14,010,Kidney,Gastrocnemius,/multiplexed-samples/IGVFSM7708MKPQ/,"/rodent-donors/IGVFDO4469VYEZ/,/rodent-donors/IGVFDO6066JIEJ/,/rodent-donors/IGVFDO1477BPVO/,/rodent-donors/IGVFDO2106EEWB/,/rodent-donors/IGVFDO0813DZTW/,/rodent-donors/IGVFDO5183UZGS/,/rodent-donors/IGVFDO2301HIUQ/,/rodent-donors/IGVFDO4707SGWM/,/rodent-donors/IGVFDO8698PVAJ/,/rodent-donors/IGVFDO2319OUEC/,/rodent-donors/IGVFDO2645GUSC/,/rodent-donors/IGVFDO3534MDFF/,/rodent-donors/IGVFDO2831PZHE/,/rodent-donors/IGVFDO5810HOHC/,/rodent-donors/IGVFDO5177QEWF/,/rodent-donors/IGVFDO7957DMLJ/,/rodent-donors/IGVFDO4725SNCJ/,/rodent-donors/IGVFDO7254QNQZ/,/rodent-donors/IGVFDO9142EUBJ/,/rodent-donors/IGVFDO1643VEDI/,/rodent-donors/IGVFDO4546RHSG/,/rodent-donors/IGVFDO9340WGNV/,/rodent-donors/IGVFDO9560CEGZ/,/rodent-donors/IGVFDO0681EHNP/,/rodent-donors/IGVFDO7007WBAX/,/rodent-donors/IGVFDO7255VZBN/,/rodent-donors/IGVFDO9374WXKK/,/rodent-donors/IGVFDO8322VYDU/,/rodent-donors/IGVFDO5502NJPS/,/rodent-donors/IGVFDO5085MJSP/,/rodent-donors/IGVFDO4788BIQB/,/rodent-donors/IGVFDO5523UFUN/,/rodent-donors/IGVFDO6607QZPA/,/rodent-donors/IGVFDO7610XXRR/,/rodent-donors/IGVFDO8904OIIT/,/rodent-donors/IGVFDO1744FDIX/,/rodent-donors/IGVFDO3436ZMLY/,/rodent-donors/IGVFDO3655FKMR/,/rodent-donors/IGVFDO9202WGJZ/,/rodent-donors/IGVFDO2292YGGE/,/rodent-donors/IGVFDO8276XXVT/,/rodent-donors/IGVFDO7062NBTQ/,/rodent-donors/IGVFDO3603MEIO/,/rodent-donors/IGVFDO9199TPBC/,/rodent-donors/IGVFDO9510ILZG/,/rodent-donors/IGVFDO0751WQHI/,/rodent-donors/IGVFDO6112GRYR/,/rodent-donors/IGVFDO1452VDIT/,/rodent-donors/IGVFDO6141KSSQ/,/rodent-donors/IGVFDO2517TXOT/,/rodent-donors/IGVFDO7951JDSP/,/rodent-donors/IGVFDO8152XDDC/,/rodent-donors/IGVFDO5539RLXJ/,/rodent-donors/IGVFDO0853BCOL/,/rodent-donors/IGVFDO0696DMIA/,/rodent-donors/IGVFDO8958JQIY/,/rodent-donors/IGVFDO0624KKTV/,/rodent-donors/IGVFDO3762EAWT/,/rodent-donors/IGVFDO6219LVKW/,/rodent-donors/IGVFDO0026YRCR/,/rodent-donors/IGVFDO3207TERA/,/rodent-donors/IGVFDO5872DFML/,/rodent-donors/IGVFDO5737FRWD/,/rodent-donors/IGVFDO6614NNPY/,/rodent-donors/IGVFDO6124WGNO/,/rodent-donors/IGVFDO0430HQIU/,/rodent-donors/IGVFDO9890MXGN/,/rodent-donors/IGVFDO5258MBVH/,/rodent-donors/IGVFDO3662UKFW/,/rodent-donors/IGVFDO3640WUBU/",/labs/ali-mortazavi/,/awards/HG012077/,/assay-terms/OBI_0003109/,Parse SPLiT-seq,"https://www.protocols.io/view/evercode-single-index-pcr-5jyl82k9rl2w/v1, https://www.protocols.io/view/evercode-wt-mega-v2-2-1-8epv5xxrng1b/v1, https://www.protocols.io/view/protocol-to-isolate-and-fix-nuclei-from-flash-froz-14egn334ml5d/v2, https://www.protocols.io/view/protocol-to-isolate-and-fix-nuclei-from-flash-froz-n2bvj3noplk5/v2",mRNA enriched,single-nucleus RNA sequencing assay (Parse SPLiT-seq),Mus musculus,
/measurement-sets/IGVFDS2689YHSU/,IGVFDS2689YHSU,de369d7c-623c-462c-a3db-24f6ba2e0b08,ali-mortazavi:010_67N_illumina,15,010,Kidney,Gastrocnemius,/multiplexed-samples/IGVFSM4001TDPF/,"/rodent-donors/IGVFDO4469VYEZ/,/rodent-donors/IGVFDO6066JIEJ/,/rodent-donors/IGVFDO1477BPVO/,/rodent-donors/IGVFDO2106EEWB/,/rodent-donors/IGVFDO0813DZTW/,/rodent-donors/IGVFDO5183UZGS/,/rodent-donors/IGVFDO2301HIUQ/,/rodent-donors/IGVFDO4707SGWM/,/rodent-donors/IGVFDO8698PVAJ/,/rodent-donors/IGVFDO2319OUEC/,/rodent-donors/IGVFDO2645GUSC/,/rodent-donors/IGVFDO3534MDFF/,/rodent-donors/IGVFDO2831PZHE/,/rodent-donors/IGVFDO5810HOHC/,/rodent-donors/IGVFDO5177QEWF/,/rodent-donors/IGVFDO7957DMLJ/,/rodent-donors/IGVFDO4725SNCJ/,/rodent-donors/IGVFDO7254QNQZ/,/rodent-donors/IGVFDO9142EUBJ/,/rodent-donors/IGVFDO1643VEDI/,/rodent-donors/IGVFDO4546RHSG/,/rodent-donors/IGVFDO9340WGNV/,/rodent-donors/IGVFDO9560CEGZ/,/rodent-donors/IGVFDO0681EHNP/,/rodent-donors/IGVFDO7007WBAX/,/rodent-donors/IGVFDO7255VZBN/,/rodent-donors/IGVFDO9374WXKK/,/rodent-donors/IGVFDO8322VYDU/,/rodent-donors/IGVFDO5502NJPS/,/rodent-donors/IGVFDO5085MJSP/,/rodent-donors/IGVFDO4788BIQB/,/rodent-donors/IGVFDO5523UFUN/,/rodent-donors/IGVFDO6607QZPA/,/rodent-donors/IGVFDO7610XXRR/,/rodent-donors/IGVFDO8904OIIT/,/rodent-donors/IGVFDO1744FDIX/,/rodent-donors/IGVFDO3436ZMLY/,/rodent-donors/IGVFDO3655FKMR/,/rodent-donors/IGVFDO9202WGJZ/,/rodent-donors/IGVFDO2292YGGE/,/rodent-donors/IGVFDO8276XXVT/,/rodent-donors/IGVFDO7062NBTQ/,/rodent-donors/IGVFDO3603MEIO/,/rodent-donors/IGVFDO9199TPBC/,/rodent-donors/IGVFDO9510ILZG/,/rodent-donors/IGVFDO0751WQHI/,/rodent-donors/IGVFDO6112GRYR/,/rodent-donors/IGVFDO1452VDIT/,/rodent-donors/IGVFDO6141KSSQ/,/rodent-donors/IGVFDO2517TXOT/,/rodent-donors/IGVFDO7951JDSP/,/rodent-donors/IGVFDO8152XDDC/,/rodent-donors/IGVFDO5539RLXJ/,/rodent-donors/IGVFDO0853BCOL/,/rodent-donors/IGVFDO0696DMIA/,/rodent-donors/IGVFDO8958JQIY/,/rodent-donors/IGVFDO0624KKTV/,/rodent-donors/IGVFDO3762EAWT/,/rodent-donors/IGVFDO6219LVKW/,/rodent-donors/IGVFDO0026YRCR/,/rodent-donors/IGVFDO3207TERA/,/rodent-donors/IGVFDO5872DFML/,/rodent-donors/IGVFDO5737FRWD/,/rodent-donors/IGVFDO6614NNPY/,/rodent-donors/IGVFDO6124WGNO/,/rodent-donors/IGVFDO0430HQIU/,/rodent-donors/IGVFDO9890MXGN/,/rodent-donors/IGVFDO5258MBVH/,/rodent-donors/IGVFDO3662UKFW/,/rodent-donors/IGVFDO3640WUBU/",/labs/ali-mortazavi/,/awards/HG012077/,/assay-terms/OBI_0003109/,Parse SPLiT-seq,"https://www.protocols.io/view/evercode-single-index-pcr-5jyl82k9rl2w/v1, https://www.protocols.io/view/evercode-wt-mega-v2-2-1-8epv5xxrng1b/v1, https://www.protocols.io/view/protocol-to-isolate-and-fix-nuclei-from-flash-froz-14egn334ml5d/v2, https://www.protocols.io/view/protocol-to-isolate-and-fix-nuclei-from-flash-froz-n2bvj3noplk5/v2",mRNA enriched,single-nucleus RNA sequencing assay (Parse SPLiT-seq),Mus musculus,
/measurement-sets/IGVFDS5969XSBI/,IGVFDS5969XSBI,f41c6910-bb3e-4671-be32-80bb7c79ade9,ali-mortazavi:010_67O_illumina,16,010,Kidney,Gastrocnemius,/multiplexed-samples/IGVFSM2772WEJT/,"/rodent-donors/IGVFDO2831PZHE/,/rodent-donors/IGVFDO5258MBVH/,/rodent-donors/IGVFDO9340WGNV/,/rodent-donors/IGVFDO6141KSSQ/,/rodent-donors/IGVFDO3640WUBU/,/rodent-donors/IGVFDO5085MJSP/,/rodent-donors/IGVFDO9202WGJZ/,/rodent-donors/IGVFDO9890MXGN/,/rodent-donors/IGVFDO5872DFML/,/rodent-donors/IGVFDO4469VYEZ/,/rodent-donors/IGVFDO7957DMLJ/,/rodent-donors/IGVFDO8698PVAJ/,/rodent-donors/IGVFDO0624KKTV/,/rodent-donors/IGVFDO1452VDIT/,/rodent-donors/IGVFDO0813DZTW/,/rodent-donors/IGVFDO0751WQHI/,/rodent-donors/IGVFDO4546RHSG/,/rodent-donors/IGVFDO0696DMIA/,/rodent-donors/IGVFDO5183UZGS/,/rodent-donors/IGVFDO6112GRYR/,/rodent-donors/IGVFDO6124WGNO/,/rodent-donors/IGVFDO9142EUBJ/,/rodent-donors/IGVFDO3603MEIO/,/rodent-donors/IGVFDO7062NBTQ/,/rodent-donors/IGVFDO7255VZBN/,/rodent-donors/IGVFDO9510ILZG/,/rodent-donors/IGVFDO5737FRWD/,/rodent-donors/IGVFDO1477BPVO/,/rodent-donors/IGVFDO0681EHNP/,/rodent-donors/IGVFDO3436ZMLY/,/rodent-donors/IGVFDO3534MDFF/,/rodent-donors/IGVFDO4725SNCJ/,/rodent-donors/IGVFDO6607QZPA/,/rodent-donors/IGVFDO0853BCOL/,/rodent-donors/IGVFDO8958JQIY/,/rodent-donors/IGVFDO8904OIIT/,/rodent-donors/IGVFDO2645GUSC/,/rodent-donors/IGVFDO2319OUEC/,/rodent-donors/IGVFDO0026YRCR/,/rodent-donors/IGVFDO5523UFUN/,/rodent-donors/IGVFDO6219LVKW/,/rodent-donors/IGVFDO8276XXVT/,/rodent-donors/IGVFDO1643VEDI/,/rodent-donors/IGVFDO4707SGWM/,/rodent-donors/IGVFDO6066JIEJ/,/rodent-donors/IGVFDO0430HQIU/,/rodent-donors/IGVFDO2517TXOT/,/rodent-donors/IGVFDO5177QEWF/,/rodent-donors/IGVFDO7951JDSP/,/rodent-donors/IGVFDO2292YGGE/,/rodent-donors/IGVFDO2106EEWB/,/rodent-donors/IGVFDO7007WBAX/,/rodent-donors/IGVFDO8322VYDU/,/rodent-donors/IGVFDO6614NNPY/,/rodent-donors/IGVFDO9199TPBC/,/rodent-donors/IGVFDO9560CEGZ/,/rodent-donors/IGVFDO5539RLXJ/,/rodent-donors/IGVFDO5810HOHC/,/rodent-donors/IGVFDO1744FDIX/,/rodent-donors/IGVFDO4788BIQB/,/rodent-donors/IGVFDO7254QNQZ/,/rodent-donors/IGVFDO7610XXRR/,/rodent-donors/IGVFDO8152XDDC/,/rodent-donors/IGVFDO9374WXKK/,/rodent-donors/IGVFDO3655FKMR/,/rodent-donors/IGVFDO3662UKFW/,/rodent-donors/IGVFDO3207TERA/,/rodent-donors/IGVFDO2301HIUQ/,/rodent-donors/IGVFDO5502NJPS/,/rodent-donors/IGVFDO3762EAWT/",/labs/ali-mortazavi/,/awards/HG012077/,/assay-terms/OBI_0003109/,Parse SPLiT-seq,"https://www.protocols.io/view/evercode-single-index-pcr-5jyl82k9rl2w/v1, https://www.protocols.io/view/evercode-wt-mega-v2-2-1-8epv5xxrng1b/v1, https://www.protocols.io/view/protocol-to-isolate-and-fix-nuclei-from-flash-froz-14egn334ml5d/v2, https://www.protocols.io/view/protocol-to-isolate-and-fix-nuclei-from-flash-froz-n2bvj3noplk5/v2",mRNA enriched,single-nucleus RNA sequencing assay (Parse SPLiT-seq),Mus musculus,
/measurement-sets/IGVFDS5218TYLY/,IGVFDS5218TYLY,bdf31b10-0e6e-462f-b599-f1d3c840e96f,ali-mortazavi:010_13A_illumina,EX,010,Kidney,Gastrocnemius,/multiplexed-samples/IGVFSM6664NDFW/,"/rodent-donors/IGVFDO5085MJSP/,/rodent-donors/IGVFDO6066JIEJ/,/rodent-donors/IGVFDO6141KSSQ/,/rodent-donors/IGVFDO5539RLXJ/,/rodent-donors/IGVFDO9202WGJZ/,/rodent-donors/IGVFDO2301HIUQ/,/rodent-donors/IGVFDO7007WBAX/,/rodent-donors/IGVFDO7254QNQZ/,/rodent-donors/IGVFDO2645GUSC/,/rodent-donors/IGVFDO4469VYEZ/,/rodent-donors/IGVFDO5523UFUN/,/rodent-donors/IGVFDO9890MXGN/,/rodent-donors/IGVFDO1477BPVO/,/rodent-donors/IGVFDO3762EAWT/,/rodent-donors/IGVFDO6219LVKW/,/rodent-donors/IGVFDO7062NBTQ/,/rodent-donors/IGVFDO6607QZPA/,/rodent-donors/IGVFDO8322VYDU/,/rodent-donors/IGVFDO1452VDIT/,/rodent-donors/IGVFDO3534MDFF/,/rodent-donors/IGVFDO6124WGNO/,/rodent-donors/IGVFDO3207TERA/,/rodent-donors/IGVFDO5258MBVH/,/rodent-donors/IGVFDO8904OIIT/,/rodent-donors/IGVFDO5177QEWF/,/rodent-donors/IGVFDO5810HOHC/,/rodent-donors/IGVFDO4707SGWM/,/rodent-donors/IGVFDO8698PVAJ/,/rodent-donors/IGVFDO2319OUEC/,/rodent-donors/IGVFDO7951JDSP/,/rodent-donors/IGVFDO7957DMLJ/,/rodent-donors/IGVFDO9560CEGZ/,/rodent-donors/IGVFDO9340WGNV/,/rodent-donors/IGVFDO3603MEIO/,/rodent-donors/IGVFDO2517TXOT/,/rodent-donors/IGVFDO4725SNCJ/,/rodent-donors/IGVFDO6614NNPY/,/rodent-donors/IGVFDO0696DMIA/,/rodent-donors/IGVFDO9374WXKK/,/rodent-donors/IGVFDO1643VEDI/,/rodent-donors/IGVFDO3655FKMR/,/rodent-donors/IGVFDO5502NJPS/,/rodent-donors/IGVFDO2106EEWB/,/rodent-donors/IGVFDO8958JQIY/,/rodent-donors/IGVFDO2292YGGE/,/rodent-donors/IGVFDO8276XXVT/,/rodent-donors/IGVFDO9199TPBC/,/rodent-donors/IGVFDO6112GRYR/,/rodent-donors/IGVFDO3640WUBU/,/rodent-donors/IGVFDO4788BIQB/,/rodent-donors/IGVFDO1744FDIX/,/rodent-donors/IGVFDO0681EHNP/,/rodent-donors/IGVFDO0624KKTV/,/rodent-donors/IGVFDO3662UKFW/,/rodent-donors/IGVFDO0026YRCR/,/rodent-donors/IGVFDO0853BCOL/,/rodent-donors/IGVFDO7255VZBN/,/rodent-donors/IGVFDO0813DZTW/,/rodent-donors/IGVFDO8152XDDC/,/rodent-donors/IGVFDO4546RHSG/,/rodent-donors/IGVFDO5737FRWD/,/rodent-donors/IGVFDO5872DFML/,/rodent-donors/IGVFDO9510ILZG/,/rodent-donors/IGVFDO5183UZGS/,/rodent-donors/IGVFDO9142EUBJ/,/rodent-donors/IGVFDO3436ZMLY/,/rodent-donors/IGVFDO7610XXRR/,/rodent-donors/IGVFDO0430HQIU/,/rodent-donors/IGVFDO2831PZHE/,/rodent-donors/IGVFDO0751WQHI/",/labs/ali-mortazavi/,/awards/HG012077/,/assay-terms/OBI_0003109/,Parse SPLiT-seq,"https://www.protocols.io/view/cdna-exome-capture-v1-0-1-36wgq3b83lk5/v1, https://www.protocols.io/view/evercode-single-index-pcr-5jyl82k9rl2w/v1, https://www.protocols.io/view/evercode-wt-mega-v2-2-1-8epv5xxrng1b/v1, https://www.protocols.io/view/ont-library-prep-for-split-seq-cdna-eq2lyj1xmlx9/v1, https://www.protocols.io/view/protocol-to-isolate-and-fix-nuclei-from-flash-froz-14egn334ml5d/v2, https://www.protocols.io/view/protocol-to-isolate-and-fix-nuclei-from-flash-froz-n2bvj3noplk5/v2",exome capture,single-nucleus RNA sequencing assay (Parse SPLiT-seq),Mus musculus,Exome capture subpool
/measurement-sets/IGVFDS0268QDMA/,IGVFDS0268QDMA,8d3b817a-34f5-42f8-be58-8593ce044579,ali-mortazavi:011_67A_illumina,2,011,Gastrocnemius,Cortex/Hippocampus,/multiplexed-samples/IGVFSM2518DUNF/,"/rodent-donors/IGVFDO4469VYEZ/,/rodent-donors/IGVFDO6066JIEJ/,/rodent-donors/IGVFDO1477BPVO/,/rodent-donors/IGVFDO2106EEWB/,/rodent-donors/IGVFDO0813DZTW/,/rodent-donors/IGVFDO5183UZGS/,/rodent-donors/IGVFDO2301HIUQ/,/rodent-donors/IGVFDO4707SGWM/,/rodent-donors/IGVFDO8698PVAJ/,/rodent-donors/IGVFDO2319OUEC/,/rodent-donors/IGVFDO2645GUSC/,/rodent-donors/IGVFDO3534MDFF/,/rodent-donors/IGVFDO2831PZHE/,/rodent-donors/IGVFDO5810HOHC/,/rodent-donors/IGVFDO5177QEWF/,/rodent-donors/IGVFDO7957DMLJ/,/rodent-donors/IGVFDO4725SNCJ/,/rodent-donors/IGVFDO7254QNQZ/,/rodent-donors/IGVFDO9142EUBJ/,/rodent-donors/IGVFDO1643VEDI/,/rodent-donors/IGVFDO4546RHSG/,/rodent-donors/IGVFDO9340WGNV/,/rodent-donors/IGVFDO9560CEGZ/,/rodent-donors/IGVFDO0681EHNP/,/rodent-donors/IGVFDO7007WBAX/,/rodent-donors/IGVFDO7255VZBN/,/rodent-donors/IGVFDO9374WXKK/,/rodent-donors/IGVFDO8322VYDU/,/rodent-donors/IGVFDO5502NJPS/,/rodent-donors/IGVFDO5085MJSP/,/rodent-donors/IGVFDO4788BIQB/,/rodent-donors/IGVFDO5523UFUN/,/rodent-donors/IGVFDO6607QZPA/,/rodent-donors/IGVFDO7610XXRR/,/rodent-donors/IGVFDO8904OIIT/,/rodent-donors/IGVFDO1744FDIX/,/rodent-donors/IGVFDO3436ZMLY/,/rodent-donors/IGVFDO3655FKMR/,/rodent-donors/IGVFDO9202WGJZ/,/rodent-donors/IGVFDO2292YGGE/,/rodent-donors/IGVFDO8276XXVT/,/rodent-donors/IGVFDO7062NBTQ/,/rodent-donors/IGVFDO3603MEIO/,/rodent-donors/IGVFDO9199TPBC/,/rodent-donors/IGVFDO9510ILZG/,/rodent-donors/IGVFDO0751WQHI/,/rodent-donors/IGVFDO6112GRYR/,/rodent-donors/IGVFDO1452VDIT/,/rodent-donors/IGVFDO6141KSSQ/,/rodent-donors/IGVFDO2517TXOT/,/rodent-donors/IGVFDO7951JDSP/,/rodent-donors/IGVFDO8152XDDC/,/rodent-donors/IGVFDO5539RLXJ/,/rodent-donors/IGVFDO0853BCOL/,/rodent-donors/IGVFDO0696DMIA/,/rodent-donors/IGVFDO8958JQIY/,/rodent-donors/IGVFDO0624KKTV/,/rodent-donors/IGVFDO3762EAWT/,/rodent-donors/IGVFDO6219LVKW/,/rodent-donors/IGVFDO0026YRCR/,/rodent-donors/IGVFDO3207TERA/,/rodent-donors/IGVFDO5872DFML/,/rodent-donors/IGVFDO5737FRWD/,/rodent-donors/IGVFDO6614NNPY/,/rodent-donors/IGVFDO6124WGNO/,/rodent-donors/IGVFDO0430HQIU/,/rodent-donors/IGVFDO9890MXGN/,/rodent-donors/IGVFDO5258MBVH/,/rodent-donors/IGVFDO3662UKFW/,/rodent-donors/IGVFDO3640WUBU/",/labs/ali-mortazavi/,/awards/HG012077/,/assay-terms/OBI_0003109/,Parse SPLiT-seq,"https://www.protocols.io/view/evercode-single-index-pcr-5jyl82k9rl2w/v1, https://www.protocols.io/view/evercode-wt-mega-v2-2-1-8epv5xxrng1b/v1, https://www.protocols.io/view/protocol-to-isolate-and-fix-nuclei-from-flash-froz-eq2lyj17rlx9/v1, https://www.protocols.io/view/protocol-to-isolate-and-fix-nuclei-from-flash-froz-n2bvj3noplk5/v2",mRNA enriched,single-nucleus RNA sequencing assay (Parse SPLiT-seq),Mus musculus,
/measurement-sets/IGVFDS9490BYGZ/,IGVFDS9490BYGZ,c6b08226-2682-4b57-b415-bda481d5f1d6,ali-mortazavi:011_67B_illumina,3,011,Gastrocnemius,Cortex/Hippocampus,/multiplexed-samples/IGVFSM2569ZDGE/,"/rodent-donors/IGVFDO4469VYEZ/,/rodent-donors/IGVFDO6066JIEJ/,/rodent-donors/IGVFDO1477BPVO/,/rodent-donors/IGVFDO2106EEWB/,/rodent-donors/IGVFDO0813DZTW/,/rodent-donors/IGVFDO5183UZGS/,/rodent-donors/IGVFDO2301HIUQ/,/rodent-donors/IGVFDO4707SGWM/,/rodent-donors/IGVFDO8698PVAJ/,/rodent-donors/IGVFDO2319OUEC/,/rodent-donors/IGVFDO2645GUSC/,/rodent-donors/IGVFDO3534MDFF/,/rodent-donors/IGVFDO2831PZHE/,/rodent-donors/IGVFDO5810HOHC/,/rodent-donors/IGVFDO5177QEWF/,/rodent-donors/IGVFDO7957DMLJ/,/rodent-donors/IGVFDO4725SNCJ/,/rodent-donors/IGVFDO7254QNQZ/,/rodent-donors/IGVFDO9142EUBJ/,/rodent-donors/IGVFDO1643VEDI/,/rodent-donors/IGVFDO4546RHSG/,/rodent-donors/IGVFDO9340WGNV/,/rodent-donors/IGVFDO9560CEGZ/,/rodent-donors/IGVFDO0681EHNP/,/rodent-donors/IGVFDO7007WBAX/,/rodent-donors/IGVFDO7255VZBN/,/rodent-donors/IGVFDO9374WXKK/,/rodent-donors/IGVFDO8322VYDU/,/rodent-donors/IGVFDO5502NJPS/,/rodent-donors/IGVFDO5085MJSP/,/rodent-donors/IGVFDO4788BIQB/,/rodent-donors/IGVFDO5523UFUN/,/rodent-donors/IGVFDO6607QZPA/,/rodent-donors/IGVFDO7610XXRR/,/rodent-donors/IGVFDO8904OIIT/,/rodent-donors/IGVFDO1744FDIX/,/rodent-donors/IGVFDO3436ZMLY/,/rodent-donors/IGVFDO3655FKMR/,/rodent-donors/IGVFDO9202WGJZ/,/rodent-donors/IGVFDO2292YGGE/,/rodent-donors/IGVFDO8276XXVT/,/rodent-donors/IGVFDO7062NBTQ/,/rodent-donors/IGVFDO3603MEIO/,/rodent-donors/IGVFDO9199TPBC/,/rodent-donors/IGVFDO9510ILZG/,/rodent-donors/IGVFDO0751WQHI/,/rodent-donors/IGVFDO6112GRYR/,/rodent-donors/IGVFDO1452VDIT/,/rodent-donors/IGVFDO6141KSSQ/,/rodent-donors/IGVFDO2517TXOT/,/rodent-donors/IGVFDO7951JDSP/,/rodent-donors/IGVFDO8152XDDC/,/rodent-donors/IGVFDO5539RLXJ/,/rodent-donors/IGVFDO0853BCOL/,/rodent-donors/IGVFDO0696DMIA/,/rodent-donors/IGVFDO8958JQIY/,/rodent-donors/IGVFDO0624KKTV/,/rodent-donors/IGVFDO3762EAWT/,/rodent-donors/IGVFDO6219LVKW/,/rodent-donors/IGVFDO0026YRCR/,/rodent-donors/IGVFDO3207TERA/,/rodent-donors/IGVFDO5872DFML/,/rodent-donors/IGVFDO5737FRWD/,/rodent-donors/IGVFDO6614NNPY/,/rodent-donors/IGVFDO6124WGNO/,/rodent-donors/IGVFDO0430HQIU/,/rodent-donors/IGVFDO9890MXGN/,/rodent-donors/IGVFDO5258MBVH/,/rodent-donors/IGVFDO3662UKFW/,/rodent-donors/IGVFDO3640WUBU/",/labs/ali-mortazavi/,/awards/HG012077/,/assay-terms/OBI_0003109/,Parse SPLiT-seq,"https://www.protocols.io/view/evercode-single-index-pcr-5jyl82k9rl2w/v1, https://www.protocols.io/view/evercode-wt-mega-v2-2-1-8epv5xxrng1b/v1, https://www.protocols.io/view/protocol-to-isolate-and-fix-nuclei-from-flash-froz-eq2lyj17rlx9/v1, https://www.protocols.io/view/protocol-to-isolate-and-fix-nuclei-from-flash-froz-n2bvj3noplk5/v2",mRNA enriched,single-nucleus RNA sequencing assay (Parse SPLiT-seq),Mus musculus,
/measurement-sets/IGVFDS5202ZKVR/,IGVFDS5202ZKVR,f7efb177-b224-4e53-9678-94538042f631,ali-mortazavi:011_67C_illumina,4,011,Gastrocnemius,Cortex/Hippocampus,/multiplexed-samples/IGVFSM1116LSTK/,"/rodent-donors/IGVFDO4469VYEZ/,/rodent-donors/IGVFDO6066JIEJ/,/rodent-donors/IGVFDO1477BPVO/,/rodent-donors/IGVFDO2106EEWB/,/rodent-donors/IGVFDO0813DZTW/,/rodent-donors/IGVFDO5183UZGS/,/rodent-donors/IGVFDO2301HIUQ/,/rodent-donors/IGVFDO4707SGWM/,/rodent-donors/IGVFDO8698PVAJ/,/rodent-donors/IGVFDO2319OUEC/,/rodent-donors/IGVFDO2645GUSC/,/rodent-donors/IGVFDO3534MDFF/,/rodent-donors/IGVFDO2831PZHE/,/rodent-donors/IGVFDO5810HOHC/,/rodent-donors/IGVFDO5177QEWF/,/rodent-donors/IGVFDO7957DMLJ/,/rodent-donors/IGVFDO4725SNCJ/,/rodent-donors/IGVFDO7254QNQZ/,/rodent-donors/IGVFDO9142EUBJ/,/rodent-donors/IGVFDO1643VEDI/,/rodent-donors/IGVFDO4546RHSG/,/rodent-donors/IGVFDO9340WGNV/,/rodent-donors/IGVFDO9560CEGZ/,/rodent-donors/IGVFDO0681EHNP/,/rodent-donors/IGVFDO7007WBAX/,/rodent-donors/IGVFDO7255VZBN/,/rodent-donors/IGVFDO9374WXKK/,/rodent-donors/IGVFDO8322VYDU/,/rodent-donors/IGVFDO5502NJPS/,/rodent-donors/IGVFDO5085MJSP/,/rodent-donors/IGVFDO4788BIQB/,/rodent-donors/IGVFDO5523UFUN/,/rodent-donors/IGVFDO6607QZPA/,/rodent-donors/IGVFDO7610XXRR/,/rodent-donors/IGVFDO8904OIIT/,/rodent-donors/IGVFDO1744FDIX/,/rodent-donors/IGVFDO3436ZMLY/,/rodent-donors/IGVFDO3655FKMR/,/rodent-donors/IGVFDO9202WGJZ/,/rodent-donors/IGVFDO2292YGGE/,/rodent-donors/IGVFDO8276XXVT/,/rodent-donors/IGVFDO7062NBTQ/,/rodent-donors/IGVFDO3603MEIO/,/rodent-donors/IGVFDO9199TPBC/,/rodent-donors/IGVFDO9510ILZG/,/rodent-donors/IGVFDO0751WQHI/,/rodent-donors/IGVFDO6112GRYR/,/rodent-donors/IGVFDO1452VDIT/,/rodent-donors/IGVFDO6141KSSQ/,/rodent-donors/IGVFDO2517TXOT/,/rodent-donors/IGVFDO7951JDSP/,/rodent-donors/IGVFDO8152XDDC/,/rodent-donors/IGVFDO5539RLXJ/,/rodent-donors/IGVFDO0853BCOL/,/rodent-donors/IGVFDO0696DMIA/,/rodent-donors/IGVFDO8958JQIY/,/rodent-donors/IGVFDO0624KKTV/,/rodent-donors/IGVFDO3762EAWT/,/rodent-donors/IGVFDO6219LVKW/,/rodent-donors/IGVFDO0026YRCR/,/rodent-donors/IGVFDO3207TERA/,/rodent-donors/IGVFDO5872DFML/,/rodent-donors/IGVFDO5737FRWD/,/rodent-donors/IGVFDO6614NNPY/,/rodent-donors/IGVFDO6124WGNO/,/rodent-donors/IGVFDO0430HQIU/,/rodent-donors/IGVFDO9890MXGN/,/rodent-donors/IGVFDO5258MBVH/,/rodent-donors/IGVFDO3662UKFW/,/rodent-donors/IGVFDO3640WUBU/",/labs/ali-mortazavi/,/awards/HG012077/,/assay-terms/OBI_0003109/,Parse SPLiT-seq,"https://www.protocols.io/view/evercode-single-index-pcr-5jyl82k9rl2w/v1, https://www.protocols.io/view/evercode-wt-mega-v2-2-1-8epv5xxrng1b/v1, https://www.protocols.io/view/protocol-to-isolate-and-fix-nuclei-from-flash-froz-eq2lyj17rlx9/v1, https://www.protocols.io/view/protocol-to-isolate-and-fix-nuclei-from-flash-froz-n2bvj3noplk5/v2",mRNA enriched,single-nucleus RNA sequencing assay (Parse SPLiT-seq),Mus musculus,
/measurement-sets/IGVFDS1147YWRU/,IGVFDS1147YWRU,3d914730-d3d4-4e3d-8687-98cd87ac59d6,ali-mortazavi:011_67D_illumina,5,011,Gastrocnemius,Cortex/Hippocampus,/multiplexed-samples/IGVFSM3969LFGC/,"/rodent-donors/IGVFDO4469VYEZ/,/rodent-donors/IGVFDO6066JIEJ/,/rodent-donors/IGVFDO1477BPVO/,/rodent-donors/IGVFDO2106EEWB/,/rodent-donors/IGVFDO0813DZTW/,/rodent-donors/IGVFDO5183UZGS/,/rodent-donors/IGVFDO2301HIUQ/,/rodent-donors/IGVFDO4707SGWM/,/rodent-donors/IGVFDO8698PVAJ/,/rodent-donors/IGVFDO2319OUEC/,/rodent-donors/IGVFDO2645GUSC/,/rodent-donors/IGVFDO3534MDFF/,/rodent-donors/IGVFDO2831PZHE/,/rodent-donors/IGVFDO5810HOHC/,/rodent-donors/IGVFDO5177QEWF/,/rodent-donors/IGVFDO7957DMLJ/,/rodent-donors/IGVFDO4725SNCJ/,/rodent-donors/IGVFDO7254QNQZ/,/rodent-donors/IGVFDO9142EUBJ/,/rodent-donors/IGVFDO1643VEDI/,/rodent-donors/IGVFDO4546RHSG/,/rodent-donors/IGVFDO9340WGNV/,/rodent-donors/IGVFDO9560CEGZ/,/rodent-donors/IGVFDO0681EHNP/,/rodent-donors/IGVFDO7007WBAX/,/rodent-donors/IGVFDO7255VZBN/,/rodent-donors/IGVFDO9374WXKK/,/rodent-donors/IGVFDO8322VYDU/,/rodent-donors/IGVFDO5502NJPS/,/rodent-donors/IGVFDO5085MJSP/,/rodent-donors/IGVFDO4788BIQB/,/rodent-donors/IGVFDO5523UFUN/,/rodent-donors/IGVFDO6607QZPA/,/rodent-donors/IGVFDO7610XXRR/,/rodent-donors/IGVFDO8904OIIT/,/rodent-donors/IGVFDO1744FDIX/,/rodent-donors/IGVFDO3436ZMLY/,/rodent-donors/IGVFDO3655FKMR/,/rodent-donors/IGVFDO9202WGJZ/,/rodent-donors/IGVFDO2292YGGE/,/rodent-donors/IGVFDO8276XXVT/,/rodent-donors/IGVFDO7062NBTQ/,/rodent-donors/IGVFDO3603MEIO/,/rodent-donors/IGVFDO9199TPBC/,/rodent-donors/IGVFDO9510ILZG/,/rodent-donors/IGVFDO0751WQHI/,/rodent-donors/IGVFDO6112GRYR/,/rodent-donors/IGVFDO1452VDIT/,/rodent-donors/IGVFDO6141KSSQ/,/rodent-donors/IGVFDO2517TXOT/,/rodent-donors/IGVFDO7951JDSP/,/rodent-donors/IGVFDO8152XDDC/,/rodent-donors/IGVFDO5539RLXJ/,/rodent-donors/IGVFDO0853BCOL/,/rodent-donors/IGVFDO0696DMIA/,/rodent-donors/IGVFDO8958JQIY/,/rodent-donors/IGVFDO0624KKTV/,/rodent-donors/IGVFDO3762EAWT/,/rodent-donors/IGVFDO6219LVKW/,/rodent-donors/IGVFDO0026YRCR/,/rodent-donors/IGVFDO3207TERA/,/rodent-donors/IGVFDO5872DFML/,/rodent-donors/IGVFDO5737FRWD/,/rodent-donors/IGVFDO6614NNPY/,/rodent-donors/IGVFDO6124WGNO/,/rodent-donors/IGVFDO0430HQIU/,/rodent-donors/IGVFDO9890MXGN/,/rodent-donors/IGVFDO5258MBVH/,/rodent-donors/IGVFDO3662UKFW/,/rodent-donors/IGVFDO3640WUBU/",/labs/ali-mortazavi/,/awards/HG012077/,/assay-terms/OBI_0003109/,Parse SPLiT-seq,"https://www.protocols.io/view/evercode-single-index-pcr-5jyl82k9rl2w/v1, https://www.protocols.io/view/evercode-wt-mega-v2-2-1-8epv5xxrng1b/v1, https://www.protocols.io/view/protocol-to-isolate-and-fix-nuclei-from-flash-froz-eq2lyj17rlx9/v1, https://www.protocols.io/view/protocol-to-isolate-and-fix-nuclei-from-flash-froz-n2bvj3noplk5/v2",mRNA enriched,single-nucleus RNA sequencing assay (Parse SPLiT-seq),Mus musculus,
/measurement-sets/IGVFDS9726WUJT/,IGVFDS9726WUJT,c990f16a-9515-4c9b-94a9-26ed89a6e01c,ali-mortazavi:011_67E_illumina,6,011,Gastrocnemius,Cortex/Hippocampus,/multiplexed-samples/IGVFSM8757EOTF/,"/rodent-donors/IGVFDO4469VYEZ/,/rodent-donors/IGVFDO6066JIEJ/,/rodent-donors/IGVFDO1477BPVO/,/rodent-donors/IGVFDO2106EEWB/,/rodent-donors/IGVFDO0813DZTW/,/rodent-donors/IGVFDO5183UZGS/,/rodent-donors/IGVFDO2301HIUQ/,/rodent-donors/IGVFDO4707SGWM/,/rodent-donors/IGVFDO8698PVAJ/,/rodent-donors/IGVFDO2319OUEC/,/rodent-donors/IGVFDO2645GUSC/,/rodent-donors/IGVFDO3534MDFF/,/rodent-donors/IGVFDO2831PZHE/,/rodent-donors/IGVFDO5810HOHC/,/rodent-donors/IGVFDO5177QEWF/,/rodent-donors/IGVFDO7957DMLJ/,/rodent-donors/IGVFDO4725SNCJ/,/rodent-donors/IGVFDO7254QNQZ/,/rodent-donors/IGVFDO9142EUBJ/,/rodent-donors/IGVFDO1643VEDI/,/rodent-donors/IGVFDO4546RHSG/,/rodent-donors/IGVFDO9340WGNV/,/rodent-donors/IGVFDO9560CEGZ/,/rodent-donors/IGVFDO0681EHNP/,/rodent-donors/IGVFDO7007WBAX/,/rodent-donors/IGVFDO7255VZBN/,/rodent-donors/IGVFDO9374WXKK/,/rodent-donors/IGVFDO8322VYDU/,/rodent-donors/IGVFDO5502NJPS/,/rodent-donors/IGVFDO5085MJSP/,/rodent-donors/IGVFDO4788BIQB/,/rodent-donors/IGVFDO5523UFUN/,/rodent-donors/IGVFDO6607QZPA/,/rodent-donors/IGVFDO7610XXRR/,/rodent-donors/IGVFDO8904OIIT/,/rodent-donors/IGVFDO1744FDIX/,/rodent-donors/IGVFDO3436ZMLY/,/rodent-donors/IGVFDO3655FKMR/,/rodent-donors/IGVFDO9202WGJZ/,/rodent-donors/IGVFDO2292YGGE/,/rodent-donors/IGVFDO8276XXVT/,/rodent-donors/IGVFDO7062NBTQ/,/rodent-donors/IGVFDO3603MEIO/,/rodent-donors/IGVFDO9199TPBC/,/rodent-donors/IGVFDO9510ILZG/,/rodent-donors/IGVFDO0751WQHI/,/rodent-donors/IGVFDO6112GRYR/,/rodent-donors/IGVFDO1452VDIT/,/rodent-donors/IGVFDO6141KSSQ/,/rodent-donors/IGVFDO2517TXOT/,/rodent-donors/IGVFDO7951JDSP/,/rodent-donors/IGVFDO8152XDDC/,/rodent-donors/IGVFDO5539RLXJ/,/rodent-donors/IGVFDO0853BCOL/,/rodent-donors/IGVFDO0696DMIA/,/rodent-donors/IGVFDO8958JQIY/,/rodent-donors/IGVFDO0624KKTV/,/rodent-donors/IGVFDO3762EAWT/,/rodent-donors/IGVFDO6219LVKW/,/rodent-donors/IGVFDO0026YRCR/,/rodent-donors/IGVFDO3207TERA/,/rodent-donors/IGVFDO5872DFML/,/rodent-donors/IGVFDO5737FRWD/,/rodent-donors/IGVFDO6614NNPY/,/rodent-donors/IGVFDO6124WGNO/,/rodent-donors/IGVFDO0430HQIU/,/rodent-donors/IGVFDO9890MXGN/,/rodent-donors/IGVFDO5258MBVH/,/rodent-donors/IGVFDO3662UKFW/,/rodent-donors/IGVFDO3640WUBU/",/labs/ali-mortazavi/,/awards/HG012077/,/assay-terms/OBI_0003109/,Parse SPLiT-seq,"https://www.protocols.io/view/evercode-single-index-pcr-5jyl82k9rl2w/v1, https://www.protocols.io/view/evercode-wt-mega-v2-2-1-8epv5xxrng1b/v1, https://www.protocols.io/view/protocol-to-isolate-and-fix-nuclei-from-flash-froz-eq2lyj17rlx9/v1, https://www.protocols.io/view/protocol-to-isolate-and-fix-nuclei-from-flash-froz-n2bvj3noplk5/v2",mRNA enriched,single-nucleus RNA sequencing assay (Parse SPLiT-seq),Mus musculus,
/measurement-sets/IGVFDS8210SMYP/,IGVFDS8210SMYP,735912b5-118a-4791-bdac-bf767ca0c646,ali-mortazavi:011_67F_illumina,7,011,Gastrocnemius,Cortex/Hippocampus,/multiplexed-samples/IGVFSM4512WXKU/,"/rodent-donors/IGVFDO4469VYEZ/,/rodent-donors/IGVFDO6066JIEJ/,/rodent-donors/IGVFDO1477BPVO/,/rodent-donors/IGVFDO2106EEWB/,/rodent-donors/IGVFDO0813DZTW/,/rodent-donors/IGVFDO5183UZGS/,/rodent-donors/IGVFDO2301HIUQ/,/rodent-donors/IGVFDO4707SGWM/,/rodent-donors/IGVFDO8698PVAJ/,/rodent-donors/IGVFDO2319OUEC/,/rodent-donors/IGVFDO2645GUSC/,/rodent-donors/IGVFDO3534MDFF/,/rodent-donors/IGVFDO2831PZHE/,/rodent-donors/IGVFDO5810HOHC/,/rodent-donors/IGVFDO5177QEWF/,/rodent-donors/IGVFDO7957DMLJ/,/rodent-donors/IGVFDO4725SNCJ/,/rodent-donors/IGVFDO7254QNQZ/,/rodent-donors/IGVFDO9142EUBJ/,/rodent-donors/IGVFDO1643VEDI/,/rodent-donors/IGVFDO4546RHSG/,/rodent-donors/IGVFDO9340WGNV/,/rodent-donors/IGVFDO9560CEGZ/,/rodent-donors/IGVFDO0681EHNP/,/rodent-donors/IGVFDO7007WBAX/,/rodent-donors/IGVFDO7255VZBN/,/rodent-donors/IGVFDO9374WXKK/,/rodent-donors/IGVFDO8322VYDU/,/rodent-donors/IGVFDO5502NJPS/,/rodent-donors/IGVFDO5085MJSP/,/rodent-donors/IGVFDO4788BIQB/,/rodent-donors/IGVFDO5523UFUN/,/rodent-donors/IGVFDO6607QZPA/,/rodent-donors/IGVFDO7610XXRR/,/rodent-donors/IGVFDO8904OIIT/,/rodent-donors/IGVFDO1744FDIX/,/rodent-donors/IGVFDO3436ZMLY/,/rodent-donors/IGVFDO3655FKMR/,/rodent-donors/IGVFDO9202WGJZ/,/rodent-donors/IGVFDO2292YGGE/,/rodent-donors/IGVFDO8276XXVT/,/rodent-donors/IGVFDO7062NBTQ/,/rodent-donors/IGVFDO3603MEIO/,/rodent-donors/IGVFDO9199TPBC/,/rodent-donors/IGVFDO9510ILZG/,/rodent-donors/IGVFDO0751WQHI/,/rodent-donors/IGVFDO6112GRYR/,/rodent-donors/IGVFDO1452VDIT/,/rodent-donors/IGVFDO6141KSSQ/,/rodent-donors/IGVFDO2517TXOT/,/rodent-donors/IGVFDO7951JDSP/,/rodent-donors/IGVFDO8152XDDC/,/rodent-donors/IGVFDO5539RLXJ/,/rodent-donors/IGVFDO0853BCOL/,/rodent-donors/IGVFDO0696DMIA/,/rodent-donors/IGVFDO8958JQIY/,/rodent-donors/IGVFDO0624KKTV/,/rodent-donors/IGVFDO3762EAWT/,/rodent-donors/IGVFDO6219LVKW/,/rodent-donors/IGVFDO0026YRCR/,/rodent-donors/IGVFDO3207TERA/,/rodent-donors/IGVFDO5872DFML/,/rodent-donors/IGVFDO5737FRWD/,/rodent-donors/IGVFDO6614NNPY/,/rodent-donors/IGVFDO6124WGNO/,/rodent-donors/IGVFDO0430HQIU/,/rodent-donors/IGVFDO9890MXGN/,/rodent-donors/IGVFDO5258MBVH/,/rodent-donors/IGVFDO3662UKFW/,/rodent-donors/IGVFDO3640WUBU/",/labs/ali-mortazavi/,/awards/HG012077/,/assay-terms/OBI_0003109/,Parse SPLiT-seq,"https://www.protocols.io/view/evercode-single-index-pcr-5jyl82k9rl2w/v1, https://www.protocols.io/view/evercode-wt-mega-v2-2-1-8epv5xxrng1b/v1, https://www.protocols.io/view/protocol-to-isolate-and-fix-nuclei-from-flash-froz-eq2lyj17rlx9/v1, https://www.protocols.io/view/protocol-to-isolate-and-fix-nuclei-from-flash-froz-n2bvj3noplk5/v2",mRNA enriched,single-nucleus RNA sequencing assay (Parse SPLiT-seq),Mus musculus,
/measurement-sets/IGVFDS5391ZQHQ/,IGVFDS5391ZQHQ,184c4347-927c-41ad-9bf7-20ad17cf90d2,ali-mortazavi:011_67G_illumina,8,011,Gastrocnemius,Cortex/Hippocampus,/multiplexed-samples/IGVFSM8896JAGW/,"/rodent-donors/IGVFDO2831PZHE/,/rodent-donors/IGVFDO5258MBVH/,/rodent-donors/IGVFDO9340WGNV/,/rodent-donors/IGVFDO6141KSSQ/,/rodent-donors/IGVFDO3640WUBU/,/rodent-donors/IGVFDO5085MJSP/,/rodent-donors/IGVFDO9202WGJZ/,/rodent-donors/IGVFDO9890MXGN/,/rodent-donors/IGVFDO5872DFML/,/rodent-donors/IGVFDO4469VYEZ/,/rodent-donors/IGVFDO7957DMLJ/,/rodent-donors/IGVFDO8698PVAJ/,/rodent-donors/IGVFDO0624KKTV/,/rodent-donors/IGVFDO1452VDIT/,/rodent-donors/IGVFDO0813DZTW/,/rodent-donors/IGVFDO0751WQHI/,/rodent-donors/IGVFDO4546RHSG/,/rodent-donors/IGVFDO0696DMIA/,/rodent-donors/IGVFDO5183UZGS/,/rodent-donors/IGVFDO6112GRYR/,/rodent-donors/IGVFDO6124WGNO/,/rodent-donors/IGVFDO9142EUBJ/,/rodent-donors/IGVFDO3603MEIO/,/rodent-donors/IGVFDO7062NBTQ/,/rodent-donors/IGVFDO7255VZBN/,/rodent-donors/IGVFDO9510ILZG/,/rodent-donors/IGVFDO5737FRWD/,/rodent-donors/IGVFDO1477BPVO/,/rodent-donors/IGVFDO0681EHNP/,/rodent-donors/IGVFDO3436ZMLY/,/rodent-donors/IGVFDO3534MDFF/,/rodent-donors/IGVFDO4725SNCJ/,/rodent-donors/IGVFDO6607QZPA/,/rodent-donors/IGVFDO0853BCOL/,/rodent-donors/IGVFDO8958JQIY/,/rodent-donors/IGVFDO8904OIIT/,/rodent-donors/IGVFDO2645GUSC/,/rodent-donors/IGVFDO2319OUEC/,/rodent-donors/IGVFDO0026YRCR/,/rodent-donors/IGVFDO5523UFUN/,/rodent-donors/IGVFDO6219LVKW/,/rodent-donors/IGVFDO8276XXVT/,/rodent-donors/IGVFDO1643VEDI/,/rodent-donors/IGVFDO4707SGWM/,/rodent-donors/IGVFDO6066JIEJ/,/rodent-donors/IGVFDO0430HQIU/,/rodent-donors/IGVFDO2517TXOT/,/rodent-donors/IGVFDO5177QEWF/,/rodent-donors/IGVFDO7951JDSP/,/rodent-donors/IGVFDO2292YGGE/,/rodent-donors/IGVFDO2106EEWB/,/rodent-donors/IGVFDO7007WBAX/,/rodent-donors/IGVFDO8322VYDU/,/rodent-donors/IGVFDO6614NNPY/,/rodent-donors/IGVFDO9199TPBC/,/rodent-donors/IGVFDO9560CEGZ/,/rodent-donors/IGVFDO5539RLXJ/,/rodent-donors/IGVFDO5810HOHC/,/rodent-donors/IGVFDO1744FDIX/,/rodent-donors/IGVFDO4788BIQB/,/rodent-donors/IGVFDO7254QNQZ/,/rodent-donors/IGVFDO7610XXRR/,/rodent-donors/IGVFDO8152XDDC/,/rodent-donors/IGVFDO9374WXKK/,/rodent-donors/IGVFDO3655FKMR/,/rodent-donors/IGVFDO3662UKFW/,/rodent-donors/IGVFDO3207TERA/,/rodent-donors/IGVFDO2301HIUQ/,/rodent-donors/IGVFDO5502NJPS/,/rodent-donors/IGVFDO3762EAWT/",/labs/ali-mortazavi/,/awards/HG012077/,/assay-terms/OBI_0003109/,Parse SPLiT-seq,"https://www.protocols.io/view/evercode-single-index-pcr-5jyl82k9rl2w/v1, https://www.protocols.io/view/evercode-wt-mega-v2-2-1-8epv5xxrng1b/v1, https://www.protocols.io/view/protocol-to-isolate-and-fix-nuclei-from-flash-froz-eq2lyj17rlx9/v1, https://www.protocols.io/view/protocol-to-isolate-and-fix-nuclei-from-flash-froz-n2bvj3noplk5/v2",mRNA enriched,single-nucleus RNA sequencing assay (Parse SPLiT-seq),Mus musculus,
/measurement-sets/IGVFDS4191KCRM/,IGVFDS4191KCRM,fed2a8c8-6cab-48b9-8bba-b93d4f1d75ad,ali-mortazavi:011_67H_illumina,9,011,Gastrocnemius,Cortex/Hippocampus,/multiplexed-samples/IGVFSM0913IELU/,"/rodent-donors/IGVFDO4469VYEZ/,/rodent-donors/IGVFDO6066JIEJ/,/rodent-donors/IGVFDO1477BPVO/,/rodent-donors/IGVFDO2106EEWB/,/rodent-donors/IGVFDO0813DZTW/,/rodent-donors/IGVFDO5183UZGS/,/rodent-donors/IGVFDO2301HIUQ/,/rodent-donors/IGVFDO4707SGWM/,/rodent-donors/IGVFDO8698PVAJ/,/rodent-donors/IGVFDO2319OUEC/,/rodent-donors/IGVFDO2645GUSC/,/rodent-donors/IGVFDO3534MDFF/,/rodent-donors/IGVFDO2831PZHE/,/rodent-donors/IGVFDO5810HOHC/,/rodent-donors/IGVFDO5177QEWF/,/rodent-donors/IGVFDO7957DMLJ/,/rodent-donors/IGVFDO4725SNCJ/,/rodent-donors/IGVFDO7254QNQZ/,/rodent-donors/IGVFDO9142EUBJ/,/rodent-donors/IGVFDO1643VEDI/,/rodent-donors/IGVFDO4546RHSG/,/rodent-donors/IGVFDO9340WGNV/,/rodent-donors/IGVFDO9560CEGZ/,/rodent-donors/IGVFDO0681EHNP/,/rodent-donors/IGVFDO7007WBAX/,/rodent-donors/IGVFDO7255VZBN/,/rodent-donors/IGVFDO9374WXKK/,/rodent-donors/IGVFDO8322VYDU/,/rodent-donors/IGVFDO5502NJPS/,/rodent-donors/IGVFDO5085MJSP/,/rodent-donors/IGVFDO4788BIQB/,/rodent-donors/IGVFDO5523UFUN/,/rodent-donors/IGVFDO6607QZPA/,/rodent-donors/IGVFDO7610XXRR/,/rodent-donors/IGVFDO8904OIIT/,/rodent-donors/IGVFDO1744FDIX/,/rodent-donors/IGVFDO3436ZMLY/,/rodent-donors/IGVFDO3655FKMR/,/rodent-donors/IGVFDO9202WGJZ/,/rodent-donors/IGVFDO2292YGGE/,/rodent-donors/IGVFDO8276XXVT/,/rodent-donors/IGVFDO7062NBTQ/,/rodent-donors/IGVFDO3603MEIO/,/rodent-donors/IGVFDO9199TPBC/,/rodent-donors/IGVFDO9510ILZG/,/rodent-donors/IGVFDO0751WQHI/,/rodent-donors/IGVFDO6112GRYR/,/rodent-donors/IGVFDO1452VDIT/,/rodent-donors/IGVFDO6141KSSQ/,/rodent-donors/IGVFDO2517TXOT/,/rodent-donors/IGVFDO7951JDSP/,/rodent-donors/IGVFDO8152XDDC/,/rodent-donors/IGVFDO5539RLXJ/,/rodent-donors/IGVFDO0853BCOL/,/rodent-donors/IGVFDO0696DMIA/,/rodent-donors/IGVFDO8958JQIY/,/rodent-donors/IGVFDO0624KKTV/,/rodent-donors/IGVFDO3762EAWT/,/rodent-donors/IGVFDO6219LVKW/,/rodent-donors/IGVFDO0026YRCR/,/rodent-donors/IGVFDO3207TERA/,/rodent-donors/IGVFDO5872DFML/,/rodent-donors/IGVFDO5737FRWD/,/rodent-donors/IGVFDO6614NNPY/,/rodent-donors/IGVFDO6124WGNO/,/rodent-donors/IGVFDO0430HQIU/,/rodent-donors/IGVFDO9890MXGN/,/rodent-donors/IGVFDO5258MBVH/,/rodent-donors/IGVFDO3662UKFW/,/rodent-donors/IGVFDO3640WUBU/",/labs/ali-mortazavi/,/awards/HG012077/,/assay-terms/OBI_0003109/,Parse SPLiT-seq,"https://www.protocols.io/view/evercode-single-index-pcr-5jyl82k9rl2w/v1, https://www.protocols.io/view/evercode-wt-mega-v2-2-1-8epv5xxrng1b/v1, https://www.protocols.io/view/protocol-to-isolate-and-fix-nuclei-from-flash-froz-eq2lyj17rlx9/v1, https://www.protocols.io/view/protocol-to-isolate-and-fix-nuclei-from-flash-froz-n2bvj3noplk5/v2",mRNA enriched,single-nucleus RNA sequencing assay (Parse SPLiT-seq),Mus musculus,
/measurement-sets/IGVFDS7741MBJG/,IGVFDS7741MBJG,7c41c2a6-2052-406a-a75f-eadffcedd0c9,ali-mortazavi:011_67I_illumina,10,011,Gastrocnemius,Cortex/Hippocampus,/multiplexed-samples/IGVFSM8740DHYX/,"/rodent-donors/IGVFDO2831PZHE/,/rodent-donors/IGVFDO5258MBVH/,/rodent-donors/IGVFDO9340WGNV/,/rodent-donors/IGVFDO6141KSSQ/,/rodent-donors/IGVFDO3640WUBU/,/rodent-donors/IGVFDO5085MJSP/,/rodent-donors/IGVFDO9202WGJZ/,/rodent-donors/IGVFDO9890MXGN/,/rodent-donors/IGVFDO5872DFML/,/rodent-donors/IGVFDO4469VYEZ/,/rodent-donors/IGVFDO7957DMLJ/,/rodent-donors/IGVFDO8698PVAJ/,/rodent-donors/IGVFDO0624KKTV/,/rodent-donors/IGVFDO1452VDIT/,/rodent-donors/IGVFDO0813DZTW/,/rodent-donors/IGVFDO0751WQHI/,/rodent-donors/IGVFDO4546RHSG/,/rodent-donors/IGVFDO0696DMIA/,/rodent-donors/IGVFDO5183UZGS/,/rodent-donors/IGVFDO6112GRYR/,/rodent-donors/IGVFDO6124WGNO/,/rodent-donors/IGVFDO9142EUBJ/,/rodent-donors/IGVFDO3603MEIO/,/rodent-donors/IGVFDO7062NBTQ/,/rodent-donors/IGVFDO7255VZBN/,/rodent-donors/IGVFDO9510ILZG/,/rodent-donors/IGVFDO5737FRWD/,/rodent-donors/IGVFDO1477BPVO/,/rodent-donors/IGVFDO0681EHNP/,/rodent-donors/IGVFDO3436ZMLY/,/rodent-donors/IGVFDO3534MDFF/,/rodent-donors/IGVFDO4725SNCJ/,/rodent-donors/IGVFDO6607QZPA/,/rodent-donors/IGVFDO0853BCOL/,/rodent-donors/IGVFDO8958JQIY/,/rodent-donors/IGVFDO8904OIIT/,/rodent-donors/IGVFDO2645GUSC/,/rodent-donors/IGVFDO2319OUEC/,/rodent-donors/IGVFDO0026YRCR/,/rodent-donors/IGVFDO5523UFUN/,/rodent-donors/IGVFDO6219LVKW/,/rodent-donors/IGVFDO8276XXVT/,/rodent-donors/IGVFDO1643VEDI/,/rodent-donors/IGVFDO4707SGWM/,/rodent-donors/IGVFDO6066JIEJ/,/rodent-donors/IGVFDO0430HQIU/,/rodent-donors/IGVFDO2517TXOT/,/rodent-donors/IGVFDO5177QEWF/,/rodent-donors/IGVFDO7951JDSP/,/rodent-donors/IGVFDO2292YGGE/,/rodent-donors/IGVFDO2106EEWB/,/rodent-donors/IGVFDO7007WBAX/,/rodent-donors/IGVFDO8322VYDU/,/rodent-donors/IGVFDO6614NNPY/,/rodent-donors/IGVFDO9199TPBC/,/rodent-donors/IGVFDO9560CEGZ/,/rodent-donors/IGVFDO5539RLXJ/,/rodent-donors/IGVFDO5810HOHC/,/rodent-donors/IGVFDO1744FDIX/,/rodent-donors/IGVFDO4788BIQB/,/rodent-donors/IGVFDO7254QNQZ/,/rodent-donors/IGVFDO7610XXRR/,/rodent-donors/IGVFDO8152XDDC/,/rodent-donors/IGVFDO9374WXKK/,/rodent-donors/IGVFDO3655FKMR/,/rodent-donors/IGVFDO3662UKFW/,/rodent-donors/IGVFDO3207TERA/,/rodent-donors/IGVFDO2301HIUQ/,/rodent-donors/IGVFDO5502NJPS/,/rodent-donors/IGVFDO3762EAWT/",/labs/ali-mortazavi/,/awards/HG012077/,/assay-terms/OBI_0003109/,Parse SPLiT-seq,"https://www.protocols.io/view/evercode-single-index-pcr-5jyl82k9rl2w/v1, https://www.protocols.io/view/evercode-wt-mega-v2-2-1-8epv5xxrng1b/v1, https://www.protocols.io/view/protocol-to-isolate-and-fix-nuclei-from-flash-froz-eq2lyj17rlx9/v1, https://www.protocols.io/view/protocol-to-isolate-and-fix-nuclei-from-flash-froz-n2bvj3noplk5/v2",mRNA enriched,single-nucleus RNA sequencing assay (Parse SPLiT-seq),Mus musculus,
/measurement-sets/IGVFDS5331YSAT/,IGVFDS5331YSAT,a5a8a13e-0f1a-4958-afee-48047688abe0,ali-mortazavi:011_67J_illumina,11,011,Gastrocnemius,Cortex/Hippocampus,/multiplexed-samples/IGVFSM6125CUPK/,"/rodent-donors/IGVFDO2831PZHE/,/rodent-donors/IGVFDO5258MBVH/,/rodent-donors/IGVFDO9340WGNV/,/rodent-donors/IGVFDO6141KSSQ/,/rodent-donors/IGVFDO3640WUBU/,/rodent-donors/IGVFDO5085MJSP/,/rodent-donors/IGVFDO9202WGJZ/,/rodent-donors/IGVFDO9890MXGN/,/rodent-donors/IGVFDO5872DFML/,/rodent-donors/IGVFDO4469VYEZ/,/rodent-donors/IGVFDO7957DMLJ/,/rodent-donors/IGVFDO8698PVAJ/,/rodent-donors/IGVFDO0624KKTV/,/rodent-donors/IGVFDO1452VDIT/,/rodent-donors/IGVFDO0813DZTW/,/rodent-donors/IGVFDO0751WQHI/,/rodent-donors/IGVFDO4546RHSG/,/rodent-donors/IGVFDO0696DMIA/,/rodent-donors/IGVFDO5183UZGS/,/rodent-donors/IGVFDO6112GRYR/,/rodent-donors/IGVFDO6124WGNO/,/rodent-donors/IGVFDO9142EUBJ/,/rodent-donors/IGVFDO3603MEIO/,/rodent-donors/IGVFDO7062NBTQ/,/rodent-donors/IGVFDO7255VZBN/,/rodent-donors/IGVFDO9510ILZG/,/rodent-donors/IGVFDO5737FRWD/,/rodent-donors/IGVFDO1477BPVO/,/rodent-donors/IGVFDO0681EHNP/,/rodent-donors/IGVFDO3436ZMLY/,/rodent-donors/IGVFDO3534MDFF/,/rodent-donors/IGVFDO4725SNCJ/,/rodent-donors/IGVFDO6607QZPA/,/rodent-donors/IGVFDO0853BCOL/,/rodent-donors/IGVFDO8958JQIY/,/rodent-donors/IGVFDO8904OIIT/,/rodent-donors/IGVFDO2645GUSC/,/rodent-donors/IGVFDO2319OUEC/,/rodent-donors/IGVFDO0026YRCR/,/rodent-donors/IGVFDO5523UFUN/,/rodent-donors/IGVFDO6219LVKW/,/rodent-donors/IGVFDO8276XXVT/,/rodent-donors/IGVFDO1643VEDI/,/rodent-donors/IGVFDO4707SGWM/,/rodent-donors/IGVFDO6066JIEJ/,/rodent-donors/IGVFDO0430HQIU/,/rodent-donors/IGVFDO2517TXOT/,/rodent-donors/IGVFDO5177QEWF/,/rodent-donors/IGVFDO7951JDSP/,/rodent-donors/IGVFDO2292YGGE/,/rodent-donors/IGVFDO2106EEWB/,/rodent-donors/IGVFDO7007WBAX/,/rodent-donors/IGVFDO8322VYDU/,/rodent-donors/IGVFDO6614NNPY/,/rodent-donors/IGVFDO9199TPBC/,/rodent-donors/IGVFDO9560CEGZ/,/rodent-donors/IGVFDO5539RLXJ/,/rodent-donors/IGVFDO5810HOHC/,/rodent-donors/IGVFDO1744FDIX/,/rodent-donors/IGVFDO4788BIQB/,/rodent-donors/IGVFDO7254QNQZ/,/rodent-donors/IGVFDO7610XXRR/,/rodent-donors/IGVFDO8152XDDC/,/rodent-donors/IGVFDO9374WXKK/,/rodent-donors/IGVFDO3655FKMR/,/rodent-donors/IGVFDO3662UKFW/,/rodent-donors/IGVFDO3207TERA/,/rodent-donors/IGVFDO2301HIUQ/,/rodent-donors/IGVFDO5502NJPS/,/rodent-donors/IGVFDO3762EAWT/",/labs/ali-mortazavi/,/awards/HG012077/,/assay-terms/OBI_0003109/,Parse SPLiT-seq,"https://www.protocols.io/view/evercode-single-index-pcr-5jyl82k9rl2w/v1, https://www.protocols.io/view/evercode-wt-mega-v2-2-1-8epv5xxrng1b/v1, https://www.protocols.io/view/protocol-to-isolate-and-fix-nuclei-from-flash-froz-eq2lyj17rlx9/v1, https://www.protocols.io/view/protocol-to-isolate-and-fix-nuclei-from-flash-froz-n2bvj3noplk5/v2",mRNA enriched,single-nucleus RNA sequencing assay (Parse SPLiT-seq),Mus musculus,
/measurement-sets/IGVFDS7260DMKG/,IGVFDS7260DMKG,1ee97a69-44e1-463e-bdb4-db01fc43436a,ali-mortazavi:011_67K_illumina,12,011,Gastrocnemius,Cortex/Hippocampus,/multiplexed-samples/IGVFSM7948BNWG/,"/rodent-donors/IGVFDO2831PZHE/,/rodent-donors/IGVFDO5258MBVH/,/rodent-donors/IGVFDO9340WGNV/,/rodent-donors/IGVFDO6141KSSQ/,/rodent-donors/IGVFDO3640WUBU/,/rodent-donors/IGVFDO5085MJSP/,/rodent-donors/IGVFDO9202WGJZ/,/rodent-donors/IGVFDO9890MXGN/,/rodent-donors/IGVFDO5872DFML/,/rodent-donors/IGVFDO4469VYEZ/,/rodent-donors/IGVFDO7957DMLJ/,/rodent-donors/IGVFDO8698PVAJ/,/rodent-donors/IGVFDO0624KKTV/,/rodent-donors/IGVFDO1452VDIT/,/rodent-donors/IGVFDO0813DZTW/,/rodent-donors/IGVFDO0751WQHI/,/rodent-donors/IGVFDO4546RHSG/,/rodent-donors/IGVFDO0696DMIA/,/rodent-donors/IGVFDO5183UZGS/,/rodent-donors/IGVFDO6112GRYR/,/rodent-donors/IGVFDO6124WGNO/,/rodent-donors/IGVFDO9142EUBJ/,/rodent-donors/IGVFDO3603MEIO/,/rodent-donors/IGVFDO7062NBTQ/,/rodent-donors/IGVFDO7255VZBN/,/rodent-donors/IGVFDO9510ILZG/,/rodent-donors/IGVFDO5737FRWD/,/rodent-donors/IGVFDO1477BPVO/,/rodent-donors/IGVFDO0681EHNP/,/rodent-donors/IGVFDO3436ZMLY/,/rodent-donors/IGVFDO3534MDFF/,/rodent-donors/IGVFDO4725SNCJ/,/rodent-donors/IGVFDO6607QZPA/,/rodent-donors/IGVFDO0853BCOL/,/rodent-donors/IGVFDO8958JQIY/,/rodent-donors/IGVFDO8904OIIT/,/rodent-donors/IGVFDO2645GUSC/,/rodent-donors/IGVFDO2319OUEC/,/rodent-donors/IGVFDO0026YRCR/,/rodent-donors/IGVFDO5523UFUN/,/rodent-donors/IGVFDO6219LVKW/,/rodent-donors/IGVFDO8276XXVT/,/rodent-donors/IGVFDO1643VEDI/,/rodent-donors/IGVFDO4707SGWM/,/rodent-donors/IGVFDO6066JIEJ/,/rodent-donors/IGVFDO0430HQIU/,/rodent-donors/IGVFDO2517TXOT/,/rodent-donors/IGVFDO5177QEWF/,/rodent-donors/IGVFDO7951JDSP/,/rodent-donors/IGVFDO2292YGGE/,/rodent-donors/IGVFDO2106EEWB/,/rodent-donors/IGVFDO7007WBAX/,/rodent-donors/IGVFDO8322VYDU/,/rodent-donors/IGVFDO6614NNPY/,/rodent-donors/IGVFDO9199TPBC/,/rodent-donors/IGVFDO9560CEGZ/,/rodent-donors/IGVFDO5539RLXJ/,/rodent-donors/IGVFDO5810HOHC/,/rodent-donors/IGVFDO1744FDIX/,/rodent-donors/IGVFDO4788BIQB/,/rodent-donors/IGVFDO7254QNQZ/,/rodent-donors/IGVFDO7610XXRR/,/rodent-donors/IGVFDO8152XDDC/,/rodent-donors/IGVFDO9374WXKK/,/rodent-donors/IGVFDO3655FKMR/,/rodent-donors/IGVFDO3662UKFW/,/rodent-donors/IGVFDO3207TERA/,/rodent-donors/IGVFDO2301HIUQ/,/rodent-donors/IGVFDO5502NJPS/,/rodent-donors/IGVFDO3762EAWT/",/labs/ali-mortazavi/,/awards/HG012077/,/assay-terms/OBI_0003109/,Parse SPLiT-seq,"https://www.protocols.io/view/evercode-single-index-pcr-5jyl82k9rl2w/v1, https://www.protocols.io/view/evercode-wt-mega-v2-2-1-8epv5xxrng1b/v1, https://www.protocols.io/view/protocol-to-isolate-and-fix-nuclei-from-flash-froz-eq2lyj17rlx9/v1, https://www.protocols.io/view/protocol-to-isolate-and-fix-nuclei-from-flash-froz-n2bvj3noplk5/v2",mRNA enriched,single-nucleus RNA sequencing assay (Parse SPLiT-seq),Mus musculus,
/measurement-sets/IGVFDS2892HFWJ/,IGVFDS2892HFWJ,cee97c9c-b398-4193-ba4e-1b24fe5e602d,ali-mortazavi:011_67L_illumina,13,011,Gastrocnemius,Cortex/Hippocampus,/multiplexed-samples/IGVFSM8729OZRF/,"/rodent-donors/IGVFDO2831PZHE/,/rodent-donors/IGVFDO5258MBVH/,/rodent-donors/IGVFDO9340WGNV/,/rodent-donors/IGVFDO6141KSSQ/,/rodent-donors/IGVFDO3640WUBU/,/rodent-donors/IGVFDO5085MJSP/,/rodent-donors/IGVFDO9202WGJZ/,/rodent-donors/IGVFDO9890MXGN/,/rodent-donors/IGVFDO5872DFML/,/rodent-donors/IGVFDO4469VYEZ/,/rodent-donors/IGVFDO7957DMLJ/,/rodent-donors/IGVFDO8698PVAJ/,/rodent-donors/IGVFDO0624KKTV/,/rodent-donors/IGVFDO1452VDIT/,/rodent-donors/IGVFDO0813DZTW/,/rodent-donors/IGVFDO0751WQHI/,/rodent-donors/IGVFDO4546RHSG/,/rodent-donors/IGVFDO0696DMIA/,/rodent-donors/IGVFDO5183UZGS/,/rodent-donors/IGVFDO6112GRYR/,/rodent-donors/IGVFDO6124WGNO/,/rodent-donors/IGVFDO9142EUBJ/,/rodent-donors/IGVFDO3603MEIO/,/rodent-donors/IGVFDO7062NBTQ/,/rodent-donors/IGVFDO7255VZBN/,/rodent-donors/IGVFDO9510ILZG/,/rodent-donors/IGVFDO5737FRWD/,/rodent-donors/IGVFDO1477BPVO/,/rodent-donors/IGVFDO0681EHNP/,/rodent-donors/IGVFDO3436ZMLY/,/rodent-donors/IGVFDO3534MDFF/,/rodent-donors/IGVFDO4725SNCJ/,/rodent-donors/IGVFDO6607QZPA/,/rodent-donors/IGVFDO0853BCOL/,/rodent-donors/IGVFDO8958JQIY/,/rodent-donors/IGVFDO8904OIIT/,/rodent-donors/IGVFDO2645GUSC/,/rodent-donors/IGVFDO2319OUEC/,/rodent-donors/IGVFDO0026YRCR/,/rodent-donors/IGVFDO5523UFUN/,/rodent-donors/IGVFDO6219LVKW/,/rodent-donors/IGVFDO8276XXVT/,/rodent-donors/IGVFDO1643VEDI/,/rodent-donors/IGVFDO4707SGWM/,/rodent-donors/IGVFDO6066JIEJ/,/rodent-donors/IGVFDO0430HQIU/,/rodent-donors/IGVFDO2517TXOT/,/rodent-donors/IGVFDO5177QEWF/,/rodent-donors/IGVFDO7951JDSP/,/rodent-donors/IGVFDO2292YGGE/,/rodent-donors/IGVFDO2106EEWB/,/rodent-donors/IGVFDO7007WBAX/,/rodent-donors/IGVFDO8322VYDU/,/rodent-donors/IGVFDO6614NNPY/,/rodent-donors/IGVFDO9199TPBC/,/rodent-donors/IGVFDO9560CEGZ/,/rodent-donors/IGVFDO5539RLXJ/,/rodent-donors/IGVFDO5810HOHC/,/rodent-donors/IGVFDO1744FDIX/,/rodent-donors/IGVFDO4788BIQB/,/rodent-donors/IGVFDO7254QNQZ/,/rodent-donors/IGVFDO7610XXRR/,/rodent-donors/IGVFDO8152XDDC/,/rodent-donors/IGVFDO9374WXKK/,/rodent-donors/IGVFDO3655FKMR/,/rodent-donors/IGVFDO3662UKFW/,/rodent-donors/IGVFDO3207TERA/,/rodent-donors/IGVFDO2301HIUQ/,/rodent-donors/IGVFDO5502NJPS/,/rodent-donors/IGVFDO3762EAWT/",/labs/ali-mortazavi/,/awards/HG012077/,/assay-terms/OBI_0003109/,Parse SPLiT-seq,"https://www.protocols.io/view/evercode-single-index-pcr-5jyl82k9rl2w/v1, https://www.protocols.io/view/evercode-wt-mega-v2-2-1-8epv5xxrng1b/v1, https://www.protocols.io/view/protocol-to-isolate-and-fix-nuclei-from-flash-froz-eq2lyj17rlx9/v1, https://www.protocols.io/view/protocol-to-isolate-and-fix-nuclei-from-flash-froz-n2bvj3noplk5/v2",mRNA enriched,single-nucleus RNA sequencing assay (Parse SPLiT-seq),Mus musculus,
/measurement-sets/IGVFDS5556SDQP/,IGVFDS5556SDQP,49342884-cdde-44bf-a1b9-684b018c5d29,ali-mortazavi:011_67M_illumina,14,011,Gastrocnemius,Cortex/Hippocampus,/multiplexed-samples/IGVFSM5782PILC/,"/rodent-donors/IGVFDO2831PZHE/,/rodent-donors/IGVFDO5258MBVH/,/rodent-donors/IGVFDO9340WGNV/,/rodent-donors/IGVFDO6141KSSQ/,/rodent-donors/IGVFDO3640WUBU/,/rodent-donors/IGVFDO5085MJSP/,/rodent-donors/IGVFDO9202WGJZ/,/rodent-donors/IGVFDO9890MXGN/,/rodent-donors/IGVFDO5872DFML/,/rodent-donors/IGVFDO4469VYEZ/,/rodent-donors/IGVFDO7957DMLJ/,/rodent-donors/IGVFDO8698PVAJ/,/rodent-donors/IGVFDO0624KKTV/,/rodent-donors/IGVFDO1452VDIT/,/rodent-donors/IGVFDO0813DZTW/,/rodent-donors/IGVFDO0751WQHI/,/rodent-donors/IGVFDO4546RHSG/,/rodent-donors/IGVFDO0696DMIA/,/rodent-donors/IGVFDO5183UZGS/,/rodent-donors/IGVFDO6112GRYR/,/rodent-donors/IGVFDO6124WGNO/,/rodent-donors/IGVFDO9142EUBJ/,/rodent-donors/IGVFDO3603MEIO/,/rodent-donors/IGVFDO7062NBTQ/,/rodent-donors/IGVFDO7255VZBN/,/rodent-donors/IGVFDO9510ILZG/,/rodent-donors/IGVFDO5737FRWD/,/rodent-donors/IGVFDO1477BPVO/,/rodent-donors/IGVFDO0681EHNP/,/rodent-donors/IGVFDO3436ZMLY/,/rodent-donors/IGVFDO3534MDFF/,/rodent-donors/IGVFDO4725SNCJ/,/rodent-donors/IGVFDO6607QZPA/,/rodent-donors/IGVFDO0853BCOL/,/rodent-donors/IGVFDO8958JQIY/,/rodent-donors/IGVFDO8904OIIT/,/rodent-donors/IGVFDO2645GUSC/,/rodent-donors/IGVFDO2319OUEC/,/rodent-donors/IGVFDO0026YRCR/,/rodent-donors/IGVFDO5523UFUN/,/rodent-donors/IGVFDO6219LVKW/,/rodent-donors/IGVFDO8276XXVT/,/rodent-donors/IGVFDO1643VEDI/,/rodent-donors/IGVFDO4707SGWM/,/rodent-donors/IGVFDO6066JIEJ/,/rodent-donors/IGVFDO0430HQIU/,/rodent-donors/IGVFDO2517TXOT/,/rodent-donors/IGVFDO5177QEWF/,/rodent-donors/IGVFDO7951JDSP/,/rodent-donors/IGVFDO2292YGGE/,/rodent-donors/IGVFDO2106EEWB/,/rodent-donors/IGVFDO7007WBAX/,/rodent-donors/IGVFDO8322VYDU/,/rodent-donors/IGVFDO6614NNPY/,/rodent-donors/IGVFDO9199TPBC/,/rodent-donors/IGVFDO9560CEGZ/,/rodent-donors/IGVFDO5539RLXJ/,/rodent-donors/IGVFDO5810HOHC/,/rodent-donors/IGVFDO1744FDIX/,/rodent-donors/IGVFDO4788BIQB/,/rodent-donors/IGVFDO7254QNQZ/,/rodent-donors/IGVFDO7610XXRR/,/rodent-donors/IGVFDO8152XDDC/,/rodent-donors/IGVFDO9374WXKK/,/rodent-donors/IGVFDO3655FKMR/,/rodent-donors/IGVFDO3662UKFW/,/rodent-donors/IGVFDO3207TERA/,/rodent-donors/IGVFDO2301HIUQ/,/rodent-donors/IGVFDO5502NJPS/,/rodent-donors/IGVFDO3762EAWT/",/labs/ali-mortazavi/,/awards/HG012077/,/assay-terms/OBI_0003109/,Parse SPLiT-seq,"https://www.protocols.io/view/evercode-single-index-pcr-5jyl82k9rl2w/v1, https://www.protocols.io/view/evercode-wt-mega-v2-2-1-8epv5xxrng1b/v1, https://www.protocols.io/view/protocol-to-isolate-and-fix-nuclei-from-flash-froz-eq2lyj17rlx9/v1, https://www.protocols.io/view/protocol-to-isolate-and-fix-nuclei-from-flash-froz-n2bvj3noplk5/v2",mRNA enriched,single-nucleus RNA sequencing assay (Parse SPLiT-seq),Mus musculus,
/measurement-sets/IGVFDS7639CUCY/,IGVFDS7639CUCY,9d85c7ff-5c6e-4639-bdae-3500c15d38a8,ali-mortazavi:011_67N_illumina,15,011,Gastrocnemius,Cortex/Hippocampus,/multiplexed-samples/IGVFSM4381CBET/,"/rodent-donors/IGVFDO4469VYEZ/,/rodent-donors/IGVFDO6066JIEJ/,/rodent-donors/IGVFDO1477BPVO/,/rodent-donors/IGVFDO2106EEWB/,/rodent-donors/IGVFDO0813DZTW/,/rodent-donors/IGVFDO5183UZGS/,/rodent-donors/IGVFDO2301HIUQ/,/rodent-donors/IGVFDO4707SGWM/,/rodent-donors/IGVFDO8698PVAJ/,/rodent-donors/IGVFDO2319OUEC/,/rodent-donors/IGVFDO2645GUSC/,/rodent-donors/IGVFDO3534MDFF/,/rodent-donors/IGVFDO2831PZHE/,/rodent-donors/IGVFDO5810HOHC/,/rodent-donors/IGVFDO5177QEWF/,/rodent-donors/IGVFDO7957DMLJ/,/rodent-donors/IGVFDO4725SNCJ/,/rodent-donors/IGVFDO7254QNQZ/,/rodent-donors/IGVFDO9142EUBJ/,/rodent-donors/IGVFDO1643VEDI/,/rodent-donors/IGVFDO4546RHSG/,/rodent-donors/IGVFDO9340WGNV/,/rodent-donors/IGVFDO9560CEGZ/,/rodent-donors/IGVFDO0681EHNP/,/rodent-donors/IGVFDO7007WBAX/,/rodent-donors/IGVFDO7255VZBN/,/rodent-donors/IGVFDO9374WXKK/,/rodent-donors/IGVFDO8322VYDU/,/rodent-donors/IGVFDO5502NJPS/,/rodent-donors/IGVFDO5085MJSP/,/rodent-donors/IGVFDO4788BIQB/,/rodent-donors/IGVFDO5523UFUN/,/rodent-donors/IGVFDO6607QZPA/,/rodent-donors/IGVFDO7610XXRR/,/rodent-donors/IGVFDO8904OIIT/,/rodent-donors/IGVFDO1744FDIX/,/rodent-donors/IGVFDO3436ZMLY/,/rodent-donors/IGVFDO3655FKMR/,/rodent-donors/IGVFDO9202WGJZ/,/rodent-donors/IGVFDO2292YGGE/,/rodent-donors/IGVFDO8276XXVT/,/rodent-donors/IGVFDO7062NBTQ/,/rodent-donors/IGVFDO3603MEIO/,/rodent-donors/IGVFDO9199TPBC/,/rodent-donors/IGVFDO9510ILZG/,/rodent-donors/IGVFDO0751WQHI/,/rodent-donors/IGVFDO6112GRYR/,/rodent-donors/IGVFDO1452VDIT/,/rodent-donors/IGVFDO6141KSSQ/,/rodent-donors/IGVFDO2517TXOT/,/rodent-donors/IGVFDO7951JDSP/,/rodent-donors/IGVFDO8152XDDC/,/rodent-donors/IGVFDO5539RLXJ/,/rodent-donors/IGVFDO0853BCOL/,/rodent-donors/IGVFDO0696DMIA/,/rodent-donors/IGVFDO8958JQIY/,/rodent-donors/IGVFDO0624KKTV/,/rodent-donors/IGVFDO3762EAWT/,/rodent-donors/IGVFDO6219LVKW/,/rodent-donors/IGVFDO0026YRCR/,/rodent-donors/IGVFDO3207TERA/,/rodent-donors/IGVFDO5872DFML/,/rodent-donors/IGVFDO5737FRWD/,/rodent-donors/IGVFDO6614NNPY/,/rodent-donors/IGVFDO6124WGNO/,/rodent-donors/IGVFDO0430HQIU/,/rodent-donors/IGVFDO9890MXGN/,/rodent-donors/IGVFDO5258MBVH/,/rodent-donors/IGVFDO3662UKFW/,/rodent-donors/IGVFDO3640WUBU/",/labs/ali-mortazavi/,/awards/HG012077/,/assay-terms/OBI_0003109/,Parse SPLiT-seq,"https://www.protocols.io/view/evercode-single-index-pcr-5jyl82k9rl2w/v1, https://www.protocols.io/view/evercode-wt-mega-v2-2-1-8epv5xxrng1b/v1, https://www.protocols.io/view/protocol-to-isolate-and-fix-nuclei-from-flash-froz-eq2lyj17rlx9/v1, https://www.protocols.io/view/protocol-to-isolate-and-fix-nuclei-from-flash-froz-n2bvj3noplk5/v2",mRNA enriched,single-nucleus RNA sequencing assay (Parse SPLiT-seq),Mus musculus,
/measurement-sets/IGVFDS1344OXWB/,IGVFDS1344OXWB,8f21acd4-3aa0-49d0-a91f-caa334856083,ali-mortazavi:011_67O_illumina,16,011,Gastrocnemius,Cortex/Hippocampus,/multiplexed-samples/IGVFSM3760AZUC/,"/rodent-donors/IGVFDO2831PZHE/,/rodent-donors/IGVFDO5258MBVH/,/rodent-donors/IGVFDO9340WGNV/,/rodent-donors/IGVFDO6141KSSQ/,/rodent-donors/IGVFDO3640WUBU/,/rodent-donors/IGVFDO5085MJSP/,/rodent-donors/IGVFDO9202WGJZ/,/rodent-donors/IGVFDO9890MXGN/,/rodent-donors/IGVFDO5872DFML/,/rodent-donors/IGVFDO4469VYEZ/,/rodent-donors/IGVFDO7957DMLJ/,/rodent-donors/IGVFDO8698PVAJ/,/rodent-donors/IGVFDO0624KKTV/,/rodent-donors/IGVFDO1452VDIT/,/rodent-donors/IGVFDO0813DZTW/,/rodent-donors/IGVFDO0751WQHI/,/rodent-donors/IGVFDO4546RHSG/,/rodent-donors/IGVFDO0696DMIA/,/rodent-donors/IGVFDO5183UZGS/,/rodent-donors/IGVFDO6112GRYR/,/rodent-donors/IGVFDO6124WGNO/,/rodent-donors/IGVFDO9142EUBJ/,/rodent-donors/IGVFDO3603MEIO/,/rodent-donors/IGVFDO7062NBTQ/,/rodent-donors/IGVFDO7255VZBN/,/rodent-donors/IGVFDO9510ILZG/,/rodent-donors/IGVFDO5737FRWD/,/rodent-donors/IGVFDO1477BPVO/,/rodent-donors/IGVFDO0681EHNP/,/rodent-donors/IGVFDO3436ZMLY/,/rodent-donors/IGVFDO3534MDFF/,/rodent-donors/IGVFDO4725SNCJ/,/rodent-donors/IGVFDO6607QZPA/,/rodent-donors/IGVFDO0853BCOL/,/rodent-donors/IGVFDO8958JQIY/,/rodent-donors/IGVFDO8904OIIT/,/rodent-donors/IGVFDO2645GUSC/,/rodent-donors/IGVFDO2319OUEC/,/rodent-donors/IGVFDO0026YRCR/,/rodent-donors/IGVFDO5523UFUN/,/rodent-donors/IGVFDO6219LVKW/,/rodent-donors/IGVFDO8276XXVT/,/rodent-donors/IGVFDO1643VEDI/,/rodent-donors/IGVFDO4707SGWM/,/rodent-donors/IGVFDO6066JIEJ/,/rodent-donors/IGVFDO0430HQIU/,/rodent-donors/IGVFDO2517TXOT/,/rodent-donors/IGVFDO5177QEWF/,/rodent-donors/IGVFDO7951JDSP/,/rodent-donors/IGVFDO2292YGGE/,/rodent-donors/IGVFDO2106EEWB/,/rodent-donors/IGVFDO7007WBAX/,/rodent-donors/IGVFDO8322VYDU/,/rodent-donors/IGVFDO6614NNPY/,/rodent-donors/IGVFDO9199TPBC/,/rodent-donors/IGVFDO9560CEGZ/,/rodent-donors/IGVFDO5539RLXJ/,/rodent-donors/IGVFDO5810HOHC/,/rodent-donors/IGVFDO1744FDIX/,/rodent-donors/IGVFDO4788BIQB/,/rodent-donors/IGVFDO7254QNQZ/,/rodent-donors/IGVFDO7610XXRR/,/rodent-donors/IGVFDO8152XDDC/,/rodent-donors/IGVFDO9374WXKK/,/rodent-donors/IGVFDO3655FKMR/,/rodent-donors/IGVFDO3662UKFW/,/rodent-donors/IGVFDO3207TERA/,/rodent-donors/IGVFDO2301HIUQ/,/rodent-donors/IGVFDO5502NJPS/,/rodent-donors/IGVFDO3762EAWT/",/labs/ali-mortazavi/,/awards/HG012077/,/assay-terms/OBI_0003109/,Parse SPLiT-seq,"https://www.protocols.io/view/evercode-single-index-pcr-5jyl82k9rl2w/v1, https://www.protocols.io/view/evercode-wt-mega-v2-2-1-8epv5xxrng1b/v1, https://www.protocols.io/view/protocol-to-isolate-and-fix-nuclei-from-flash-froz-eq2lyj17rlx9/v1, https://www.protocols.io/view/protocol-to-isolate-and-fix-nuclei-from-flash-froz-n2bvj3noplk5/v2",mRNA enriched,single-nucleus RNA sequencing assay (Parse SPLiT-seq),Mus musculus,
/measurement-sets/IGVFDS2661USDF/,IGVFDS2661USDF,9f157e5d-a6cb-46a7-8119-ceaeb0a884e2,ali-mortazavi:011_13A_illumina,EX,011,Gastrocnemius,Cortex/Hippocampus,/multiplexed-samples/IGVFSM1388HMEO/,"/rodent-donors/IGVFDO5539RLXJ/,/rodent-donors/IGVFDO2831PZHE/,/rodent-donors/IGVFDO6066JIEJ/,/rodent-donors/IGVFDO9510ILZG/,/rodent-donors/IGVFDO8322VYDU/,/rodent-donors/IGVFDO9202WGJZ/,/rodent-donors/IGVFDO9142EUBJ/,/rodent-donors/IGVFDO5258MBVH/,/rodent-donors/IGVFDO3762EAWT/,/rodent-donors/IGVFDO5177QEWF/,/rodent-donors/IGVFDO3207TERA/,/rodent-donors/IGVFDO0813DZTW/,/rodent-donors/IGVFDO2106EEWB/,/rodent-donors/IGVFDO2301HIUQ/,/rodent-donors/IGVFDO3662UKFW/,/rodent-donors/IGVFDO7951JDSP/,/rodent-donors/IGVFDO1477BPVO/,/rodent-donors/IGVFDO0681EHNP/,/rodent-donors/IGVFDO5502NJPS/,/rodent-donors/IGVFDO5523UFUN/,/rodent-donors/IGVFDO5872DFML/,/rodent-donors/IGVFDO8276XXVT/,/rodent-donors/IGVFDO9560CEGZ/,/rodent-donors/IGVFDO1744FDIX/,/rodent-donors/IGVFDO7255VZBN/,/rodent-donors/IGVFDO1643VEDI/,/rodent-donors/IGVFDO6112GRYR/,/rodent-donors/IGVFDO3640WUBU/,/rodent-donors/IGVFDO4546RHSG/,/rodent-donors/IGVFDO0624KKTV/,/rodent-donors/IGVFDO2292YGGE/,/rodent-donors/IGVFDO0853BCOL/,/rodent-donors/IGVFDO4725SNCJ/,/rodent-donors/IGVFDO4788BIQB/,/rodent-donors/IGVFDO7007WBAX/,/rodent-donors/IGVFDO3436ZMLY/,/rodent-donors/IGVFDO2319OUEC/,/rodent-donors/IGVFDO1452VDIT/,/rodent-donors/IGVFDO6141KSSQ/,/rodent-donors/IGVFDO8152XDDC/,/rodent-donors/IGVFDO2645GUSC/,/rodent-donors/IGVFDO5085MJSP/,/rodent-donors/IGVFDO0751WQHI/,/rodent-donors/IGVFDO2517TXOT/,/rodent-donors/IGVFDO5810HOHC/,/rodent-donors/IGVFDO0430HQIU/,/rodent-donors/IGVFDO6219LVKW/,/rodent-donors/IGVFDO7957DMLJ/,/rodent-donors/IGVFDO6614NNPY/,/rodent-donors/IGVFDO7254QNQZ/,/rodent-donors/IGVFDO9374WXKK/,/rodent-donors/IGVFDO0026YRCR/,/rodent-donors/IGVFDO7062NBTQ/,/rodent-donors/IGVFDO8958JQIY/,/rodent-donors/IGVFDO3534MDFF/,/rodent-donors/IGVFDO8904OIIT/,/rodent-donors/IGVFDO3655FKMR/,/rodent-donors/IGVFDO4469VYEZ/,/rodent-donors/IGVFDO0696DMIA/,/rodent-donors/IGVFDO3603MEIO/,/rodent-donors/IGVFDO6124WGNO/,/rodent-donors/IGVFDO6607QZPA/,/rodent-donors/IGVFDO8698PVAJ/,/rodent-donors/IGVFDO5737FRWD/,/rodent-donors/IGVFDO9890MXGN/,/rodent-donors/IGVFDO7610XXRR/,/rodent-donors/IGVFDO9340WGNV/,/rodent-donors/IGVFDO4707SGWM/,/rodent-donors/IGVFDO9199TPBC/,/rodent-donors/IGVFDO5183UZGS/",/labs/ali-mortazavi/,/awards/HG012077/,/assay-terms/OBI_0003109/,Parse SPLiT-seq,"https://www.protocols.io/view/cdna-exome-capture-v1-0-1-36wgq3b83lk5/v1, https://www.protocols.io/view/evercode-single-index-pcr-5jyl82k9rl2w/v1, https://www.protocols.io/view/evercode-wt-mega-v2-2-1-8epv5xxrng1b/v1, https://www.protocols.io/view/ont-library-prep-for-split-seq-cdna-eq2lyj1xmlx9/v1, https://www.protocols.io/view/protocol-to-isolate-and-fix-nuclei-from-flash-froz-14egn334ml5d/v2, https://www.protocols.io/view/protocol-to-isolate-and-fix-nuclei-from-flash-froz-n2bvj3noplk5/v2",exome capture,single-nucleus RNA sequencing assay (Parse SPLiT-seq),Mus musculus,Exome capture subpool
/measurement-sets/IGVFDS6102WMDF/,IGVFDS6102WMDF,cd733cf1-6340-48ad-a2b4-7312b0e460a0,ali-mortazavi:012_13A_illumina,1,012,NA,NA,/multiplexed-samples/IGVFSM8579RFZL/,"/rodent-donors/IGVFDO7007WBAX/,/rodent-donors/IGVFDO7255VZBN/,/rodent-donors/IGVFDO7824YAWC/,/rodent-donors/IGVFDO5539RLXJ/,/rodent-donors/IGVFDO7254QNQZ/,/rodent-donors/IGVFDO7658MAGX/,/rodent-donors/IGVFDO3534MDFF/,/rodent-donors/IGVFDO0853BCOL/,/rodent-donors/IGVFDO0696DMIA/,/rodent-donors/IGVFDO8958JQIY/,/rodent-donors/IGVFDO3762EAWT/",/labs/ali-mortazavi/,/awards/HG012077/,/assay-terms/OBI_0003109/,Parse SPLiT-seq,"https://www.protocols.io/view/evercode-single-index-pcr-5jyl82k9rl2w/v1, https://www.protocols.io/view/evercode-wt-v2-2-1-eq2lyj9relx9/v1, https://www.protocols.io/view/protocol-to-isolate-and-fix-nuclei-from-flash-froz-81wgbxzdylpk/v2, https://www.protocols.io/view/protocol-to-isolate-and-fix-nuclei-from-flash-froz-dm6gp3zedvzp/v2, https://www.protocols.io/view/protocol-to-isolate-and-fix-nuclei-from-flash-froz-eq2lyj17rlx9/v1, https://www.protocols.io/view/protocol-to-isolate-and-fix-nuclei-from-flash-froz-n2bvj3noplk5/v2, https://www.protocols.io/view/protocol-to-isolate-and-fix-nuclei-from-flash-froz-n92ldm8b8l5b/v2",mRNA enriched,single-nucleus RNA sequencing assay (Parse SPLiT-seq),Mus musculus,Make-up plate
/measurement-sets/IGVFDS5512NECU/,IGVFDS5512NECU,5cf5805c-e176-4cdb-8f11-2256b930d9e5,ali-mortazavi:012_13B_illumina,2,012,NA,NA,/multiplexed-samples/IGVFSM7381DIEN/,"/rodent-donors/IGVFDO7658MAGX/,/rodent-donors/IGVFDO7007WBAX/,/rodent-donors/IGVFDO7255VZBN/,/rodent-donors/IGVFDO8958JQIY/,/rodent-donors/IGVFDO5539RLXJ/,/rodent-donors/IGVFDO3534MDFF/,/rodent-donors/IGVFDO0853BCOL/,/rodent-donors/IGVFDO7824YAWC/,/rodent-donors/IGVFDO0696DMIA/,/rodent-donors/IGVFDO7254QNQZ/,/rodent-donors/IGVFDO3762EAWT/",/labs/ali-mortazavi/,/awards/HG012077/,/assay-terms/OBI_0003109/,Parse SPLiT-seq,"https://www.protocols.io/view/evercode-single-index-pcr-5jyl82k9rl2w/v1, https://www.protocols.io/view/evercode-wt-v2-2-1-eq2lyj9relx9/v1, https://www.protocols.io/view/protocol-to-isolate-and-fix-nuclei-from-flash-froz-81wgbxzdylpk/v2, https://www.protocols.io/view/protocol-to-isolate-and-fix-nuclei-from-flash-froz-dm6gp3zedvzp/v2, https://www.protocols.io/view/protocol-to-isolate-and-fix-nuclei-from-flash-froz-eq2lyj17rlx9/v1, https://www.protocols.io/view/protocol-to-isolate-and-fix-nuclei-from-flash-froz-n2bvj3noplk5/v2, https://www.protocols.io/view/protocol-to-isolate-and-fix-nuclei-from-flash-froz-n92ldm8b8l5b/v2",mRNA enriched,single-nucleus RNA sequencing assay (Parse SPLiT-seq),Mus musculus,Make-up plate
/measurement-sets/IGVFDS7630FUMT/,IGVFDS7630FUMT,71016c7a-5cfd-4f39-87af-ba660d08e71a,ali-mortazavi:012_13C_illumina,3,012,NA,NA,/multiplexed-samples/IGVFSM7382DPJV/,"/rodent-donors/IGVFDO7658MAGX/,/rodent-donors/IGVFDO7007WBAX/,/rodent-donors/IGVFDO7255VZBN/,/rodent-donors/IGVFDO8958JQIY/,/rodent-donors/IGVFDO5539RLXJ/,/rodent-donors/IGVFDO3534MDFF/,/rodent-donors/IGVFDO0853BCOL/,/rodent-donors/IGVFDO7824YAWC/,/rodent-donors/IGVFDO0696DMIA/,/rodent-donors/IGVFDO7254QNQZ/,/rodent-donors/IGVFDO3762EAWT/",/labs/ali-mortazavi/,/awards/HG012077/,/assay-terms/OBI_0003109/,Parse SPLiT-seq,"https://www.protocols.io/view/evercode-single-index-pcr-5jyl82k9rl2w/v1, https://www.protocols.io/view/evercode-wt-v2-2-1-eq2lyj9relx9/v1, https://www.protocols.io/view/protocol-to-isolate-and-fix-nuclei-from-flash-froz-81wgbxzdylpk/v2, https://www.protocols.io/view/protocol-to-isolate-and-fix-nuclei-from-flash-froz-dm6gp3zedvzp/v2, https://www.protocols.io/view/protocol-to-isolate-and-fix-nuclei-from-flash-froz-eq2lyj17rlx9/v1, https://www.protocols.io/view/protocol-to-isolate-and-fix-nuclei-from-flash-froz-n2bvj3noplk5/v2, https://www.protocols.io/view/protocol-to-isolate-and-fix-nuclei-from-flash-froz-n92ldm8b8l5b/v2",mRNA enriched,single-nucleus RNA sequencing assay (Parse SPLiT-seq),Mus musculus,Make-up plate
/measurement-sets/IGVFDS3302FHKC/,IGVFDS3302FHKC,464daf27-d58d-42fa-93f3-686b2f56def5,ali-mortazavi:012_13D_illumina,4,012,NA,NA,/multiplexed-samples/IGVFSM0939WGPD/,"/rodent-donors/IGVFDO7658MAGX/,/rodent-donors/IGVFDO7007WBAX/,/rodent-donors/IGVFDO7255VZBN/,/rodent-donors/IGVFDO8958JQIY/,/rodent-donors/IGVFDO5539RLXJ/,/rodent-donors/IGVFDO3534MDFF/,/rodent-donors/IGVFDO0853BCOL/,/rodent-donors/IGVFDO7824YAWC/,/rodent-donors/IGVFDO0696DMIA/,/rodent-donors/IGVFDO7254QNQZ/,/rodent-donors/IGVFDO3762EAWT/",/labs/ali-mortazavi/,/awards/HG012077/,/assay-terms/OBI_0003109/,Parse SPLiT-seq,"https://www.protocols.io/view/evercode-single-index-pcr-5jyl82k9rl2w/v1, https://www.protocols.io/view/evercode-wt-v2-2-1-eq2lyj9relx9/v1, https://www.protocols.io/view/protocol-to-isolate-and-fix-nuclei-from-flash-froz-81wgbxzdylpk/v2, https://www.protocols.io/view/protocol-to-isolate-and-fix-nuclei-from-flash-froz-dm6gp3zedvzp/v2, https://www.protocols.io/view/protocol-to-isolate-and-fix-nuclei-from-flash-froz-eq2lyj17rlx9/v1, https://www.protocols.io/view/protocol-to-isolate-and-fix-nuclei-from-flash-froz-n2bvj3noplk5/v2, https://www.protocols.io/view/protocol-to-isolate-and-fix-nuclei-from-flash-froz-n92ldm8b8l5b/v2",mRNA enriched,single-nucleus RNA sequencing assay (Parse SPLiT-seq),Mus musculus,Make-up plate
/measurement-sets/IGVFDS9962UVBO/,IGVFDS9962UVBO,b9831131-7df3-4e36-b441-3909042fad2c,ali-mortazavi:012_13E_illumina,5,012,NA,NA,/multiplexed-samples/IGVFSM7405FLWQ/,"/rodent-donors/IGVFDO7658MAGX/,/rodent-donors/IGVFDO7007WBAX/,/rodent-donors/IGVFDO7255VZBN/,/rodent-donors/IGVFDO8958JQIY/,/rodent-donors/IGVFDO5539RLXJ/,/rodent-donors/IGVFDO3534MDFF/,/rodent-donors/IGVFDO0853BCOL/,/rodent-donors/IGVFDO7824YAWC/,/rodent-donors/IGVFDO0696DMIA/,/rodent-donors/IGVFDO7254QNQZ/,/rodent-donors/IGVFDO3762EAWT/",/labs/ali-mortazavi/,/awards/HG012077/,/assay-terms/OBI_0003109/,Parse SPLiT-seq,"https://www.protocols.io/view/evercode-single-index-pcr-5jyl82k9rl2w/v1, https://www.protocols.io/view/evercode-wt-v2-2-1-eq2lyj9relx9/v1, https://www.protocols.io/view/protocol-to-isolate-and-fix-nuclei-from-flash-froz-81wgbxzdylpk/v2, https://www.protocols.io/view/protocol-to-isolate-and-fix-nuclei-from-flash-froz-dm6gp3zedvzp/v2, https://www.protocols.io/view/protocol-to-isolate-and-fix-nuclei-from-flash-froz-eq2lyj17rlx9/v1, https://www.protocols.io/view/protocol-to-isolate-and-fix-nuclei-from-flash-froz-n2bvj3noplk5/v2, https://www.protocols.io/view/protocol-to-isolate-and-fix-nuclei-from-flash-froz-n92ldm8b8l5b/v2",mRNA enriched,single-nucleus RNA sequencing assay (Parse SPLiT-seq),Mus musculus,Make-up plate
/measurement-sets/IGVFDS6345NYTC/,IGVFDS6345NYTC,90df1d67-82d0-41f1-8d24-2c5aa626f2c9,ali-mortazavi:012_13F_illumina,6,012,NA,NA,/multiplexed-samples/IGVFSM4235CNOB/,"/rodent-donors/IGVFDO7658MAGX/,/rodent-donors/IGVFDO7007WBAX/,/rodent-donors/IGVFDO7255VZBN/,/rodent-donors/IGVFDO8958JQIY/,/rodent-donors/IGVFDO5539RLXJ/,/rodent-donors/IGVFDO3534MDFF/,/rodent-donors/IGVFDO0853BCOL/,/rodent-donors/IGVFDO7824YAWC/,/rodent-donors/IGVFDO0696DMIA/,/rodent-donors/IGVFDO7254QNQZ/,/rodent-donors/IGVFDO3762EAWT/",/labs/ali-mortazavi/,/awards/HG012077/,/assay-terms/OBI_0003109/,Parse SPLiT-seq,"https://www.protocols.io/view/evercode-single-index-pcr-5jyl82k9rl2w/v1, https://www.protocols.io/view/evercode-wt-v2-2-1-eq2lyj9relx9/v1, https://www.protocols.io/view/protocol-to-isolate-and-fix-nuclei-from-flash-froz-81wgbxzdylpk/v2, https://www.protocols.io/view/protocol-to-isolate-and-fix-nuclei-from-flash-froz-dm6gp3zedvzp/v2, https://www.protocols.io/view/protocol-to-isolate-and-fix-nuclei-from-flash-froz-eq2lyj17rlx9/v1, https://www.protocols.io/view/protocol-to-isolate-and-fix-nuclei-from-flash-froz-n2bvj3noplk5/v2, https://www.protocols.io/view/protocol-to-isolate-and-fix-nuclei-from-flash-froz-n92ldm8b8l5b/v2",mRNA enriched,single-nucleus RNA sequencing assay (Parse SPLiT-seq),Mus musculus,Make-up plate
/measurement-sets/IGVFDS5939OGHF/,IGVFDS5939OGHF,43529509-6b95-4fe5-9b6a-2adcbfb3fa17,ali-mortazavi:012_13G_illumina,7,012,NA,NA,/multiplexed-samples/IGVFSM7258KMGW/,"/rodent-donors/IGVFDO7658MAGX/,/rodent-donors/IGVFDO7007WBAX/,/rodent-donors/IGVFDO7255VZBN/,/rodent-donors/IGVFDO8958JQIY/,/rodent-donors/IGVFDO5539RLXJ/,/rodent-donors/IGVFDO3534MDFF/,/rodent-donors/IGVFDO0853BCOL/,/rodent-donors/IGVFDO7824YAWC/,/rodent-donors/IGVFDO0696DMIA/,/rodent-donors/IGVFDO7254QNQZ/,/rodent-donors/IGVFDO3762EAWT/",/labs/ali-mortazavi/,/awards/HG012077/,/assay-terms/OBI_0003109/,Parse SPLiT-seq,"https://www.protocols.io/view/evercode-single-index-pcr-5jyl82k9rl2w/v1, https://www.protocols.io/view/evercode-wt-v2-2-1-eq2lyj9relx9/v1, https://www.protocols.io/view/protocol-to-isolate-and-fix-nuclei-from-flash-froz-81wgbxzdylpk/v2, https://www.protocols.io/view/protocol-to-isolate-and-fix-nuclei-from-flash-froz-dm6gp3zedvzp/v2, https://www.protocols.io/view/protocol-to-isolate-and-fix-nuclei-from-flash-froz-eq2lyj17rlx9/v1, https://www.protocols.io/view/protocol-to-isolate-and-fix-nuclei-from-flash-froz-n2bvj3noplk5/v2, https://www.protocols.io/view/protocol-to-isolate-and-fix-nuclei-from-flash-froz-n92ldm8b8l5b/v2",mRNA enriched,single-nucleus RNA sequencing assay (Parse SPLiT-seq),Mus musculus,Make-up plate
/measurement-sets/IGVFDS1381GERK/,IGVFDS1381GERK,fd388975-947a-4fff-915b-d3c2d138fd04,ali-mortazavi:012_13H_illumina,8,012,NA,NA,/multiplexed-samples/IGVFSM7128PWFB/,"/rodent-donors/IGVFDO7007WBAX/,/rodent-donors/IGVFDO7255VZBN/,/rodent-donors/IGVFDO7824YAWC/,/rodent-donors/IGVFDO5539RLXJ/,/rodent-donors/IGVFDO7254QNQZ/,/rodent-donors/IGVFDO7658MAGX/,/rodent-donors/IGVFDO3534MDFF/,/rodent-donors/IGVFDO0853BCOL/,/rodent-donors/IGVFDO0696DMIA/,/rodent-donors/IGVFDO8958JQIY/,/rodent-donors/IGVFDO3762EAWT/",/labs/ali-mortazavi/,/awards/HG012077/,/assay-terms/OBI_0003109/,Parse SPLiT-seq,"https://www.protocols.io/view/evercode-single-index-pcr-5jyl82k9rl2w/v1, https://www.protocols.io/view/evercode-wt-v2-2-1-eq2lyj9relx9/v1, https://www.protocols.io/view/protocol-to-isolate-and-fix-nuclei-from-flash-froz-81wgbxzdylpk/v2, https://www.protocols.io/view/protocol-to-isolate-and-fix-nuclei-from-flash-froz-dm6gp3zedvzp/v2, https://www.protocols.io/view/protocol-to-isolate-and-fix-nuclei-from-flash-froz-eq2lyj17rlx9/v1, https://www.protocols.io/view/protocol-to-isolate-and-fix-nuclei-from-flash-froz-n2bvj3noplk5/v2, https://www.protocols.io/view/protocol-to-isolate-and-fix-nuclei-from-flash-froz-n92ldm8b8l5b/v2",mRNA enriched,single-nucleus RNA sequencing assay (Parse SPLiT-seq),Mus musculus,Make-up plate